player_id,name,team,opp,pos,group,pos_rank,kickoff_ch,game_id,team_spread,implied,mu_base,prior,n_games,env,matchup,mu_fp,lam_int,lam_fr,p_play,status,injury,fp_last3,xfp_last3,snap_last,snap_avg,role_alarm,luck_gap,qb_change,note,sleeper_ppr,boost,boost_src,er,p_int,p10,p90,p_low,risk,flags,calib_n
00-0026158,Joe Flacco,CIN,JAX,QB,QB,2.000,2026-10-04 19:00:00+02:00,2026_04_JAX_CIN,2.500,27.000,7.321,7.321,0,1.079,0.928,7.332,0.000,0.000,0.990,,,,,,,False,,False,,,0.000,0 (noch kein Saisonspiel),0.487,0.000,0.000,1.585,0.661,hoch,keine Spiele 2026,6
00-0026190,Calais Campbell,BAL,TEN,DL,DL,1.000,2026-10-04 19:00:00+02:00,2026_04_TEN_BAL,11.500,27.000,2.246,4.074,3,1.000,0.995,2.226,0.003,0.020,0.990,,,0.000,,0.430,0.565,False,,False,,,0.600,fehlt (0.6 angenommen),0.388,0.003,0.000,0.980,0.728,hoch,,68
00-0026498,Matthew Stafford,LA,PHI,QB,QB,1.000,2026-10-04 19:00:00+02:00,2026_04_LA_PHI,3.500,23.000,18.030,20.690,3,0.963,1.012,17.562,0.000,0.000,0.990,,,17.327,18.690,1.000,0.920,False,-1.363,False,,,0.300,Pool,2.503,0.000,0.000,5.290,0.179,tief,,6
00-0027940,Von Miller,DAL,HOU,LB,LB,2.000,2026-10-04 19:00:00+02:00,2026_04_DAL_HOU,-3.000,22.750,2.017,3.324,3,1.000,0.928,1.814,0.016,0.029,0.990,,,0.333,0.000,0.250,0.230,False,,False,,,0.600,fehlt (0.6 angenommen),0.359,0.016,0.000,0.773,0.775,hoch,,68
00-0027973,Andy Dalton,PHI,LA,QB,QB,3.000,2026-10-04 19:00:00+02:00,2026_04_LA_PHI,-3.500,19.500,2.279,3.000,1,0.888,0.973,1.968,0.000,0.000,0.990,,,-2.000,2.230,0.080,,False,,False,,,0.600,fehlt (0.6 angenommen),0.022,0.000,0.000,0.000,0.985,hoch,,6
00-0028118,Tyrod Taylor,GB,TB,QB,QB,2.000,2026-10-04 19:00:00+02:00,2026_04_GB_TB,3.000,20.750,11.304,6.456,0,0.927,1.038,10.879,0.000,0.000,0.990,,,,,,,False,,False,,,0.000,0 (noch kein Saisonspiel),1.124,0.000,0.000,2.867,0.416,hoch,keine Spiele 2026,6
00-0028872,Johnny Hekker,MIN,MIA,P,P,2.000,2026-10-04 22:05:00+02:00,2026_04_MIA_MIN,10.000,24.250,17.813,12.893,1,0.946,0.955,16.096,0.000,0.000,0.990,,,37.200,,,,False,,False,,,0.600,fehlt (0.6 angenommen),1.165,0.000,0.422,2.017,0.136,tief,,4
00-0028986,Case Keenum,CHI,NYJ,QB,QB,3.000,2026-10-04 19:00:00+02:00,2026_04_NYJ_CHI,3.500,23.500,11.758,2.000,1,1.002,1.051,12.385,0.000,0.000,0.990,,,24.480,22.430,1.000,,False,,True,,,0.600,fehlt (0.6 angenommen),1.408,0.000,0.000,3.384,0.348,mittel,QB-Wechsel,6
00-0029604,Kirk Cousins,LV,KC,QB,QB,1.000,2026-10-04 22:25:00+02:00,2026_04_KC_LV,-4.500,21.500,15.279,10.924,3,1.041,0.889,14.144,0.000,0.000,0.990,,,18.747,17.427,1.000,1.000,False,1.320,False,,,0.400,Pool,1.764,0.000,0.000,4.000,0.270,mittel,,6
00-0029606,Harrison Smith,MIN,MIA,DB,DB,1.000,2026-10-04 22:05:00+02:00,2026_04_MIA_MIN,10.000,24.250,4.915,7.033,3,1.000,1.034,5.236,0.113,0.031,0.990,,,2.500,,0.450,0.385,False,,False,,,0.600,fehlt (0.6 angenommen),0.909,0.107,0.041,2.227,0.401,hoch,,68
00-0029607,Demario Davis,NYJ,CHI,LB,LB,1.000,2026-10-04 19:00:00+02:00,2026_04_NYJ_CHI,-3.500,20.000,6.697,5.985,3,1.000,1.028,6.885,0.022,0.039,0.990,,,8.000,,1.000,1.000,False,,False,Gegner ohne QB1 (INT-Rate ×1.3),,0.600,fehlt (0.6 angenommen),1.266,0.022,0.127,2.769,0.274,mittel,Gegner ohne QB1 (INT-Rate ×1.3),68
00-0029692,Bryan Anger,DAL,HOU,P,P,1.000,2026-10-04 19:00:00+02:00,2026_04_DAL_HOU,-3.000,22.750,15.159,11.729,3,1.096,1.086,18.044,0.000,0.000,0.990,,,8.100,,,,False,,False,,,0.600,fehlt (0.6 angenommen),1.396,0.000,0.506,2.413,0.099,tief,,4
00-0029892,Kyle Juszczyk,SF,DEN,RB,RB,1.000,2026-10-04 22:25:00+02:00,2026_04_DEN_SF,3.000,25.750,2.311,1.945,3,0.992,0.995,2.280,0.000,0.000,0.990,,,2.900,2.437,0.560,0.475,False,0.463,False,,,0.600,fehlt (0.6 angenommen),0.794,0.000,0.000,1.603,0.354,mittel,,12
00-0030061,Zach Ertz,PHI,LA,TE,TE,2.000,2026-10-04 19:00:00+02:00,2026_04_LA_PHI,-3.500,19.500,2.911,3.547,1,0.901,0.901,2.365,0.000,0.000,0.990,,,0.900,1.110,0.380,,False,,False,,,0.600,fehlt (0.6 angenommen),0.623,0.000,0.000,1.307,0.470,hoch,,7
00-0030070,John Jenkins,BAL,TEN,DL,DL,2.000,2026-10-04 19:00:00+02:00,2026_04_TEN_BAL,11.500,27.000,1.542,2.529,3,1.000,0.995,1.525,0.003,0.030,0.990,,,0.333,0.000,0.160,0.275,False,,False,,,0.600,fehlt (0.6 angenommen),0.294,0.003,0.000,0.700,0.818,hoch,,68
00-0030092,Sam Martin,CAR,DET,P,P,1.000,2026-10-05 02:20:00+02:00,2026_04_DET_CAR,-3.500,24.000,16.830,15.541,3,0.955,1.001,16.100,0.000,0.000,0.990,,,15.967,,,,False,,False,,,0.600,fehlt (0.6 angenommen),1.230,0.000,0.453,2.160,0.118,tief,,4
00-0030140,Tress Way,WAS,IND,P,P,1.000,2026-10-04 15:30:00+02:00,2026_04_IND_WAS,-4.500,21.000,17.924,15.594,3,0.954,0.929,15.898,0.000,0.000,0.990,,,23.600,,,,False,,False,,,0.600,fehlt (0.6 angenommen),1.213,0.000,0.459,2.098,0.116,tief,,4
00-0030279,Keenan Allen,IND,WAS,WR,WR,2.000,2026-10-04 15:30:00+02:00,2026_04_IND_WAS,4.500,25.500,6.440,6.544,3,1.104,1.150,8.180,0.000,0.000,0.750,Questionable,Not injury related - resting player,5.333,6.193,0.730,0.590,False,-0.860,False,,,0.600,fehlt (0.6 angenommen),1.631,0.000,0.000,3.868,0.326,mittel,Questionable (Not injury related - resting player),25
00-0030294,Tony Jefferson,LAC,SEA,DB,DB,2.000,2026-10-04 22:25:00+02:00,2026_04_LAC_SEA,-7.000,17.750,6.465,6.000,3,1.000,0.981,6.415,0.156,0.042,0.990,,,7.000,,0.560,0.640,False,,False,,,0.600,fehlt (0.6 angenommen),1.151,0.145,0.089,2.681,0.325,mittel,,68
00-0030506,Travis Kelce,KC,LV,TE,TE,1.000,2026-10-04 22:25:00+02:00,2026_04_KC_LV,4.500,26.000,7.568,6.479,3,1.010,1.065,8.139,0.000,0.000,0.990,,,11.700,5.870,0.790,0.780,True,5.830,False,,,0.500,Pool,1.785,0.000,0.227,3.778,0.179,tief,Rolle↓,7
00-0030565,Geno Smith,NYJ,CHI,QB,QB,1.000,2026-10-04 19:00:00+02:00,2026_04_NYJ_CHI,-3.500,20.000,15.263,12.317,3,0.993,1.038,15.732,0.000,0.000,0.990,,,16.973,14.967,1.000,1.000,False,2.007,False,,,0.200,Pool,2.117,0.000,0.000,4.632,0.231,mittel,,6
00-0031040,Khalil Mack,LAC,SEA,LB,LB,1.000,2026-10-04 22:25:00+02:00,2026_04_LAC_SEA,-7.000,17.750,6.137,5.312,3,1.000,1.121,6.890,0.026,0.031,0.990,,,6.000,,0.740,0.675,False,,False,,,0.600,fehlt (0.6 angenommen),1.256,0.025,0.122,2.738,0.275,mittel,,68
00-0031054,DaQuan Jones,NE,BUF,DL,DL,2.000,2026-10-04 19:00:00+02:00,2026_04_NE_BUF,-7.000,21.250,2.641,3.625,2,1.000,0.926,2.428,0.028,0.022,0.990,,,1.000,,0.370,0.140,False,,False,,,0.600,fehlt (0.6 angenommen),0.458,0.028,0.000,1.191,0.703,hoch,,68
00-0031203,Cairo Santos,CHI,NYJ,K,K,1.000,2026-10-04 19:00:00+02:00,2026_04_NYJ_CHI,3.500,23.500,8.304,8.533,3,1.002,1.050,8.035,0.000,0.000,0.990,,,9.000,,0.000,0.000,False,,False,QB1 Caleb Williams fehlt (×0.92),,0.400,Pool,2.869,0.000,0.033,6.136,0.162,tief,QB1 Caleb Williams fehlt (×0.92),7
00-0031236,Brandin Cooks,SF,DEN,WR,WR,3.000,2026-10-04 22:25:00+02:00,2026_04_DEN_SF,3.000,25.750,2.112,2.112,0,0.992,0.912,1.911,0.000,0.000,0.990,,,,,,,False,,False,,,0.000,0 (noch kein Saisonspiel),0.656,0.000,0.028,1.295,0.416,hoch,keine Spiele 2026,25
00-0031270,Shelby Harris,NYG,ARI,DL,DL,1.000,2026-10-04 19:00:00+02:00,2026_04_ARI_NYG,-2.500,20.500,1.623,2.676,3,1.000,1.050,1.699,0.004,0.020,0.990,,,0.333,0.000,0.430,0.460,False,,False,,,0.600,fehlt (0.6 angenommen),0.340,0.004,0.000,0.821,0.766,hoch,,68
00-0031360,Kyle Van Noy,MIN,MIA,LB,LB,2.000,2026-10-04 22:05:00+02:00,2026_04_MIA_MIN,10.000,24.250,5.219,3.267,3,1.000,0.935,4.948,0.052,0.030,0.990,,,6.583,,0.250,0.305,False,,False,,,0.600,fehlt (0.6 angenommen),0.880,0.051,0.018,2.127,0.414,hoch,,68
00-0031364,Jadeveon Clowney,HOU,DAL,DL,DL,2.000,2026-10-04 19:00:00+02:00,2026_04_DAL_HOU,3.000,25.750,5.441,5.088,1,1.000,0.870,4.727,0.005,0.043,0.750,Questionable,Knee,6.500,,0.340,,False,,False,,,0.600,fehlt (0.6 angenommen),0.673,0.005,0.000,1.982,0.599,hoch,Questionable (Knee),68
00-0031381,Davante Adams,LA,PHI,WR,WR,2.000,2026-10-04 19:00:00+02:00,2026_04_LA_PHI,3.500,23.000,10.701,7.565,3,0.967,0.979,10.131,0.000,0.000,0.990,,,15.933,11.820,0.830,0.595,False,4.113,False,,,0.000,Pool,2.698,0.000,0.573,5.400,0.086,tief,,25
00-0031388,Aaron Donald,LA,PHI,DL,DL,1.000,2026-10-04 19:00:00+02:00,2026_04_LA_PHI,3.500,23.000,2.763,3.354,2,1.000,0.949,2.625,0.007,0.025,0.000,Out,Back,2.000,,0.520,0.570,False,,False,,,0.600,fehlt (0.6 angenommen),0.000,0.007,0.000,0.000,1.000,hoch,Out (Back),68
00-0031408,Mike Evans,SF,DEN,WR,WR,1.000,2026-10-04 22:25:00+02:00,2026_04_DEN_SF,3.000,25.750,8.157,8.452,3,0.992,0.912,7.379,0.000,0.000,0.750,Questionable,Ribs,8.567,7.143,0.330,0.645,True,1.423,False,,,0.600,fehlt (0.6 angenommen),1.544,0.000,0.000,3.687,0.321,mittel,Questionable (Ribs); Rolle↓,25
00-0031411,DeMarcus Lawrence,SEA,LAC,LB,LB,1.000,2026-10-04 22:25:00+02:00,2026_04_LAC_SEA,7.000,24.750,5.855,6.844,3,1.000,1.035,6.109,0.027,0.059,0.990,,,2.500,,0.650,0.595,False,,False,,,0.600,fehlt (0.6 angenommen),1.116,0.027,0.083,2.519,0.318,mittel,,68
00-0031484,Chris Manhertz,NYG,ARI,TE,TE,,2026-10-04 19:00:00+02:00,2026_04_ARI_NYG,-2.500,20.500,0.073,0.133,3,0.989,1.150,0.084,0.000,0.000,0.990,,,0.000,0.000,0.440,0.330,False,0.000,False,,,0.600,fehlt (0.6 angenommen),0.237,0.000,0.000,0.627,0.823,hoch,,7
00-0031492,Jason Myers,SEA,LAC,K,K,1.000,2026-10-04 22:25:00+02:00,2026_04_LAC_SEA,7.000,24.750,8.539,11.529,3,1.025,1.034,9.052,0.000,0.000,0.990,,,7.667,,0.000,0.000,False,,False,,,0.600,fehlt (0.6 angenommen),3.336,0.000,0.183,6.923,0.139,tief,,7
00-0031503,Jameis Winston,NYG,ARI,QB,QB,1.000,2026-10-04 19:00:00+02:00,2026_04_ARI_NYG,-2.500,20.500,13.694,13.860,2,0.988,1.073,14.517,0.000,0.000,0.990,,,4.330,9.400,1.000,0.880,True,-5.070,False,,,0.600,fehlt (0.6 angenommen),1.892,0.000,0.000,4.200,0.257,mittel,Rolle↓; Pech -5.1 FP vs xFP,6
00-0031565,Danielle Hunter,HOU,DAL,DL,DL,1.000,2026-10-04 19:00:00+02:00,2026_04_DAL_HOU,3.000,25.750,7.389,7.882,3,1.000,0.870,6.422,0.004,0.030,0.990,,,6.417,,0.790,0.805,False,,False,,,0.600,fehlt (0.6 angenommen),1.195,0.004,0.000,2.970,0.399,mittel,,68
00-0031583,Grady Jarrett,CHI,NYJ,DL,DL,1.000,2026-10-04 19:00:00+02:00,2026_04_NYJ_CHI,3.500,23.500,1.260,2.018,3,1.000,0.938,1.175,0.004,0.021,0.990,,,0.333,,0.800,0.680,False,,False,,,0.600,fehlt (0.6 angenommen),0.238,0.004,0.000,0.578,0.863,hoch,,68
00-0031588,Stefon Diggs,WAS,IND,WR,WR,2.000,2026-10-04 15:30:00+02:00,2026_04_IND_WAS,-4.500,21.000,7.502,6.750,3,1.037,1.085,7.173,0.000,0.000,0.990,,,10.500,7.317,0.590,0.570,True,3.183,True,QB1 Jayden Daniels fehlt (×0.85),,0.600,fehlt (0.6 angenommen),1.920,0.000,0.417,3.834,0.125,tief,Rolle↓; QB-Wechsel; QB1 Jayden Daniels fehlt (×0.85),25
00-0031610,Darren Waller,CAR,DET,TE,TE,2.000,2026-10-05 02:20:00+02:00,2026_04_DET_CAR,-3.500,24.000,4.973,3.762,3,1.036,1.150,5.926,0.000,0.000,0.990,,,7.733,4.770,0.510,0.395,False,2.963,False,,,0.600,fehlt (0.6 angenommen),1.352,0.000,0.168,2.831,0.227,mittel,,7
00-0031898,Alex Singleton,DEN,SF,LB,LB,1.000,2026-10-04 22:25:00+02:00,2026_04_DEN_SF,-3.000,22.750,5.942,4.719,3,1.000,0.945,5.620,0.023,0.030,0.990,,,5.833,,1.000,0.995,False,,False,,,0.600,fehlt (0.6 angenommen),1.031,0.022,0.070,2.359,0.340,mittel,,68
00-0031933,Leonard Williams,SEA,LAC,DL,DL,1.000,2026-10-04 22:25:00+02:00,2026_04_LAC_SEA,7.000,24.750,7.000,4.647,3,1.000,1.053,7.383,0.005,0.020,0.990,,,9.833,,0.810,0.695,False,,False,,,0.600,fehlt (0.6 angenommen),1.384,0.005,0.000,3.403,0.355,mittel,,68
00-0031957,Rakeem Nunez-Roches,TB,GB,DL,DL,3.000,2026-10-04 19:00:00+02:00,2026_04_GB_TB,-3.000,17.750,1.125,1.800,2,1.000,0.850,0.949,0.005,0.022,0.750,Questionable,Ankle,0.000,,0.360,0.250,False,,False,,,0.600,fehlt (0.6 angenommen),0.156,0.005,0.000,0.430,0.928,hoch,Questionable (Ankle),68
00-0032052,Dante Fowler Jr.,SEA,LAC,LB,LB,2.000,2026-10-04 22:25:00+02:00,2026_04_LAC_SEA,7.000,24.750,1.200,2.176,3,1.000,1.035,1.251,0.005,0.020,0.990,,,0.000,0.000,0.170,0.225,False,,False,,,0.600,fehlt (0.6 angenommen),0.255,0.005,0.000,0.571,0.861,hoch,,68
00-0032065,Bradley Pinion,MIA,MIN,P,P,1.000,2026-10-04 22:05:00+02:00,2026_04_MIA_MIN,-10.000,14.250,16.715,18.056,3,1.153,1.149,22.132,0.000,0.000,0.990,,,12.767,,,,False,,False,,,0.600,fehlt (0.6 angenommen),1.635,0.000,0.602,2.852,0.072,tief,,4
00-0032104,Ameer Abdullah,JAX,CIN,RB,RB,1.000,2026-10-04 19:00:00+02:00,2026_04_JAX_CIN,-2.500,24.500,1.816,1.680,3,1.020,1.057,1.958,0.000,0.000,0.990,,,1.567,2.620,0.110,0.095,False,-1.053,False,,,0.600,fehlt (0.6 angenommen),0.725,0.000,0.000,1.522,0.397,mittel,,12
00-0032146,Bud Dupree,LAC,SEA,LB,LB,2.000,2026-10-04 22:25:00+02:00,2026_04_LAC_SEA,-7.000,17.750,1.004,1.607,3,1.000,1.121,1.137,0.024,0.030,0.990,,,0.333,,0.240,0.305,False,,False,,,0.600,fehlt (0.6 angenommen),0.229,0.024,0.000,0.476,0.909,hoch,,68
00-0032164,Arik Armstead,JAX,CIN,DL,DL,1.000,2026-10-04 19:00:00+02:00,2026_04_JAX_CIN,-2.500,24.500,2.604,3.109,3,1.000,1.014,2.643,0.005,0.020,0.990,,,2.000,,0.570,0.625,False,,False,,,0.600,fehlt (0.6 angenommen),0.510,0.005,0.000,1.288,0.637,hoch,,68
00-0032268,Marcus Mariota,WAS,IND,QB,QB,2.000,2026-10-04 15:30:00+02:00,2026_04_IND_WAS,-4.500,21.000,13.000,7.607,2,1.042,1.071,14.510,0.000,0.000,0.990,,,14.580,10.760,1.000,0.450,False,3.820,True,startet vermutlich für Jayden Daniels,,0.600,fehlt (0.6 angenommen),1.832,0.000,0.000,4.128,0.260,mittel,QB-Wechsel; startet vermutlich für Jayden Daniels,6
00-0032378,DeForest Buckner,IND,WAS,DL,DL,1.000,2026-10-04 15:30:00+02:00,2026_04_IND_WAS,4.500,25.500,7.950,6.700,3,1.000,0.880,6.997,0.005,0.042,0.990,,,9.667,,0.890,0.775,False,,False,Gegner ohne QB1 (INT-Rate ×1.3),,0.600,fehlt (0.6 angenommen),1.330,0.005,0.000,3.243,0.362,mittel,Gegner ohne QB1 (INT-Rate ×1.3),68
00-0032385,Sterling Shepard,NYJ,CHI,WR,WR,6.000,2026-10-04 19:00:00+02:00,2026_04_NYJ_CHI,-3.500,20.000,2.254,2.342,1,0.993,1.056,2.365,0.000,0.000,0.990,,,2.300,1.680,0.450,,False,,False,,,0.600,fehlt (0.6 angenommen),0.773,0.000,0.055,1.546,0.369,mittel,,25
00-0032387,Jarran Reed,SEA,LAC,DL,DL,1.000,2026-10-04 22:25:00+02:00,2026_04_LAC_SEA,7.000,24.750,2.187,2.019,3,1.000,1.053,2.314,0.006,0.021,0.990,,,2.500,,0.510,0.460,False,,False,,,0.600,fehlt (0.6 angenommen),0.419,0.006,0.000,1.049,0.699,hoch,,68
00-0032398,Chris Moore,BAL,TEN,WR,WR,4.000,2026-10-04 19:00:00+02:00,2026_04_TEN_BAL,11.500,27.000,2.870,1.800,3,1.000,1.060,3.041,0.000,0.000,0.750,Questionable,Ankle,4.100,4.210,0.520,0.460,True,-0.110,False,,,0.600,fehlt (0.6 angenommen),0.661,0.000,0.000,1.612,0.477,hoch,Questionable (Ankle); Rolle↓,25
00-0032399,Miles Killebrew,TB,GB,DB,DB,2.000,2026-10-04 19:00:00+02:00,2026_04_GB_TB,-3.000,17.750,0.812,0.750,1,1.000,0.984,0.690,0.069,0.025,0.990,,,1.000,,0.000,,False,,False,,,0.600,fehlt (0.6 angenommen),0.254,0.067,0.000,0.531,0.895,hoch,,68
00-0032415,Matthew Judon,SF,DEN,LB,LB,3.000,2026-10-04 22:25:00+02:00,2026_04_DEN_SF,3.000,25.750,4.273,1.038,0,1.000,0.850,3.648,0.029,0.033,0.990,,,,,,,False,,False,,,0.000,0 (noch kein Saisonspiel),0.670,0.029,0.000,1.577,0.515,hoch,keine Spiele 2026,68
00-0032424,DJ Reader,NYG,ARI,DL,DL,1.000,2026-10-04 19:00:00+02:00,2026_04_ARI_NYG,-2.500,20.500,1.099,0.647,3,1.000,1.050,1.149,0.004,0.020,0.990,,,1.667,,0.500,0.500,False,,False,,,0.600,fehlt (0.6 angenommen),0.240,0.004,0.000,0.585,0.861,hoch,,68
00-0032464,Kalif Raymond,CHI,NYJ,WR,WR,1.000,2026-10-04 19:00:00+02:00,2026_04_NYJ_CHI,3.500,23.500,4.854,2.358,3,1.002,0.975,4.030,0.000,0.000,0.990,,,9.133,6.240,0.750,0.610,False,2.893,True,QB1 Caleb Williams fehlt (×0.85),,0.600,fehlt (0.6 angenommen),1.163,0.000,0.199,2.304,0.229,mittel,QB-Wechsel; QB1 Caleb Williams fehlt (×0.85),25
00-0032569,Wil Lutz,DEN,SF,K,K,1.000,2026-10-04 22:25:00+02:00,2026_04_DEN_SF,-3.000,22.750,7.811,7.706,3,1.012,0.881,6.959,0.000,0.000,0.990,,,4.667,,0.000,0.000,False,,False,,,0.600,fehlt (0.6 angenommen),2.330,0.000,0.000,5.127,0.216,mittel,,7
00-0032580,Jonathan Jones,PHI,LA,DB,DB,2.000,2026-10-04 19:00:00+02:00,2026_04_LA_PHI,-3.500,19.500,5.725,4.364,0,1.000,1.065,6.142,0.073,0.023,0.990,,,,,,,False,,False,,,0.000,0 (noch kein Saisonspiel),1.114,0.070,0.128,2.477,0.299,mittel,keine Spiele 2026,68
00-0032726,Ka'imi Fairbairn,HOU,DAL,K,K,1.000,2026-10-04 19:00:00+02:00,2026_04_DAL_HOU,3.000,25.750,8.542,12.733,3,1.063,1.053,9.565,0.000,0.000,0.990,,,6.667,,0.000,0.000,False,,False,,,1.500,Pool,3.683,0.000,0.270,7.624,0.123,tief,,7
00-0032759,Sheldon Rankins,HOU,DAL,DL,DL,1.000,2026-10-04 19:00:00+02:00,2026_04_DAL_HOU,3.000,25.750,4.762,2.735,3,1.000,0.870,4.137,0.004,0.030,0.990,,,6.833,,0.620,0.720,False,,False,,,0.600,fehlt (0.6 angenommen),0.776,0.004,0.000,2.004,0.511,hoch,,68
00-0032762,Chris Jones,KC,LV,DL,DL,1.000,2026-10-04 22:25:00+02:00,2026_04_KC_LV,4.500,26.000,4.580,4.206,3,1.000,1.087,4.991,0.005,0.040,0.990,,,5.500,,0.730,0.595,False,,False,,,0.600,fehlt (0.6 angenommen),0.903,0.005,0.000,2.336,0.475,hoch,,68
00-0032764,Derrick Henry,BAL,TEN,RB,RB,1.000,2026-10-04 19:00:00+02:00,2026_04_TEN_BAL,11.500,27.000,17.529,14.730,3,1.000,1.006,17.626,0.000,0.000,0.990,,,23.300,19.203,0.670,0.535,False,4.097,False,,,0.000,Pool,4.124,0.000,1.005,8.050,0.044,tief,,12
00-0032803,Jalen Mills,DET,CAR,DB,DB,2.000,2026-10-05 02:20:00+02:00,2026_04_DET_CAR,3.500,27.500,4.829,1.375,0,1.000,0.986,4.758,0.085,0.025,0.990,,,,,,,False,,False,,,0.000,0 (noch kein Saisonspiel),0.878,0.082,0.037,2.163,0.414,hoch,keine Spiele 2026,68
00-0032889,A'Shawn Robinson,TB,GB,DL,DL,1.000,2026-10-04 19:00:00+02:00,2026_04_GB_TB,-3.000,17.750,5.497,3.162,3,1.000,0.850,4.608,0.040,0.030,0.990,,,7.667,,0.510,0.515,False,,False,,,0.600,fehlt (0.6 angenommen),0.847,0.040,0.000,2.211,0.494,hoch,,68
00-0032943,Riley Dixon,TB,GB,P,P,1.000,2026-10-04 19:00:00+02:00,2026_04_GB_TB,-3.000,17.750,18.820,16.559,2,1.198,0.999,22.525,0.000,0.000,0.990,,,30.600,,,,False,,False,,,0.600,fehlt (0.6 angenommen),1.710,0.000,0.641,2.972,0.062,tief,,4
00-0032950,Carson Wentz,MIN,MIA,QB,QB,2.000,2026-10-04 22:05:00+02:00,2026_04_MIA_MIN,10.000,24.250,13.011,9.272,2,1.050,1.066,14.568,0.000,0.000,0.990,,,12.770,9.795,1.000,0.830,False,2.975,True,,,0.600,fehlt (0.6 angenommen),1.803,0.000,0.000,4.082,0.268,mittel,QB-Wechsel,6
00-0032951,Laquon Treadwell,IND,WAS,WR,WR,4.000,2026-10-04 15:30:00+02:00,2026_04_IND_WAS,4.500,25.500,1.082,0.000,3,1.104,1.150,1.374,0.000,0.000,0.990,,,2.700,1.967,0.790,0.545,False,0.733,False,,,0.600,fehlt (0.6 angenommen),0.515,0.000,0.000,1.072,0.528,hoch,,25
00-0033038,Eric Murray,JAX,CIN,DB,DB,1.000,2026-10-04 19:00:00+02:00,2026_04_JAX_CIN,-2.500,24.500,5.553,5.458,3,1.000,1.065,5.946,0.084,0.022,0.990,,,1.667,,0.840,0.810,False,,False,,,0.600,fehlt (0.6 angenommen),1.100,0.081,0.104,2.465,0.312,mittel,,68
00-0033046,Jihad Ward,NYG,ARI,LB,LB,2.000,2026-10-04 19:00:00+02:00,2026_04_ARI_NYG,-2.500,20.500,4.999,2.853,0,1.000,1.018,5.059,0.022,0.031,0.990,,,,,,,False,,False,,,0.000,0 (noch kein Saisonspiel),0.948,0.022,0.034,2.196,0.371,mittel,keine Spiele 2026,68
00-0033066,Andrew Billings,ARI,NYG,DL,DL,2.000,2026-10-04 19:00:00+02:00,2026_04_ARI_NYG,2.500,23.000,2.147,2.147,0,1.000,1.054,2.257,0.004,0.021,0.990,,,,,,,False,,False,,,0.000,0 (noch kein Saisonspiel),0.429,0.004,0.000,1.074,0.692,hoch,keine Spiele 2026,68
00-0033077,Dak Prescott,DAL,HOU,QB,QB,1.000,2026-10-04 19:00:00+02:00,2026_04_DAL_HOU,-3.000,22.750,18.390,19.697,3,0.922,0.969,16.421,0.000,0.000,0.990,,,21.033,21.493,1.000,1.000,False,-0.460,False,,,0.200,Pool,2.304,0.000,0.000,4.934,0.201,mittel,,6
00-0033090,Hunter Henry,NE,BUF,TE,TE,1.000,2026-10-04 19:00:00+02:00,2026_04_NE_BUF,-7.000,21.250,4.987,6.755,3,0.986,0.850,4.179,0.000,0.000,0.990,,,2.367,3.497,0.700,0.835,True,-1.130,False,,,0.600,fehlt (0.6 angenommen),0.967,0.000,0.061,2.008,0.317,mittel,Rolle↓,7
00-0033106,Jared Goff,DET,CAR,QB,QB,1.000,2026-10-05 02:20:00+02:00,2026_04_DET_CAR,3.500,27.500,17.503,16.868,3,1.011,0.978,17.314,0.000,0.000,0.990,,,21.860,20.797,1.000,1.000,False,1.063,False,,,0.100,Pool,2.482,0.000,0.000,5.274,0.198,tief,,6
00-0033109,Javon Hargrave,GB,TB,DL,DL,1.000,2026-10-04 19:00:00+02:00,2026_04_GB_TB,3.000,20.750,2.878,3.172,2,1.000,1.068,3.090,0.006,0.031,0.990,,,2.250,,0.460,0.460,False,,False,Gegner ohne QB1 (INT-Rate ×1.3),,0.600,fehlt (0.6 angenommen),0.594,0.006,0.000,1.533,0.595,hoch,Gegner ohne QB1 (INT-Rate ×1.3),68
00-0033110,Tyler Higbee,LA,PHI,TE,TE,3.000,2026-10-04 19:00:00+02:00,2026_04_LA_PHI,3.500,23.000,3.621,2.638,3,0.967,0.850,2.976,0.000,0.000,0.990,,,3.800,4.123,0.710,0.230,False,-0.323,False,,,0.600,fehlt (0.6 angenommen),0.747,0.000,0.000,1.586,0.398,mittel,,7
00-0033119,Jacoby Brissett,ARI,NYG,QB,QB,1.000,2026-10-04 19:00:00+02:00,2026_04_ARI_NYG,2.500,23.000,17.056,16.946,3,1.102,1.040,19.539,0.000,0.000,0.990,,,16.193,20.187,1.000,1.000,False,-3.993,False,,,0.700,Pool,2.972,0.000,0.006,6.118,0.151,tief,Pech -4.0 FP vs xFP,6
00-0033120,Kenny Clark,DAL,HOU,DL,DL,1.000,2026-10-04 19:00:00+02:00,2026_04_DAL_HOU,-3.000,22.750,1.945,2.500,3,1.000,1.150,2.225,0.003,0.020,0.990,,,1.333,,0.700,0.705,False,,False,,,0.600,fehlt (0.6 angenommen),0.424,0.003,0.000,1.061,0.697,hoch,,68
00-0033132,Kevin Byard,NE,BUF,DB,DB,1.000,2026-10-04 19:00:00+02:00,2026_04_NE_BUF,-7.000,21.250,6.298,9.412,3,1.000,1.020,6.307,0.188,0.021,0.990,,,2.333,,0.950,1.000,False,,False,,,0.600,fehlt (0.6 angenommen),1.135,0.172,0.085,2.664,0.334,mittel,,68
00-0033217,Mo Alie-Cox,IND,WAS,TE,TE,2.000,2026-10-04 15:30:00+02:00,2026_04_IND_WAS,4.500,25.500,0.858,1.185,3,1.104,1.150,1.090,0.000,0.000,0.990,,,0.533,0.210,0.380,0.320,False,0.323,False,,,0.600,fehlt (0.6 angenommen),0.384,0.000,0.000,0.875,0.665,hoch,,7
00-0033246,Johnny Mundt,PHI,LA,TE,TE,3.000,2026-10-04 19:00:00+02:00,2026_04_LA_PHI,-3.500,19.500,0.736,0.829,3,0.901,0.901,0.597,0.000,0.000,0.990,,,0.400,0.793,0.520,0.500,False,-0.393,False,,,0.600,fehlt (0.6 angenommen),0.307,0.000,0.000,0.747,0.749,hoch,,7
00-0033269,Rigoberto Sanchez,IND,WAS,P,P,1.000,2026-10-04 15:30:00+02:00,2026_04_IND_WAS,4.500,25.500,16.117,14.307,3,0.880,0.959,13.605,0.000,0.000,0.990,,,13.567,,,,False,,False,,,0.600,fehlt (0.6 angenommen),1.032,0.000,0.375,1.793,0.168,tief,,4
00-0033280,Christian McCaffrey,SF,DEN,RB,RB,1.000,2026-10-04 22:25:00+02:00,2026_04_DEN_SF,3.000,25.750,17.641,19.203,3,0.992,0.995,17.398,0.000,0.000,0.990,,,15.000,15.463,0.830,0.535,False,-0.463,False,,,0.200,Pool,4.337,0.000,1.053,8.496,0.043,tief,,12
00-0033281,Marlon Humphrey,BAL,TEN,DB,DB,1.000,2026-10-04 19:00:00+02:00,2026_04_TEN_BAL,11.500,27.000,7.389,10.000,3,1.000,0.938,6.650,0.114,0.051,0.990,,,10.500,,0.860,0.940,False,,False,,,0.600,fehlt (0.6 angenommen),1.150,0.107,0.106,2.615,0.309,mittel,,68
00-0033288,George Kittle,SF,DEN,TE,TE,1.000,2026-10-04 22:25:00+02:00,2026_04_DEN_SF,3.000,25.750,9.482,8.312,3,0.992,1.013,9.520,0.000,0.000,0.990,,,11.800,8.510,0.850,0.470,False,3.290,False,,,0.600,fehlt (0.6 angenommen),2.075,0.000,0.336,4.394,0.147,tief,,7
00-0033293,Aaron Jones,MIN,MIA,RB,RB,1.000,2026-10-04 22:05:00+02:00,2026_04_MIA_MIN,10.000,24.250,8.906,7.896,3,1.044,1.150,10.690,0.000,0.000,0.990,,,9.900,10.243,0.800,0.635,False,-0.343,True,,,0.600,fehlt (0.6 angenommen),2.643,0.000,0.650,5.100,0.078,tief,QB-Wechsel,12
00-0033294,Chuck Clark,DET,CAR,DB,DB,1.000,2026-10-05 02:20:00+02:00,2026_04_DET_CAR,3.500,27.500,6.250,3.423,3,1.000,0.986,6.159,0.102,0.022,0.990,,,9.667,,1.000,0.660,False,,False,,,0.600,fehlt (0.6 angenommen),1.132,0.097,0.132,2.528,0.298,mittel,,68
00-0033297,D.J. Jones,DEN,SF,DL,DL,1.000,2026-10-04 22:25:00+02:00,2026_04_DEN_SF,-3.000,22.750,1.595,2.625,3,1.000,0.850,1.356,0.004,0.020,0.990,,,0.333,,0.440,0.495,False,,False,,,0.600,fehlt (0.6 angenommen),0.279,0.004,0.000,0.662,0.827,hoch,,68
00-0033303,Harrison Butker,KC,LV,K,K,1.000,2026-10-04 22:25:00+02:00,2026_04_KC_LV,4.500,26.000,8.300,8.294,3,1.009,0.941,7.880,0.000,0.000,0.990,,,9.333,,0.000,0.000,False,,False,,,0.500,Pool,2.700,0.000,0.000,5.923,0.184,tief,,7
00-0033307,Kendrick Bourne,ARI,NYG,WR,WR,3.000,2026-10-04 19:00:00+02:00,2026_04_ARI_NYG,2.500,23.000,3.360,3.607,3,1.089,1.069,3.911,0.000,0.000,0.990,,,3.600,3.153,0.550,0.635,True,0.447,False,,,0.600,fehlt (0.6 angenommen),1.138,0.000,0.195,2.276,0.228,mittel,Rolle↓,25
00-0033336,Eric Wilson,MIN,MIA,LB,LB,1.000,2026-10-04 22:05:00+02:00,2026_04_MIA_MIN,10.000,24.250,7.173,7.721,3,1.000,0.935,6.738,0.025,0.029,0.990,,,7.750,,0.960,0.940,False,,False,,,0.600,fehlt (0.6 angenommen),1.189,0.025,0.101,2.661,0.292,mittel,,68
00-0033376,Patrick Ricard,NYG,ARI,RB,RB,1.000,2026-10-04 19:00:00+02:00,2026_04_ARI_NYG,-2.500,20.500,0.114,0.120,3,0.989,1.049,0.118,0.000,0.000,0.990,,,0.000,0.270,0.470,0.425,False,-0.270,False,,,0.600,fehlt (0.6 angenommen),0.356,0.000,0.000,0.928,0.681,hoch,,12
00-0033381,Adam Butler,LV,KC,DL,DL,1.000,2026-10-04 22:25:00+02:00,2026_04_KC_LV,-4.500,21.500,1.489,2.700,3,1.000,1.034,1.539,0.004,0.030,0.990,,,0.000,,0.490,0.345,False,,False,,,0.600,fehlt (0.6 angenommen),0.302,0.004,0.000,0.706,0.811,hoch,,68
00-0033393,Kenny Moore II,PHI,LA,DB,DB,2.000,2026-10-04 19:00:00+02:00,2026_04_LA_PHI,-3.500,19.500,6.216,6.000,0,1.000,1.065,6.679,0.095,0.023,0.990,,,,,,,False,,False,,,0.000,0 (noch kein Saisonspiel),1.229,0.091,0.136,2.757,0.275,mittel,keine Spiele 2026,68
00-0033523,Jonathan Allen,CIN,JAX,DL,DL,1.000,2026-10-04 19:00:00+02:00,2026_04_JAX_CIN,2.500,27.000,4.918,3.985,3,1.000,1.006,4.948,0.004,0.030,0.990,,,6.667,,0.760,0.605,False,,False,,,0.600,fehlt (0.6 angenommen),0.932,0.004,0.000,2.378,0.457,hoch,,68
00-0033526,Samaje Perine,CIN,JAX,RB,RB,2.000,2026-10-04 19:00:00+02:00,2026_04_JAX_CIN,2.500,27.000,3.653,4.241,3,1.068,0.869,3.392,0.000,0.000,0.990,,,2.867,3.297,0.320,0.340,False,-0.430,False,,,0.600,fehlt (0.6 angenommen),1.061,0.000,0.079,2.043,0.251,mittel,,12
00-0033546,Dalvin Tomlinson,LAC,SEA,DL,DL,2.000,2026-10-04 22:25:00+02:00,2026_04_LAC_SEA,-7.000,17.750,1.216,1.529,2,1.000,0.925,1.127,0.005,0.021,0.000,Out,Hamstring,0.625,,0.400,0.530,False,,False,,,0.600,fehlt (0.6 angenommen),0.000,0.005,0.000,0.000,1.000,hoch,Out (Hamstring),68
00-0033548,Chidobe Awuzie,BAL,TEN,DB,DB,2.000,2026-10-04 19:00:00+02:00,2026_04_TEN_BAL,11.500,27.000,2.284,3.321,2,1.000,0.938,2.030,0.046,0.022,0.990,,,0.500,0.000,0.200,0.110,False,,False,,,0.600,fehlt (0.6 angenommen),0.372,0.045,0.000,0.775,0.782,hoch,,68
00-0033551,Rasul Douglas,WAS,IND,DB,DB,1.000,2026-10-04 15:30:00+02:00,2026_04_IND_WAS,-4.500,21.000,5.099,6.400,3,1.000,1.034,5.406,0.111,0.021,0.990,,,3.333,,0.670,0.375,False,,False,,,0.600,fehlt (0.6 angenommen),0.991,0.105,0.059,2.397,0.364,mittel,,68
00-0033555,Mack Hollins,NE,BUF,WR,WR,3.000,2026-10-04 19:00:00+02:00,2026_04_NE_BUF,-7.000,21.250,4.785,3.750,3,0.986,1.001,4.724,0.000,0.000,0.990,,,5.200,6.170,0.760,0.705,False,-0.970,False,,,0.600,fehlt (0.6 angenommen),1.316,0.000,0.243,2.617,0.203,mittel,,25
00-0033576,Eric Saubert,SEA,LAC,TE,TE,2.000,2026-10-04 22:25:00+02:00,2026_04_LAC_SEA,7.000,24.750,1.131,0.683,3,1.029,0.909,1.057,0.000,0.000,0.990,,,2.100,0.895,0.270,0.220,False,1.205,True,,,0.600,fehlt (0.6 angenommen),0.377,0.000,0.000,0.848,0.672,hoch,QB-Wechsel,7
00-0033579,Xavier Woods,CHI,NYJ,DB,DB,1.000,2026-10-04 19:00:00+02:00,2026_04_NYJ_CHI,3.500,23.500,5.511,4.818,2,1.000,1.047,5.596,0.095,0.044,0.990,,,6.000,,0.700,0.270,False,,False,,,0.600,fehlt (0.6 angenommen),1.011,0.091,0.056,2.372,0.354,mittel,,68
00-0033589,David Moore,CAR,DET,WR,WR,1.000,2026-10-05 02:20:00+02:00,2026_04_DET_CAR,-3.500,24.000,0.742,0.389,1,1.036,1.123,0.863,0.000,0.000,0.990,,,0.000,3.600,0.060,,False,,False,,,0.600,fehlt (0.6 angenommen),0.397,0.000,0.000,0.867,0.646,hoch,,25
00-0033699,Austin Ekeler,WAS,IND,RB,RB,2.000,2026-10-04 15:30:00+02:00,2026_04_IND_WAS,-4.500,21.000,4.000,4.000,0,1.037,1.033,4.030,0.000,0.000,0.990,,,,,,,False,,False,QB1 Jayden Daniels fehlt (×0.94),,0.000,0 (noch kein Saisonspiel),1.186,0.000,0.135,2.274,0.213,mittel,keine Spiele 2026; QB1 Jayden Daniels fehlt (×0.94),12
00-0033787,Jake Elliott,PHI,LA,K,K,1.000,2026-10-04 19:00:00+02:00,2026_04_LA_PHI,-3.500,19.500,7.680,6.353,3,0.915,0.940,6.606,0.000,0.000,0.990,,,5.000,,0.000,0.000,False,,False,,,0.600,fehlt (0.6 angenommen),2.128,0.000,0.000,4.788,0.244,mittel,,7
00-0033854,Dare Ogunbowale,HOU,DAL,RB,RB,3.000,2026-10-04 19:00:00+02:00,2026_04_DAL_HOU,3.000,25.750,1.360,1.360,0,1.074,1.086,1.587,0.000,0.000,0.990,,,,,,,False,,False,,,0.000,0 (noch kein Saisonspiel),0.642,0.000,0.000,1.360,0.445,hoch,keine Spiele 2026,12
00-0033858,Jonnu Smith,GB,TB,TE,TE,2.000,2026-10-04 19:00:00+02:00,2026_04_GB_TB,3.000,20.750,2.490,3.000,3,0.936,1.119,2.609,0.000,0.000,0.990,,,2.200,1.767,0.330,0.345,False,0.433,False,,,0.600,fehlt (0.6 angenommen),0.679,0.000,0.000,1.415,0.434,hoch,,7
00-0033869,Mitchell Trubisky,TEN,BAL,QB,QB,2.000,2026-10-04 19:00:00+02:00,2026_04_TEN_BAL,-11.500,15.500,6.000,6.000,0,0.910,1.027,5.610,0.000,0.000,0.990,,,,,,,False,,False,,,0.000,0 (noch kein Saisonspiel),0.236,0.000,0.000,0.874,0.818,hoch,keine Spiele 2026,6
00-0033870,Solomon Thomas,TEN,BAL,DL,DL,2.000,2026-10-04 19:00:00+02:00,2026_04_TEN_BAL,-11.500,15.500,0.819,1.219,3,1.000,1.050,0.855,0.004,0.020,0.990,,,0.333,0.000,0.220,0.280,False,,False,,,0.600,fehlt (0.6 angenommen),0.187,0.004,0.000,0.451,0.922,hoch,,68
00-0033873,Patrick Mahomes,KC,LV,QB,QB,1.000,2026-10-04 22:25:00+02:00,2026_04_KC_LV,4.500,26.000,18.243,20.778,3,1.012,0.988,18.228,0.000,0.000,0.990,,,22.193,18.063,1.000,1.000,True,4.130,False,,,0.100,Pool,2.645,0.000,0.000,5.586,0.178,tief,Rolle↓,6
00-0033877,Malik Hooker,DAL,HOU,DB,DB,1.000,2026-10-04 19:00:00+02:00,2026_04_DAL_HOU,-3.000,22.750,5.119,2.792,1,1.000,0.952,4.711,0.046,0.023,0.990,,,1.000,,0.170,,False,,False,,,0.600,fehlt (0.6 angenommen),0.873,0.045,0.055,1.984,0.379,mittel,,68
00-0033881,Evan Engram,DEN,SF,TE,TE,1.000,2026-10-04 22:25:00+02:00,2026_04_DEN_SF,-3.000,22.750,3.148,3.563,3,1.014,0.952,3.037,0.000,0.000,0.990,,,4.000,2.267,0.600,0.575,False,1.733,False,,,0.600,fehlt (0.6 angenommen),0.760,0.000,0.000,1.595,0.396,mittel,,7
00-0033890,Budda Baker,ARI,NYG,DB,DB,1.000,2026-10-04 19:00:00+02:00,2026_04_ARI_NYG,2.500,23.000,6.350,6.234,3,1.000,1.012,6.319,0.063,0.031,0.990,,,7.083,,1.000,1.000,False,,False,,,0.600,fehlt (0.6 angenommen),1.169,0.061,0.132,2.614,0.282,mittel,,68
00-0033908,Cooper Kupp,SEA,LAC,WR,WR,3.000,2026-10-04 22:25:00+02:00,2026_04_LAC_SEA,7.000,24.750,4.168,3.750,3,1.029,0.971,4.165,0.000,0.000,0.990,,,5.367,3.277,0.670,0.605,False,2.090,True,,,0.600,fehlt (0.6 angenommen),1.171,0.000,0.208,2.309,0.221,mittel,QB-Wechsel,25
00-0033914,Alex Anzalone,TB,GB,LB,LB,1.000,2026-10-04 19:00:00+02:00,2026_04_GB_TB,-3.000,17.750,6.037,6.422,3,1.000,1.022,6.111,0.038,0.030,0.990,,,3.833,,1.000,1.000,False,,False,,,0.600,fehlt (0.6 angenommen),1.126,0.037,0.086,2.516,0.309,mittel,,68
00-0033918,Fabian Moreau,WAS,IND,DB,DB,1.000,2026-10-04 15:30:00+02:00,2026_04_IND_WAS,-4.500,21.000,1.292,1.800,2,1.000,1.034,1.423,0.072,0.023,0.990,,,0.500,0.000,0.300,0.000,False,,False,,,0.600,fehlt (0.6 angenommen),0.291,0.069,0.000,0.587,0.879,hoch,,68
00-0033921,Chris Godwin Jr.,TB,GB,WR,WR,2.000,2026-10-04 19:00:00+02:00,2026_04_GB_TB,-3.000,17.750,4.783,5.645,3,0.869,1.037,3.663,0.000,0.000,0.990,,,4.200,3.473,0.620,0.860,True,0.727,False,QB1 Baker Mayfield fehlt (×0.85),,0.600,fehlt (0.6 angenommen),1.092,0.000,0.166,2.190,0.253,mittel,Rolle↓; QB1 Baker Mayfield fehlt (×0.85),25
00-0033928,Jourdan Lewis,JAX,CIN,DB,DB,1.000,2026-10-04 19:00:00+02:00,2026_04_JAX_CIN,-2.500,24.500,6.420,7.500,3,1.000,1.065,6.898,0.159,0.032,0.990,,,5.833,0.000,0.630,0.535,False,,False,,,0.600,fehlt (0.6 angenommen),1.281,0.147,0.135,2.877,0.276,mittel,,68
00-0033935,Trey Hendrickson,BAL,TEN,LB,LB,1.000,2026-10-04 19:00:00+02:00,2026_04_TEN_BAL,11.500,27.000,5.492,4.929,3,1.000,1.036,5.634,0.022,0.033,0.000,Out,Finger,3.167,,0.610,0.635,False,,False,,,0.600,fehlt (0.6 angenommen),0.000,0.022,0.000,0.000,1.000,hoch,Out (Finger),68
00-0033949,Joshua Dobbs,DET,CAR,QB,QB,2.000,2026-10-05 02:20:00+02:00,2026_04_DET_CAR,3.500,27.500,0.765,0.765,0,1.011,0.978,0.757,0.000,0.000,0.990,,,,,,,False,,False,,,0.000,0 (noch kein Saisonspiel),0.006,0.000,0.000,0.000,0.996,hoch,keine Spiele 2026,6
00-0033952,Grover Stewart,IND,WAS,DL,DL,1.000,2026-10-04 15:30:00+02:00,2026_04_IND_WAS,4.500,25.500,2.860,3.485,3,1.000,0.880,2.532,0.027,0.020,0.990,,,1.917,,0.670,0.620,False,,False,Gegner ohne QB1 (INT-Rate ×1.3),,0.600,fehlt (0.6 angenommen),0.474,0.027,0.000,1.214,0.680,hoch,Gegner ohne QB1 (INT-Rate ×1.3),68
00-0033964,Al-Quadin Muhammad,TB,GB,LB,LB,2.000,2026-10-04 19:00:00+02:00,2026_04_GB_TB,-3.000,17.750,2.556,4.088,3,1.000,1.022,2.583,0.019,0.029,0.990,,,0.667,0.000,0.710,0.385,False,,False,,,0.600,fehlt (0.6 angenommen),0.474,0.019,0.000,1.062,0.655,hoch,,68
00-0034160,Michael Dickson,SEA,LAC,P,P,1.000,2026-10-04 22:25:00+02:00,2026_04_LAC_SEA,7.000,24.750,16.928,15.925,3,0.964,0.987,16.096,0.000,0.000,0.990,,,16.467,,,,False,,False,,,0.600,fehlt (0.6 angenommen),1.206,0.000,0.442,2.081,0.124,tief,,4
00-0034162,J.K. Scott,LAC,SEA,P,P,1.000,2026-10-04 22:25:00+02:00,2026_04_LAC_SEA,-7.000,17.750,17.378,17.944,3,1.269,1.149,25.334,0.000,0.000,0.990,,,16.733,,,,False,,False,,,0.600,fehlt (0.6 angenommen),1.893,0.000,0.711,3.263,0.058,tief,,4
00-0034163,Jacob Martin,TEN,BAL,DL,DL,2.000,2026-10-04 19:00:00+02:00,2026_04_TEN_BAL,-11.500,15.500,2.391,2.603,3,1.000,1.050,2.505,0.004,0.020,0.990,,,2.167,,0.590,0.555,False,,False,,,0.600,fehlt (0.6 angenommen),0.444,0.004,0.000,1.098,0.679,hoch,,68
00-0034173,Eddy Pineiro,SF,DEN,K,K,1.000,2026-10-04 22:25:00+02:00,2026_04_DEN_SF,3.000,25.750,8.248,9.786,3,0.993,1.062,8.698,0.000,0.000,0.990,,,7.000,,0.000,0.000,False,,False,,,0.600,fehlt (0.6 angenommen),3.230,0.000,0.046,6.791,0.151,tief,,7
00-0034234,Poona Ford,LA,PHI,DL,DL,1.000,2026-10-04 19:00:00+02:00,2026_04_LA_PHI,3.500,23.000,2.158,2.147,3,1.000,0.949,2.050,0.004,0.020,0.990,,,1.833,0.000,0.310,0.410,False,,False,,,0.600,fehlt (0.6 angenommen),0.401,0.004,0.000,0.984,0.725,hoch,,68
00-0034248,Elijah Campbell,NYG,ARI,DB,DB,3.000,2026-10-04 19:00:00+02:00,2026_04_ARI_NYG,-2.500,20.500,0.772,0.800,3,1.000,0.955,0.656,0.060,0.023,0.990,,,0.667,,0.000,0.000,False,,False,,,0.600,fehlt (0.6 angenommen),0.240,0.058,0.000,0.477,0.904,hoch,,68
00-0034270,Tyler Conklin,DET,CAR,TE,TE,4.000,2026-10-05 02:20:00+02:00,2026_04_DET_CAR,3.500,27.500,0.589,0.785,1,1.010,1.066,0.634,0.000,0.000,0.990,,,0.000,0.000,0.130,,False,,False,,,0.600,fehlt (0.6 angenommen),0.320,0.000,0.000,0.748,0.730,hoch,,7
00-0034272,Marquez Valdes-Scantling,LAC,SEA,WR,WR,5.000,2026-10-04 22:25:00+02:00,2026_04_LAC_SEA,-7.000,17.750,1.549,1.531,1,0.831,0.882,1.135,0.000,0.000,0.990,,,0.000,3.200,0.040,,False,,False,,,0.600,fehlt (0.6 angenommen),0.454,0.000,0.000,0.954,0.584,hoch,,25
00-0034275,Foley Fatukasi,LV,KC,DL,DL,2.000,2026-10-04 22:25:00+02:00,2026_04_KC_LV,-4.500,21.500,2.179,2.938,3,1.000,1.034,2.252,0.006,0.023,0.990,,,1.583,,0.460,0.345,False,,False,,,0.600,fehlt (0.6 angenommen),0.419,0.006,0.000,1.057,0.709,hoch,,68
00-0034278,Tremon Smith,HOU,DAL,DB,DB,2.000,2026-10-04 19:00:00+02:00,2026_04_DAL_HOU,3.000,25.750,1.074,1.400,3,1.000,1.013,1.038,0.048,0.021,0.990,,,0.667,,0.000,0.000,False,,False,,,0.600,fehlt (0.6 angenommen),0.241,0.047,0.000,0.485,0.904,hoch,,68
00-0034285,Zach Sieler,MIA,MIN,DL,DL,1.000,2026-10-04 22:05:00+02:00,2026_04_MIA_MIN,-10.000,14.250,4.593,4.956,3,1.000,1.101,5.065,0.005,0.030,0.990,,,4.333,,0.850,0.680,False,,False,,,0.600,fehlt (0.6 angenommen),0.910,0.005,0.000,2.295,0.463,hoch,,68
00-0034302,Frankie Luvu,WAS,IND,LB,LB,1.000,2026-10-04 15:30:00+02:00,2026_04_IND_WAS,-4.500,21.000,5.946,4.794,1,1.000,0.973,5.820,0.027,0.031,0.990,,,6.500,,0.530,,False,,False,,,0.600,fehlt (0.6 angenommen),1.050,0.027,0.080,2.337,0.334,mittel,,68
00-0034320,Kentavius Street,CHI,NYJ,DL,DL,1.000,2026-10-04 19:00:00+02:00,2026_04_NYJ_CHI,3.500,23.500,2.881,3.571,3,1.000,0.938,2.695,0.005,0.022,0.990,,,2.500,0.000,0.360,0.485,True,,False,,,0.600,fehlt (0.6 angenommen),0.514,0.005,0.000,1.283,0.639,hoch,Rolle↓,68
00-0034333,Daron Payne,WAS,IND,DL,DL,1.000,2026-10-04 15:30:00+02:00,2026_04_IND_WAS,-4.500,21.000,2.728,4.467,3,1.000,1.097,2.999,0.005,0.021,0.990,,,0.667,,0.720,0.645,False,,False,,,0.600,fehlt (0.6 angenommen),0.550,0.005,0.000,1.396,0.618,hoch,,68
00-0034344,Marcus Davenport,CHI,NYJ,DL,DL,3.000,2026-10-04 19:00:00+02:00,2026_04_NYJ_CHI,3.500,23.500,1.312,1.312,0,1.000,0.938,1.222,0.005,0.024,0.990,,,,,,,False,,False,,,0.000,0 (noch kein Saisonspiel),0.253,0.005,0.000,0.591,0.862,hoch,keine Spiele 2026,68
00-0034348,Courtland Sutton,DEN,SF,WR,WR,2.000,2026-10-04 22:25:00+02:00,2026_04_DEN_SF,-3.000,22.750,6.077,6.750,3,1.014,0.982,6.051,0.000,0.000,0.990,,,2.733,6.910,0.870,0.745,False,-4.177,False,,,0.600,fehlt (0.6 angenommen),1.650,0.000,0.324,3.299,0.149,tief,Pech -4.2 FP vs xFP,25
00-0034350,Uchenna Nwosu,SEA,LAC,LB,LB,1.000,2026-10-04 22:25:00+02:00,2026_04_LAC_SEA,7.000,24.750,3.680,3.812,3,1.000,1.035,3.858,0.027,0.030,0.990,,,4.000,,0.520,0.470,False,,False,,,0.600,fehlt (0.6 angenommen),0.704,0.027,0.000,1.647,0.490,hoch,,68
00-0034351,Dallas Goedert,PHI,LA,TE,TE,1.000,2026-10-04 19:00:00+02:00,2026_04_LA_PHI,-3.500,19.500,6.883,7.229,2,0.901,0.901,5.590,0.000,0.000,0.000,Out,Knee,10.050,3.905,0.250,0.950,True,6.145,False,,,0.600,fehlt (0.6 angenommen),0.000,0.000,0.000,0.000,1.000,hoch,Out (Knee); Rolle↓,7
00-0034356,Donte Jackson,LAC,SEA,DB,DB,1.000,2026-10-04 22:25:00+02:00,2026_04_LAC_SEA,-7.000,17.750,5.910,5.235,3,1.000,0.981,5.865,0.143,0.021,0.750,Questionable,Concussion,4.667,,0.270,0.635,True,,False,,,0.600,fehlt (0.6 angenommen),0.814,0.133,0.000,2.285,0.502,hoch,Questionable (Concussion); Rolle↓,68
00-0034365,Ian Thomas,LV,KC,TE,TE,3.000,2026-10-04 22:25:00+02:00,2026_04_KC_LV,-4.500,21.500,0.516,0.709,3,1.036,0.933,0.499,0.000,0.000,0.990,,,0.367,0.200,0.200,0.475,True,0.167,False,,,0.600,fehlt (0.6 angenommen),0.292,0.000,0.000,0.711,0.763,hoch,Rolle↓,7
00-0034373,Dorance Armstrong,WAS,IND,LB,LB,1.000,2026-10-04 15:30:00+02:00,2026_04_IND_WAS,-4.500,21.000,5.891,8.292,2,1.000,0.973,5.741,0.007,0.023,0.990,,,2.000,,0.490,0.440,False,,False,,,0.600,fehlt (0.6 angenommen),1.037,0.007,0.076,2.350,0.331,mittel,,68
00-0034376,Taron Johnson,LV,KC,DB,DB,1.000,2026-10-04 22:25:00+02:00,2026_04_KC_LV,-4.500,21.500,6.416,3.615,3,1.000,0.925,5.934,0.055,0.042,0.990,,,9.167,,0.960,0.785,False,,False,,,0.600,fehlt (0.6 angenommen),1.092,0.054,0.113,2.435,0.310,mittel,,68
00-0034381,Josh Sweat,ARI,NYG,LB,LB,1.000,2026-10-04 19:00:00+02:00,2026_04_ARI_NYG,2.500,23.000,4.101,6.529,3,1.000,0.942,3.830,0.019,0.039,0.750,Questionable,Not injury related - resting player,1.333,,0.440,0.510,False,,False,,,0.600,fehlt (0.6 angenommen),0.536,0.018,0.000,1.418,0.611,hoch,Questionable (Not injury related - resting player),68
00-0034383,Dalton Schultz,HOU,DAL,TE,TE,1.000,2026-10-04 19:00:00+02:00,2026_04_DAL_HOU,3.000,25.750,6.007,5.740,3,1.074,1.041,6.718,0.000,0.000,0.990,,,6.833,6.093,0.540,0.670,True,0.740,False,,,0.600,fehlt (0.6 angenommen),1.529,0.000,0.228,3.224,0.191,tief,Rolle↓,7
00-0034384,D.J. Reed,DET,CAR,DB,DB,1.000,2026-10-05 02:20:00+02:00,2026_04_DET_CAR,3.500,27.500,6.539,7.773,3,1.000,0.986,6.444,0.107,0.032,0.750,Questionable,Rib,6.333,,0.940,0.975,False,,False,,,0.600,fehlt (0.6 angenommen),0.913,0.101,0.000,2.452,0.452,hoch,Questionable (Rib),68
00-0034391,Siran Neal,SF,DEN,DB,DB,2.000,2026-10-04 22:25:00+02:00,2026_04_DEN_SF,3.000,25.750,0.975,0.462,3,1.000,1.016,1.024,0.059,0.022,0.990,,,1.667,,0.000,0.000,False,,False,,,0.600,fehlt (0.6 angenommen),0.231,0.057,0.000,0.463,0.910,hoch,,68
00-0034397,Tim Settle,WAS,IND,DL,DL,1.000,2026-10-04 15:30:00+02:00,2026_04_IND_WAS,-4.500,21.000,3.925,2.083,3,1.000,1.097,4.312,0.005,0.042,0.990,,,5.167,,0.360,0.330,False,,False,,,0.600,fehlt (0.6 angenommen),0.815,0.005,0.000,2.148,0.497,hoch,,68
00-0034413,Foyesade Oluokun,JAX,CIN,LB,LB,1.000,2026-10-04 19:00:00+02:00,2026_04_JAX_CIN,-2.500,24.500,6.806,8.059,3,1.000,0.978,6.691,0.089,0.039,0.990,,,7.500,,0.840,0.810,False,,False,,,0.600,fehlt (0.6 angenommen),1.231,0.085,0.111,2.787,0.298,mittel,,68
00-0034419,Braxton Berrios,NYG,ARI,WR,WR,1.000,2026-10-04 19:00:00+02:00,2026_04_ARI_NYG,-2.500,20.500,0.625,1.133,3,0.989,1.073,0.663,0.000,0.000,0.990,,,0.000,,0.080,0.130,False,,False,,,0.600,fehlt (0.6 angenommen),0.357,0.000,0.000,0.803,0.688,hoch,,25
00-0034431,Zaire Franklin,GB,TB,LB,LB,1.000,2026-10-04 19:00:00+02:00,2026_04_GB_TB,3.000,20.750,5.814,5.912,3,1.000,1.067,6.284,0.030,0.029,0.990,,,3.333,,1.000,1.000,False,,False,Gegner ohne QB1 (INT-Rate ×1.3),,0.600,fehlt (0.6 angenommen),1.149,0.030,0.090,2.576,0.314,mittel,Gegner ohne QB1 (INT-Rate ×1.3),68
00-0034437,Logan Cooke,JAX,CIN,P,P,1.000,2026-10-04 19:00:00+02:00,2026_04_JAX_CIN,-2.500,24.500,17.079,17.988,3,0.975,0.930,15.486,0.000,0.000,0.990,,,14.500,,,,False,,False,,,0.600,fehlt (0.6 angenommen),1.200,0.000,0.438,2.081,0.130,tief,,4
00-0034465,Jeremy Reaves,WAS,IND,DB,DB,1.000,2026-10-04 15:30:00+02:00,2026_04_IND_WAS,-4.500,21.000,6.066,5.765,3,1.000,1.034,6.370,0.082,0.021,0.990,,,4.833,,0.940,0.955,False,,False,,,0.600,fehlt (0.6 angenommen),1.191,0.079,0.132,2.629,0.272,mittel,,68
00-0034473,Dennis Gardeck,JAX,CIN,LB,LB,1.000,2026-10-04 19:00:00+02:00,2026_04_JAX_CIN,-2.500,24.500,3.339,3.641,3,1.000,0.978,3.274,0.023,0.030,0.990,,,3.000,,0.330,0.450,True,,False,,,0.600,fehlt (0.6 angenommen),0.619,0.023,0.000,1.439,0.548,hoch,Rolle↓,68
00-0034485,Jonathan Owens,IND,WAS,DB,DB,2.000,2026-10-04 15:30:00+02:00,2026_04_IND_WAS,4.500,25.500,0.808,0.692,2,1.000,0.914,0.775,0.062,0.022,0.990,,,1.000,,0.000,0.030,False,,False,Gegner ohne QB1 (INT-Rate ×1.3),,0.600,fehlt (0.6 angenommen),0.225,0.060,0.000,0.435,0.913,hoch,Gegner ohne QB1 (INT-Rate ×1.3),68
00-0034573,Charvarius Ward,IND,WAS,DB,DB,1.000,2026-10-04 15:30:00+02:00,2026_04_IND_WAS,4.500,25.500,6.052,6.357,3,1.000,0.914,5.569,0.069,0.034,0.990,,,3.833,,0.960,0.705,False,,False,Gegner ohne QB1 (INT-Rate ×1.3),,0.600,fehlt (0.6 angenommen),1.016,0.067,0.090,2.318,0.329,mittel,Gegner ohne QB1 (INT-Rate ×1.3),68
00-0034577,Kyle Allen,BUF,NE,QB,QB,2.000,2026-10-04 19:00:00+02:00,2026_04_NE_BUF,7.000,28.250,4.000,4.000,0,1.022,0.922,3.766,0.000,0.000,0.990,,,,,,,False,,False,,,0.000,0 (noch kein Saisonspiel),0.082,0.000,0.000,0.286,0.936,hoch,keine Spiele 2026,6
00-0034613,Tanner Hudson,CIN,JAX,TE,TE,4.000,2026-10-04 19:00:00+02:00,2026_04_JAX_CIN,2.500,27.000,1.363,1.597,2,1.068,0.956,1.392,0.000,0.000,0.990,,,0.850,1.010,0.230,0.090,False,-0.160,False,,,0.600,fehlt (0.6 angenommen),0.448,0.000,0.000,0.983,0.596,hoch,,7
00-0034657,Matt Dickerson,JAX,CIN,DL,DL,2.000,2026-10-04 19:00:00+02:00,2026_04_JAX_CIN,-2.500,24.500,0.816,0.812,3,1.000,1.014,0.829,0.005,0.022,0.990,,,0.667,0.000,0.350,0.385,False,,False,,,0.600,fehlt (0.6 angenommen),0.193,0.005,0.000,0.464,0.915,hoch,,68
00-0034673,Tremaine Edmunds,NYG,ARI,LB,LB,1.000,2026-10-04 19:00:00+02:00,2026_04_ARI_NYG,-2.500,20.500,7.351,10.846,3,1.000,1.018,7.344,0.103,0.041,0.990,,,6.000,,1.000,1.000,False,,False,,,0.600,fehlt (0.6 angenommen),1.390,0.098,0.115,3.092,0.266,mittel,,68
00-0034720,Robert Spillane,NE,BUF,LB,LB,1.000,2026-10-04 19:00:00+02:00,2026_04_NE_BUF,-7.000,21.250,6.139,7.385,3,1.000,1.014,6.184,0.066,0.031,0.990,,,4.000,,0.950,1.000,False,,False,,,0.600,fehlt (0.6 angenommen),1.108,0.064,0.088,2.534,0.333,mittel,,68
00-0034753,Mark Andrews,BAL,TEN,TE,TE,1.000,2026-10-04 19:00:00+02:00,2026_04_TEN_BAL,11.500,27.000,4.932,5.234,3,1.000,0.925,4.565,0.000,0.000,0.990,,,4.067,5.350,0.520,0.715,True,-1.283,False,,,0.600,fehlt (0.6 angenommen),1.003,0.000,0.081,2.085,0.304,mittel,Rolle↓,7
00-0034754,Oren Burks,CIN,JAX,LB,LB,1.000,2026-10-04 19:00:00+02:00,2026_04_JAX_CIN,2.500,27.000,1.634,2.029,3,1.000,0.856,1.398,0.022,0.039,0.990,,,1.000,,0.050,0.025,False,,False,,,0.600,fehlt (0.6 angenommen),0.277,0.022,0.000,0.573,0.870,hoch,,68
00-0034773,Vita Vea,TB,GB,DL,DL,1.000,2026-10-04 19:00:00+02:00,2026_04_GB_TB,-3.000,17.750,3.122,3.662,3,1.000,0.850,2.648,0.004,0.030,0.990,,,2.000,,0.810,0.655,False,,False,,,0.600,fehlt (0.6 angenommen),0.502,0.004,0.000,1.269,0.645,hoch,,68
00-0034778,Carlton Davis III,NE,BUF,DB,DB,1.000,2026-10-04 19:00:00+02:00,2026_04_NE_BUF,-7.000,21.250,6.092,4.235,2,1.000,1.020,6.181,0.050,0.021,0.990,,,7.250,,0.870,0.980,False,,False,,,0.600,fehlt (0.6 angenommen),1.108,0.049,0.126,2.404,0.293,mittel,,68
00-0034780,Isaac Yiadom,WAS,IND,DB,DB,,2026-10-04 15:30:00+02:00,2026_04_IND_WAS,-4.500,21.000,1.145,1.145,0,1.000,1.034,1.279,0.078,0.023,0.990,,,,,,,False,,False,,,0.000,0 (noch kein Saisonspiel),0.291,0.075,0.000,0.623,0.883,hoch,keine Spiele 2026,68
00-0034782,Harrison Phillips,NYJ,CHI,DL,DL,1.000,2026-10-04 19:00:00+02:00,2026_04_NYJ_CHI,-3.500,20.000,3.122,2.662,3,1.000,0.881,2.750,0.004,0.040,0.990,,,3.667,,0.680,0.540,False,,False,Gegner ohne QB1 (INT-Rate ×1.3),,0.600,fehlt (0.6 angenommen),0.541,0.004,0.000,1.378,0.630,hoch,Gegner ohne QB1 (INT-Rate ×1.3),68
00-0034789,Minkah Fitzpatrick,NYJ,CHI,DB,DB,1.000,2026-10-04 19:00:00+02:00,2026_04_NYJ_CHI,-3.500,20.000,6.321,8.464,1,1.000,0.951,6.019,0.085,0.043,0.990,,,0.000,0.000,0.120,,False,,False,Gegner ohne QB1 (INT-Rate ×1.3),,0.600,fehlt (0.6 angenommen),1.110,0.082,0.115,2.561,0.311,mittel,Gegner ohne QB1 (INT-Rate ×1.3),68
00-0034790,Derwin James,LAC,SEA,DB,DB,1.000,2026-10-04 22:25:00+02:00,2026_04_LAC_SEA,-7.000,17.750,6.262,7.594,3,1.000,0.981,6.201,0.123,0.021,0.750,Questionable,Hamstring,4.833,,1.000,0.915,False,,False,,,0.600,fehlt (0.6 angenommen),0.835,0.116,0.000,2.260,0.479,hoch,Questionable (Hamstring),68
00-0034794,Jason Sanders,NYJ,CHI,K,K,1.000,2026-10-04 19:00:00+02:00,2026_04_NYJ_CHI,-3.500,20.000,7.350,1.125,3,0.994,0.913,6.674,0.000,0.000,0.990,,,8.000,,0.000,0.000,False,,False,,,0.600,fehlt (0.6 angenommen),2.169,0.000,0.000,4.858,0.229,mittel,,7
00-0034796,Lamar Jackson,BAL,TEN,QB,QB,1.000,2026-10-04 19:00:00+02:00,2026_04_TEN_BAL,11.500,27.000,16.917,16.318,3,1.000,0.983,16.638,0.000,0.000,0.990,,,20.067,18.767,1.000,1.000,False,1.300,False,,,0.200,Pool,2.144,0.000,0.000,4.662,0.221,mittel,,6
00-0034798,Durham Smythe,BAL,TEN,TE,TE,2.000,2026-10-04 19:00:00+02:00,2026_04_TEN_BAL,11.500,27.000,0.335,0.253,3,1.000,0.925,0.310,0.000,0.000,0.990,,,0.133,0.933,0.530,0.585,False,-0.800,False,,,0.600,fehlt (0.6 angenommen),0.250,0.000,0.000,0.638,0.816,hoch,,7
00-0034800,B.J. Hill,CIN,JAX,DL,DL,2.000,2026-10-04 19:00:00+02:00,2026_04_JAX_CIN,2.500,27.000,2.382,3.176,1,1.000,1.006,2.396,0.005,0.021,0.750,Questionable,Achilles,0.000,,0.420,,False,,False,,,0.600,fehlt (0.6 angenommen),0.352,0.005,0.000,0.986,0.749,hoch,Questionable (Achilles),68
00-0034805,John Franklin-Myers,TEN,BAL,DL,DL,1.000,2026-10-04 19:00:00+02:00,2026_04_TEN_BAL,-11.500,15.500,3.507,3.047,3,1.000,1.050,3.677,0.004,0.020,0.990,,,3.667,,0.530,0.515,False,,False,,,0.600,fehlt (0.6 angenommen),0.640,0.004,0.000,1.651,0.569,hoch,,68
00-0034807,Ogbo Okoronkwo,SF,DEN,DL,DL,2.000,2026-10-04 22:25:00+02:00,2026_04_DEN_SF,3.000,25.750,1.435,1.436,3,1.000,0.961,1.383,0.007,0.024,0.990,,,1.167,0.000,0.550,0.285,False,,False,,,0.600,fehlt (0.6 angenommen),0.276,0.007,0.000,0.662,0.833,hoch,,68
00-0034815,Fred Warner,SF,DEN,LB,LB,1.000,2026-10-04 22:25:00+02:00,2026_04_DEN_SF,3.000,25.750,7.367,9.083,3,1.000,0.850,6.279,0.030,0.044,0.990,,,8.250,,1.000,0.850,False,,False,,,0.600,fehlt (0.6 angenommen),1.150,0.030,0.083,2.596,0.314,mittel,,68
00-0034825,Arden Key,IND,WAS,DL,DL,1.000,2026-10-04 15:30:00+02:00,2026_04_IND_WAS,4.500,25.500,2.436,3.083,3,1.000,0.880,2.146,0.005,0.021,0.990,,,2.083,,0.810,0.685,False,,False,Gegner ohne QB1 (INT-Rate ×1.3),,0.600,fehlt (0.6 angenommen),0.395,0.005,0.000,0.965,0.719,hoch,Gegner ohne QB1 (INT-Rate ×1.3),68
00-0034827,DJ Moore,BUF,NE,WR,WR,1.000,2026-10-04 19:00:00+02:00,2026_04_NE_BUF,7.000,28.250,7.193,7.054,3,1.019,0.996,7.297,0.000,0.000,0.990,,,7.533,7.650,0.640,0.535,False,-0.117,False,,,0.600,fehlt (0.6 angenommen),1.956,0.000,0.410,3.950,0.121,tief,,25
00-0034829,Mike Gesicki,CIN,JAX,TE,TE,1.000,2026-10-04 19:00:00+02:00,2026_04_JAX_CIN,2.500,27.000,4.964,3.992,3,1.068,0.956,5.070,0.000,0.000,0.990,,,7.833,5.203,0.510,0.340,False,2.630,False,,,0.600,fehlt (0.6 angenommen),1.174,0.000,0.128,2.432,0.260,mittel,,7
00-0034832,Bradley Chubb,BUF,NE,LB,LB,1.000,2026-10-04 19:00:00+02:00,2026_04_NE_BUF,7.000,28.250,5.452,4.897,3,1.000,1.110,6.108,0.027,0.039,0.990,,,2.917,,0.810,0.725,False,,False,,,0.600,fehlt (0.6 angenommen),1.080,0.027,0.071,2.414,0.323,mittel,,68
00-0034837,Calvin Ridley,TEN,BAL,WR,WR,4.000,2026-10-04 19:00:00+02:00,2026_04_TEN_BAL,-11.500,15.500,2.009,2.758,3,0.921,1.070,1.979,0.000,0.000,0.990,,,1.167,0.993,0.330,0.630,True,0.173,False,,,0.600,fehlt (0.6 angenommen),0.628,0.000,0.030,1.249,0.436,hoch,Rolle↓,25
00-0034844,Saquon Barkley,PHI,LA,RB,RB,1.000,2026-10-04 19:00:00+02:00,2026_04_LA_PHI,-3.500,19.500,10.444,12.787,3,0.901,0.897,8.446,0.000,0.000,0.990,,,6.000,8.757,0.720,0.435,False,-2.757,False,,,0.600,fehlt (0.6 angenommen),2.190,0.000,0.526,4.182,0.095,tief,,12
00-0034855,Baker Mayfield,TB,GB,QB,QB,1.000,2026-10-04 19:00:00+02:00,2026_04_GB_TB,-3.000,17.750,15.783,16.461,3,0.852,0.970,13.036,0.000,0.000,0.000,Out,Thumb,11.700,16.870,0.940,1.000,True,-5.170,False,,,0.600,fehlt (0.6 angenommen),0.000,0.000,0.000,0.000,1.000,hoch,Out (Thumb); Rolle↓; Pech -5.2 FP vs xFP,6
00-0034857,Josh Allen,BUF,NE,QB,QB,1.000,2026-10-04 19:00:00+02:00,2026_04_NE_BUF,7.000,28.250,20.151,21.570,3,1.022,0.922,18.974,0.000,0.000,0.990,,,30.980,25.227,1.000,1.000,False,5.753,False,,,0.000,Pool,2.747,0.000,0.046,5.652,0.157,tief,,6
00-0034867,Malik Turner,SF,DEN,WR,WR,6.000,2026-10-04 22:25:00+02:00,2026_04_DEN_SF,3.000,25.750,0.600,0.600,0,0.992,0.912,0.543,0.000,0.000,0.990,,,,,,,False,,False,,,0.000,0 (noch kein Saisonspiel),0.328,0.000,0.000,0.746,0.723,hoch,keine Spiele 2026,25
00-0034869,Sam Darnold,SEA,LAC,QB,QB,1.000,2026-10-04 22:25:00+02:00,2026_04_LAC_SEA,7.000,24.750,15.151,14.201,2,1.034,0.940,14.725,0.000,0.000,0.990,,,14.090,11.345,1.000,0.100,False,2.745,True,,,0.600,fehlt (0.6 angenommen),1.843,0.000,0.000,4.210,0.274,mittel,QB-Wechsel,6
00-0034874,Roquan Smith,BAL,TEN,LB,LB,1.000,2026-10-04 19:00:00+02:00,2026_04_TEN_BAL,11.500,27.000,7.137,7.100,3,1.000,1.036,7.259,0.054,0.040,0.990,,,10.000,,1.000,1.000,False,,False,,,0.600,fehlt (0.6 angenommen),1.269,0.052,0.139,2.808,0.272,mittel,,68
00-0034941,Mitch Wishnowsky,NE,BUF,P,P,1.000,2026-10-04 19:00:00+02:00,2026_04_NE_BUF,-7.000,21.250,16.739,15.664,3,1.019,1.048,17.868,0.000,0.000,0.990,,,15.600,,,,False,,False,,,0.600,fehlt (0.6 angenommen),1.338,0.000,0.488,2.335,0.105,tief,,4
00-0034959,Andrew Beck,NYJ,CHI,RB,RB,5.000,2026-10-04 19:00:00+02:00,2026_04_NYJ_CHI,-3.500,20.000,0.703,1.125,2,0.993,0.987,0.690,0.000,0.000,0.990,,,0.000,0.000,0.050,0.130,False,,False,,,0.600,fehlt (0.6 angenommen),0.459,0.000,0.000,1.085,0.585,hoch,,12
00-0034960,Jakobi Meyers,JAX,CIN,WR,WR,2.000,2026-10-04 19:00:00+02:00,2026_04_JAX_CIN,-2.500,24.500,6.782,6.750,3,1.020,0.953,6.592,0.000,0.000,0.990,,,8.467,4.560,0.810,0.775,False,3.907,False,,,0.600,fehlt (0.6 angenommen),1.800,0.000,0.374,3.655,0.142,tief,,25
00-0034967,Rashan Gary,DAL,HOU,LB,LB,1.000,2026-10-04 19:00:00+02:00,2026_04_DAL_HOU,-3.000,22.750,5.188,4.953,3,1.000,0.928,4.756,0.016,0.039,0.990,,,1.333,,0.750,0.620,False,,False,,,0.600,fehlt (0.6 angenommen),0.883,0.016,0.031,2.039,0.397,mittel,,68
00-0034973,Maxx Crosby,LV,KC,DL,DL,1.000,2026-10-04 22:25:00+02:00,2026_04_KC_LV,-4.500,21.500,10.526,12.000,3,1.000,1.034,10.880,0.027,0.040,0.990,,,8.083,,0.860,0.845,False,,False,,,0.600,fehlt (0.6 angenommen),2.029,0.026,0.057,4.940,0.274,mittel,,68
00-0034974,Julian Love,SEA,LAC,DB,DB,1.000,2026-10-04 22:25:00+02:00,2026_04_LAC_SEA,7.000,24.750,7.897,6.562,2,1.000,1.100,9.156,0.252,0.023,0.990,,,20.250,,0.960,1.000,False,,False,,,0.600,fehlt (0.6 angenommen),1.677,0.223,0.215,3.657,0.205,mittel,,68
00-0034975,Justice Hill,BAL,TEN,RB,RB,2.000,2026-10-04 19:00:00+02:00,2026_04_TEN_BAL,11.500,27.000,3.396,3.799,3,1.000,1.006,3.414,0.000,0.000,0.990,,,2.633,3.190,0.330,0.465,True,-0.557,False,,,0.600,fehlt (0.6 angenommen),0.970,0.000,0.044,1.918,0.284,mittel,Rolle↓,12
00-0034981,Foster Moreau,HOU,DAL,TE,TE,2.000,2026-10-04 19:00:00+02:00,2026_04_DAL_HOU,3.000,25.750,2.173,0.547,3,1.074,1.041,2.431,0.000,0.000,0.990,,,3.867,3.637,0.570,0.365,False,0.230,False,,,0.600,fehlt (0.6 angenommen),0.646,0.000,0.000,1.343,0.442,hoch,,7
00-0034982,Dre Greenlaw,SF,DEN,LB,LB,1.000,2026-10-04 22:25:00+02:00,2026_04_DEN_SF,3.000,25.750,5.536,5.062,3,1.000,0.850,4.737,0.056,0.032,0.750,Questionable,Quadricep,3.000,,0.710,0.675,False,,False,,,0.600,fehlt (0.6 angenommen),0.678,0.055,0.000,1.895,0.553,hoch,Questionable (Quadricep),68
00-0034993,Marcus Epps,PHI,LA,DB,DB,1.000,2026-10-04 19:00:00+02:00,2026_04_LA_PHI,-3.500,19.500,5.244,2.333,3,1.000,1.065,5.624,0.066,0.022,0.000,Out,Groin,3.333,,0.380,0.750,True,,False,,,0.600,fehlt (0.6 angenommen),0.000,0.063,0.000,0.000,1.000,hoch,Out (Groin); Rolle↓,68
00-0035021,Ashton Dulin,IND,WAS,WR,WR,2.000,2026-10-04 15:30:00+02:00,2026_04_IND_WAS,4.500,25.500,1.061,1.353,1,1.104,1.150,1.348,0.000,0.000,0.750,Questionable,Ankle,0.000,0.370,0.190,,False,,False,,,0.600,fehlt (0.6 angenommen),0.382,0.000,0.000,0.966,0.652,hoch,Questionable (Ankle),25
00-0035125,Alec Ingold,LAC,SEA,RB,RB,1.000,2026-10-04 22:25:00+02:00,2026_04_LAC_SEA,-7.000,17.750,1.042,0.431,3,0.831,0.854,0.740,0.000,0.000,0.990,,,1.167,5.250,0.450,0.395,False,,False,,,0.600,fehlt (0.6 angenommen),0.461,0.000,0.000,1.075,0.585,hoch,,12
00-0035133,Keisean Nixon,GB,TB,DB,DB,1.000,2026-10-04 19:00:00+02:00,2026_04_GB_TB,3.000,20.750,6.775,7.441,3,1.000,1.065,7.644,0.158,0.030,0.990,,,9.583,,0.990,1.000,False,,False,Gegner ohne QB1 (INT-Rate ×1.3),,0.600,fehlt (0.6 angenommen),1.432,0.146,0.188,3.101,0.242,mittel,Gegner ohne QB1 (INT-Rate ×1.3),68
00-0035144,Mack Wilson,ARI,NYG,LB,LB,1.000,2026-10-04 19:00:00+02:00,2026_04_ARI_NYG,2.500,23.000,6.299,8.375,3,1.000,0.942,5.855,0.046,0.032,0.990,,,3.500,,0.960,0.965,False,,False,,,0.600,fehlt (0.6 angenommen),1.095,0.044,0.088,2.474,0.326,mittel,,68
00-0035156,Jack Fox,DET,CAR,P,P,1.000,2026-10-05 02:20:00+02:00,2026_04_DET_CAR,3.500,27.500,17.386,16.319,3,0.988,0.945,16.228,0.000,0.000,0.990,,,20.900,,,,False,,False,,,0.600,fehlt (0.6 angenommen),1.237,0.000,0.460,2.155,0.117,tief,,4
00-0035166,Azeez Al-Shaair,HOU,DAL,LB,LB,1.000,2026-10-04 19:00:00+02:00,2026_04_DAL_HOU,3.000,25.750,6.188,6.594,3,1.000,1.014,6.216,0.060,0.039,0.000,Out,Groin,5.333,,0.760,1.000,False,,False,,,0.600,fehlt (0.6 angenommen),0.000,0.058,0.000,0.000,1.000,hoch,Out (Groin),68
00-0035190,AJ Cole,LV,KC,P,P,1.000,2026-10-04 22:25:00+02:00,2026_04_KC_LV,-4.500,21.500,18.114,19.876,3,0.955,0.975,16.874,0.000,0.000,0.990,,,20.467,,,,False,,False,,,0.600,fehlt (0.6 angenommen),1.278,0.000,0.478,2.188,0.109,tief,,4
00-0035192,Joey Slye,TEN,BAL,K,K,1.000,2026-10-04 19:00:00+02:00,2026_04_TEN_BAL,-11.500,15.500,7.801,8.000,3,0.932,1.087,7.903,0.000,0.000,0.990,,,4.333,,0.000,0.000,False,,False,,,0.600,fehlt (0.6 angenommen),2.600,0.000,0.000,5.600,0.174,tief,,7
00-0035202,Del'Shawn Phillips,LAC,SEA,LB,LB,1.000,2026-10-04 22:25:00+02:00,2026_04_LAC_SEA,-7.000,17.750,4.951,2.250,3,1.000,1.121,5.560,0.024,0.040,0.990,,,3.333,,0.470,0.590,False,,False,,,0.600,fehlt (0.6 angenommen),1.026,0.024,0.076,2.326,0.339,mittel,,68
00-0035228,Kyler Murray,MIN,MIA,QB,QB,1.000,2026-10-04 22:05:00+02:00,2026_04_MIA_MIN,10.000,24.250,14.779,17.408,2,1.050,1.066,16.548,0.000,0.000,0.990,,,5.020,7.355,1.000,0.170,False,-2.335,True,,,0.600,fehlt (0.6 angenommen),2.202,0.000,0.000,4.722,0.204,mittel,QB-Wechsel,6
00-0035229,T.J. Hockenson,MIN,MIA,TE,TE,1.000,2026-10-04 22:05:00+02:00,2026_04_MIA_MIN,10.000,24.250,4.086,4.111,3,1.044,1.138,4.853,0.000,0.000,0.990,,,4.533,4.297,0.850,0.675,False,0.237,True,,,0.600,fehlt (0.6 angenommen),1.073,0.000,0.103,2.232,0.278,mittel,QB-Wechsel,7
00-0035230,Ed Oliver,BUF,NE,DL,DL,1.000,2026-10-04 19:00:00+02:00,2026_04_NE_BUF,7.000,28.250,10.938,13.167,2,1.000,1.025,11.228,0.008,0.047,0.990,,,8.000,,0.410,0.820,True,,False,,,0.600,fehlt (0.6 angenommen),2.023,0.008,0.050,5.029,0.279,mittel,Rolle↓,68
00-0035236,Byron Murphy,MIN,MIA,DB,DB,1.000,2026-10-04 22:05:00+02:00,2026_04_MIA_MIN,10.000,24.250,6.607,6.147,3,1.000,1.034,7.045,0.157,0.030,0.990,,,9.500,,0.970,0.995,False,,False,,,0.600,fehlt (0.6 angenommen),1.242,0.146,0.145,2.730,0.273,mittel,,68
00-0035240,Jahlani Tavai,JAX,CIN,LB,LB,2.000,2026-10-04 19:00:00+02:00,2026_04_JAX_CIN,-2.500,24.500,2.129,2.833,3,1.000,0.978,2.092,0.025,0.031,0.990,,,1.333,,0.160,0.060,False,,False,,,0.600,fehlt (0.6 angenommen),0.400,0.025,0.000,0.866,0.736,hoch,,68
00-0035248,Zach Allen,DEN,SF,DL,DL,1.000,2026-10-04 22:25:00+02:00,2026_04_DEN_SF,-3.000,22.750,4.854,3.382,3,1.000,0.850,4.127,0.004,0.020,0.990,,,7.167,,0.710,0.710,False,,False,,,0.600,fehlt (0.6 angenommen),0.779,0.004,0.000,1.983,0.505,hoch,,68
00-0035250,Devin Singletary,NYG,ARI,RB,RB,4.000,2026-10-04 19:00:00+02:00,2026_04_ARI_NYG,-2.500,20.500,3.806,3.325,2,0.989,1.049,3.949,0.000,0.000,0.990,,,5.350,4.645,0.260,0.360,True,0.705,False,,,0.600,fehlt (0.6 angenommen),1.190,0.000,0.101,2.312,0.225,mittel,Rolle↓,12
00-0035253,C.J. Gardner-Johnson,BUF,NE,DB,DB,1.000,2026-10-04 19:00:00+02:00,2026_04_NE_BUF,7.000,28.250,6.931,7.654,3,1.000,0.997,7.274,0.185,0.022,0.990,,,8.333,,0.990,1.000,False,,False,,,0.600,fehlt (0.6 angenommen),1.289,0.169,0.138,2.879,0.273,mittel,,68
00-0035254,Anthony Nelson,TB,GB,LB,LB,2.000,2026-10-04 19:00:00+02:00,2026_04_GB_TB,-3.000,17.750,4.158,4.893,3,1.000,1.022,4.187,0.040,0.030,0.990,,,2.833,,0.320,0.310,False,,False,,,0.600,fehlt (0.6 angenommen),0.759,0.039,0.000,1.820,0.468,hoch,,68
00-0035261,Tony Pollard,TEN,BAL,RB,RB,1.000,2026-10-04 19:00:00+02:00,2026_04_TEN_BAL,-11.500,15.500,8.743,9.000,3,0.921,0.987,7.944,0.000,0.000,0.990,,,6.500,9.447,0.530,0.535,False,-2.947,False,,,0.600,fehlt (0.6 angenommen),1.996,0.000,0.451,3.828,0.110,tief,,12
00-0035262,Drue Tranquill,KC,LV,LB,LB,1.000,2026-10-04 22:25:00+02:00,2026_04_KC_LV,4.500,26.000,6.372,5.971,3,1.000,0.983,6.326,0.028,0.039,0.990,,,6.500,,0.850,0.975,False,,False,,,0.600,fehlt (0.6 angenommen),1.142,0.027,0.111,2.559,0.304,mittel,,68
00-0035264,Jarrett Stidham,DEN,SF,QB,QB,2.000,2026-10-04 22:25:00+02:00,2026_04_DEN_SF,-3.000,22.750,4.000,4.000,0,1.016,0.991,4.028,0.000,0.000,0.990,,,,,,,False,,False,,,0.000,0 (noch kein Saisonspiel),0.105,0.000,0.000,0.406,0.914,hoch,keine Spiele 2026,6
00-0035269,Matt Gay,LV,KC,K,K,1.000,2026-10-04 22:25:00+02:00,2026_04_KC_LV,-4.500,21.500,8.259,7.083,3,1.031,0.979,8.335,0.000,0.000,0.990,,,10.000,,0.000,0.000,False,,False,,,0.500,Pool,3.001,0.000,0.006,6.372,0.158,tief,,7
00-0035272,Andrew Van Ginkel,MIN,MIA,LB,LB,1.000,2026-10-04 22:05:00+02:00,2026_04_MIA_MIN,10.000,24.250,8.744,10.875,3,1.000,0.935,8.322,0.111,0.072,0.990,,,14.333,,0.780,0.835,False,,False,,,0.200,Pool,1.499,0.105,0.156,3.255,0.246,mittel,,68
00-0035276,Blake Cashman,MIN,MIA,LB,LB,1.000,2026-10-04 22:05:00+02:00,2026_04_MIA_MIN,10.000,24.250,7.074,6.462,3,1.000,0.935,6.648,0.028,0.031,0.990,,,9.917,,0.970,0.925,False,,False,,,0.600,fehlt (0.6 angenommen),1.170,0.027,0.103,2.570,0.289,mittel,,68
00-0035279,Charles Omenihu,WAS,IND,DL,DL,2.000,2026-10-04 15:30:00+02:00,2026_04_IND_WAS,-4.500,21.000,1.551,2.279,3,1.000,1.097,1.708,0.005,0.020,0.990,,,0.833,,0.700,0.530,False,,False,,,0.600,fehlt (0.6 angenommen),0.327,0.005,0.000,0.784,0.780,hoch,,68
00-0035282,Easton Stick,TB,GB,QB,QB,3.000,2026-10-04 19:00:00+02:00,2026_04_GB_TB,-3.000,17.750,2.000,2.000,0,0.852,0.970,1.652,0.000,0.000,0.990,,,,,,,False,,False,,,0.000,0 (noch kein Saisonspiel),0.017,0.000,0.000,0.000,0.987,hoch,keine Spiele 2026,6
00-0035289,Gardner Minshew,ARI,NYG,QB,QB,2.000,2026-10-04 19:00:00+02:00,2026_04_ARI_NYG,2.500,23.000,0.352,0.352,0,1.102,1.040,0.404,0.000,0.000,0.990,,,,,,,False,,False,,,0.000,0 (noch kein Saisonspiel),0.005,0.000,0.000,0.000,0.998,hoch,keine Spiele 2026,6
00-0035352,Tyrel Dodson,CAR,DET,LB,LB,2.000,2026-10-05 02:20:00+02:00,2026_04_DET_CAR,-3.500,24.000,5.757,6.000,1,1.000,1.032,5.804,0.034,0.041,0.990,,,1.000,,0.540,,False,,False,,,0.600,fehlt (0.6 angenommen),1.077,0.034,0.064,2.457,0.335,mittel,,68
00-0035357,Cam Lewis,CHI,NYJ,DB,DB,1.000,2026-10-04 19:00:00+02:00,2026_04_NYJ_CHI,3.500,23.500,5.322,2.941,3,1.000,1.047,5.494,0.043,0.021,0.150,Doubtful,Hip,3.333,,0.760,0.875,False,,False,,,0.600,fehlt (0.6 angenommen),0.146,0.042,0.000,0.461,0.905,hoch,Doubtful (Hip),68
00-0035358,Chase McLaughlin,TB,GB,K,K,1.000,2026-10-04 19:00:00+02:00,2026_04_GB_TB,-3.000,17.750,8.723,8.941,3,0.887,0.972,6.918,0.000,0.000,0.990,,,13.000,,0.000,0.000,False,,False,QB1 Baker Mayfield fehlt (×0.92),,0.100,Pool,2.350,0.000,0.000,5.097,0.206,mittel,QB1 Baker Mayfield fehlt (×0.92),7
00-0035363,Joe Giles-Harris,CIN,JAX,LB,LB,2.000,2026-10-04 19:00:00+02:00,2026_04_JAX_CIN,2.500,27.000,1.310,2.375,3,1.000,0.856,1.120,0.027,0.032,0.990,,,0.000,,0.000,0.000,False,,False,,,0.600,fehlt (0.6 angenommen),0.255,0.027,0.000,0.514,0.894,hoch,,68
00-0035378,Andrew Wingard,ARI,NYG,DB,DB,1.000,2026-10-04 19:00:00+02:00,2026_04_ARI_NYG,2.500,23.000,6.631,5.906,3,1.000,1.012,6.540,0.100,0.031,0.990,,,10.833,,1.000,1.000,False,,False,,,0.600,fehlt (0.6 angenommen),1.177,0.095,0.130,2.649,0.288,mittel,,68
00-0035386,T.J. Edwards,CHI,NYJ,LB,LB,1.000,2026-10-04 19:00:00+02:00,2026_04_NYJ_CHI,3.500,23.500,7.205,7.475,3,1.000,1.070,7.552,0.085,0.032,0.990,,,7.833,,1.000,1.000,False,,False,,,0.600,fehlt (0.6 angenommen),1.398,0.082,0.157,3.073,0.254,mittel,,68
00-0035409,Shy Tuttle,WAS,IND,DL,DL,2.000,2026-10-04 15:30:00+02:00,2026_04_IND_WAS,-4.500,21.000,0.685,0.909,3,1.000,1.097,0.758,0.006,0.021,0.990,,,0.333,0.000,0.340,0.300,False,,False,,,0.600,fehlt (0.6 angenommen),0.176,0.006,0.000,0.424,0.932,hoch,,68
00-0035413,Luke Gifford,SF,DEN,LB,LB,2.000,2026-10-04 22:25:00+02:00,2026_04_DEN_SF,3.000,25.750,1.229,1.633,2,1.000,0.850,1.059,0.025,0.041,0.990,,,0.500,,0.000,0.020,False,,False,,,0.600,fehlt (0.6 angenommen),0.233,0.025,0.000,0.478,0.907,hoch,,68
00-0035500,Greg Dortch,BUF,NE,WR,WR,1.000,2026-10-04 19:00:00+02:00,2026_04_NE_BUF,7.000,28.250,1.797,3.258,3,1.019,0.996,1.823,0.000,0.000,0.990,,,0.000,,0.080,0.025,False,,False,,,0.600,fehlt (0.6 angenommen),0.613,0.000,0.002,1.226,0.447,hoch,,25
00-0035525,Devin Bush,CHI,NYJ,LB,LB,1.000,2026-10-04 19:00:00+02:00,2026_04_NYJ_CHI,3.500,23.500,7.634,10.294,3,1.000,1.070,8.034,0.072,0.059,0.990,,,8.833,,0.880,0.980,False,,False,,,0.600,fehlt (0.6 angenommen),1.481,0.070,0.140,3.279,0.247,mittel,,68
00-0035535,Darius Slayton,IND,WAS,WR,WR,3.000,2026-10-04 15:30:00+02:00,2026_04_IND_WAS,4.500,25.500,3.750,3.750,0,1.104,1.150,4.763,0.000,0.000,0.990,,,,,,,False,,False,,,0.000,0 (noch kein Saisonspiel),1.342,0.000,0.239,2.686,0.199,tief,keine Spiele 2026,25
00-0035537,Ty Johnson,BUF,NE,RB,RB,2.000,2026-10-04 19:00:00+02:00,2026_04_NE_BUF,7.000,28.250,4.155,4.289,1,1.019,0.925,3.916,0.000,0.000,0.990,,,5.000,2.500,0.230,,False,,False,,,0.600,fehlt (0.6 angenommen),1.137,0.000,0.114,2.233,0.231,mittel,,12
00-0035544,Tom Kennedy,DET,CAR,WR,WR,1.000,2026-10-05 02:20:00+02:00,2026_04_DET_CAR,3.500,27.500,0.317,0.575,3,1.010,0.885,0.283,0.000,0.000,0.990,,,0.000,,0.000,0.000,False,,False,,,0.600,fehlt (0.6 angenommen),0.276,0.000,0.000,0.663,0.787,hoch,,25
00-0035567,Craig Reynolds,WAS,IND,RB,RB,5.000,2026-10-04 15:30:00+02:00,2026_04_IND_WAS,-4.500,21.000,0.166,0.166,0,1.037,1.033,0.167,0.000,0.000,0.990,,,,,,,False,,False,QB1 Jayden Daniels fehlt (×0.94),,0.000,0 (noch kein Saisonspiel),0.360,0.000,0.000,0.916,0.680,hoch,keine Spiele 2026; QB1 Jayden Daniels fehlt (×0.94),12
00-0035602,Alex Bachman,LA,PHI,WR,WR,7.000,2026-10-04 19:00:00+02:00,2026_04_LA_PHI,3.500,23.000,0.142,0.142,0,0.967,0.979,0.135,0.000,0.000,0.990,,,,,,,False,,False,,,0.000,0 (noch kein Saisonspiel),0.252,0.000,0.000,0.636,0.816,hoch,keine Spiele 2026,25
00-0035617,Troy Reeder,NYJ,CHI,LB,LB,2.000,2026-10-04 19:00:00+02:00,2026_04_NYJ_CHI,-3.500,20.000,1.149,1.571,2,1.000,1.028,1.182,0.025,0.031,0.990,,,0.500,,0.000,0.000,False,,False,Gegner ohne QB1 (INT-Rate ×1.3),,0.600,fehlt (0.6 angenommen),0.259,0.024,0.000,0.517,0.893,hoch,Gegner ohne QB1 (INT-Rate ×1.3),68
00-0035631,Drew Sample,CIN,JAX,TE,TE,2.000,2026-10-04 19:00:00+02:00,2026_04_JAX_CIN,2.500,27.000,0.891,0.893,3,1.068,0.956,0.910,0.000,0.000,0.990,,,0.633,1.333,0.510,0.630,False,-0.700,False,,,0.600,fehlt (0.6 angenommen),0.365,0.000,0.000,0.834,0.674,hoch,,7
00-0035632,Amani Hooker,TEN,BAL,DB,DB,1.000,2026-10-04 19:00:00+02:00,2026_04_TEN_BAL,-11.500,15.500,6.722,5.594,3,1.000,0.888,5.857,0.084,0.021,0.990,,,10.333,,1.000,0.985,False,,False,,,0.600,fehlt (0.6 angenommen),1.006,0.081,0.096,2.271,0.331,mittel,,68
00-0035636,L.J. Collier,ARI,NYG,DL,DL,2.000,2026-10-04 19:00:00+02:00,2026_04_ARI_NYG,2.500,23.000,0.331,0.333,3,1.000,1.054,0.340,0.005,0.023,0.990,,,0.333,0.000,0.370,0.390,False,,False,,,0.600,fehlt (0.6 angenommen),0.137,0.005,0.000,0.327,0.956,hoch,,68
00-0035637,Rock Ya-Sin,DET,CAR,DB,DB,2.000,2026-10-05 02:20:00+02:00,2026_04_DET_CAR,3.500,27.500,5.496,3.031,3,1.000,0.986,5.417,0.052,0.021,0.990,,,4.667,,0.200,0.970,True,,False,,,0.600,fehlt (0.6 angenommen),0.991,0.051,0.084,2.255,0.335,mittel,Rolle↓,68
00-0035642,Josh Hines-Allen,JAX,CIN,DL,DL,1.000,2026-10-04 19:00:00+02:00,2026_04_JAX_CIN,-2.500,24.500,5.691,5.559,3,1.000,1.014,5.773,0.004,0.040,0.990,,,7.250,,0.600,0.800,True,,False,,,0.600,fehlt (0.6 angenommen),1.065,0.004,0.000,2.678,0.421,hoch,Rolle↓,68
00-0035643,Jeffery Simmons,TEN,BAL,DL,DL,1.000,2026-10-04 19:00:00+02:00,2026_04_TEN_BAL,-11.500,15.500,8.893,8.933,3,1.000,1.050,9.330,0.004,0.021,0.990,,,8.000,,0.980,0.810,False,,False,,,0.600,fehlt (0.6 angenommen),1.700,0.004,0.016,4.239,0.315,mittel,,68
00-0035647,Montez Sweat,CHI,NYJ,DL,DL,1.000,2026-10-04 19:00:00+02:00,2026_04_NYJ_CHI,3.500,23.500,5.966,7.265,3,1.000,0.938,5.591,0.004,0.030,0.990,,,4.333,,0.760,0.660,False,,False,,,0.600,fehlt (0.6 angenommen),1.030,0.004,0.000,2.580,0.438,hoch,,68
00-0035659,Terry McLaurin,WAS,IND,WR,WR,1.000,2026-10-04 15:30:00+02:00,2026_04_IND_WAS,-4.500,21.000,7.832,7.222,3,1.037,1.085,7.488,0.000,0.000,0.750,Questionable,Hamstring,6.700,9.207,0.750,0.785,False,-2.507,True,QB1 Jayden Daniels fehlt (×0.85),,0.600,fehlt (0.6 angenommen),1.505,0.000,0.000,3.628,0.342,mittel,Questionable (Hamstring); QB-Wechsel; QB1 Jayden Daniels fehlt (×0.85),25
00-0035662,Marquise Brown,PHI,LA,WR,WR,4.000,2026-10-04 19:00:00+02:00,2026_04_LA_PHI,-3.500,19.500,2.694,3.165,1,0.901,1.022,2.482,0.000,0.000,0.000,Out,Ankle,1.200,1.360,0.220,,False,,False,,,0.600,fehlt (0.6 angenommen),0.000,0.000,0.000,0.000,1.000,hoch,Out (Ankle),25
00-0035667,Greg Gaines,BUF,NE,DL,DL,2.000,2026-10-04 19:00:00+02:00,2026_04_NE_BUF,7.000,28.250,0.929,1.471,3,1.000,1.025,0.962,0.005,0.020,0.990,,,0.333,,0.320,0.235,False,,False,,,0.600,fehlt (0.6 angenommen),0.205,0.005,0.000,0.489,0.903,hoch,,68
00-0035669,Nick Scott,CAR,DET,DB,DB,1.000,2026-10-05 02:20:00+02:00,2026_04_DET_CAR,-3.500,24.000,6.352,5.324,2,1.000,0.933,5.710,0.054,0.051,0.990,,,8.000,,0.070,0.960,True,,False,,,0.600,fehlt (0.6 angenommen),1.064,0.052,0.095,2.441,0.317,mittel,Rolle↓,68
00-0035672,Cody Barton,TEN,BAL,LB,LB,2.000,2026-10-04 19:00:00+02:00,2026_04_TEN_BAL,-11.500,15.500,5.603,6.000,3,1.000,0.978,5.377,0.075,0.029,0.990,,,2.167,,0.690,0.875,False,,False,,,0.600,fehlt (0.6 angenommen),0.931,0.073,0.024,2.255,0.392,mittel,,68
00-0035674,Jerry Tillery,IND,WAS,DL,DL,2.000,2026-10-04 15:30:00+02:00,2026_04_IND_WAS,4.500,25.500,2.121,1.632,3,1.000,0.880,1.868,0.005,0.030,0.990,,,2.833,,0.480,0.470,False,,False,Gegner ohne QB1 (INT-Rate ×1.3),,0.600,fehlt (0.6 angenommen),0.359,0.005,0.000,0.885,0.760,hoch,Gegner ohne QB1 (INT-Rate ×1.3),68
00-0035678,Dre'Mont Jones,NE,BUF,LB,LB,1.000,2026-10-04 19:00:00+02:00,2026_04_NE_BUF,-7.000,21.250,5.388,4.389,2,1.000,1.014,5.450,0.021,0.049,0.750,Questionable,Shoulder,3.250,,0.260,0.840,True,,False,,,0.600,fehlt (0.6 angenommen),0.731,0.021,0.000,1.934,0.521,hoch,Questionable (Shoulder); Rolle↓,68
00-0035683,Dexter Lawrence,CIN,JAX,DL,DL,1.000,2026-10-04 19:00:00+02:00,2026_04_JAX_CIN,2.500,27.000,5.361,2.721,3,1.000,1.006,5.392,0.025,0.020,0.990,,,7.333,,0.790,0.625,False,,False,,,0.600,fehlt (0.6 angenommen),0.999,0.025,0.000,2.537,0.447,hoch,,68
00-0035685,David Montgomery,HOU,DAL,RB,RB,1.000,2026-10-04 19:00:00+02:00,2026_04_DAL_HOU,3.000,25.750,8.918,8.423,3,1.074,1.086,10.406,0.000,0.000,0.990,,,11.033,10.493,0.630,0.505,True,0.540,False,,,0.900,Pool,2.695,0.000,0.644,5.169,0.079,tief,Rolle↓,12
00-0035687,Bobby Okereke,CAR,DET,LB,LB,1.000,2026-10-05 02:20:00+02:00,2026_04_DET_CAR,-3.500,24.000,7.063,7.559,3,1.000,1.032,6.983,0.076,0.039,0.990,,,9.167,,1.000,0.800,False,,False,,,0.600,fehlt (0.6 angenommen),1.274,0.073,0.108,2.853,0.282,mittel,,68
00-0035689,Dawson Knox,BUF,NE,TE,TE,2.000,2026-10-04 19:00:00+02:00,2026_04_NE_BUF,7.000,28.250,2.725,3.000,3,1.019,0.881,2.446,0.000,0.000,0.990,,,2.567,2.243,0.700,0.715,False,0.323,False,,,0.600,fehlt (0.6 angenommen),0.624,0.000,0.000,1.311,0.466,hoch,,7
00-0035704,Drew Lock,SEA,LAC,QB,QB,2.000,2026-10-04 22:25:00+02:00,2026_04_LAC_SEA,7.000,24.750,10.802,0.122,2,1.034,0.940,10.498,0.000,0.000,0.990,,,17.090,10.865,1.000,0.900,False,6.225,True,,,0.600,fehlt (0.6 angenommen),1.015,0.000,0.000,2.653,0.447,hoch,QB-Wechsel,6
00-0035707,Devin White,DET,CAR,LB,LB,1.000,2026-10-05 02:20:00+02:00,2026_04_DET_CAR,3.500,27.500,6.362,8.750,2,1.000,0.913,5.809,0.045,0.030,0.990,,,2.000,,0.450,0.200,False,,False,,,0.600,fehlt (0.6 angenommen),1.066,0.044,0.076,2.449,0.334,mittel,,68
00-0035710,Daniel Jones,IND,WAS,QB,QB,1.000,2026-10-04 15:30:00+02:00,2026_04_IND_WAS,4.500,25.500,15.751,18.082,3,1.120,1.150,20.293,0.000,0.000,0.990,,,9.447,14.133,1.000,1.000,False,-4.687,False,,,0.600,fehlt (0.6 angenommen),3.157,0.000,0.218,6.356,0.129,tief,Pech -4.7 FP vs xFP,6
00-0035717,Nick Bosa,SF,DEN,DL,DL,1.000,2026-10-04 22:25:00+02:00,2026_04_DEN_SF,3.000,25.750,9.833,13.333,2,1.000,0.961,9.451,0.007,0.035,0.000,Out,Knee,4.500,,0.680,0.590,False,,False,,,0.600,fehlt (0.6 angenommen),0.000,0.007,0.000,0.000,1.000,hoch,Out (Knee),68
00-0035718,Quinnen Williams,DAL,HOU,DL,DL,1.000,2026-10-04 19:00:00+02:00,2026_04_DAL_HOU,-3.000,22.750,4.939,5.317,3,1.000,1.150,5.610,0.020,0.021,0.990,,,4.333,,0.750,0.735,False,,False,,,0.600,fehlt (0.6 angenommen),1.058,0.019,0.000,2.637,0.424,hoch,,68
00-0035719,Deebo Samuel Sr.,SF,DEN,WR,WR,1.000,2026-10-04 22:25:00+02:00,2026_04_DEN_SF,3.000,25.750,7.338,7.028,3,0.992,0.912,6.638,0.000,0.000,0.990,,,10.300,5.533,0.760,0.510,True,4.767,False,,,0.600,fehlt (0.6 angenommen),1.821,0.000,0.356,3.661,0.141,tief,Rolle↓,25
00-0035763,Malcolm Roach,DEN,SF,DL,DL,2.000,2026-10-04 22:25:00+02:00,2026_04_DEN_SF,-3.000,22.750,5.116,2.750,3,1.000,0.850,4.349,0.005,0.021,0.990,,,7.833,,0.620,0.520,False,,False,,,0.600,fehlt (0.6 angenommen),0.834,0.005,0.000,2.114,0.487,hoch,,68
00-0035795,James Pierre,MIN,MIA,DB,DB,1.000,2026-10-04 22:05:00+02:00,2026_04_MIA_MIN,10.000,24.250,7.373,6.450,3,1.000,1.034,7.835,0.156,0.033,0.990,,,9.500,,0.410,0.345,False,,False,,,0.600,fehlt (0.6 angenommen),1.402,0.144,0.179,3.043,0.241,mittel,,68
00-0035821,Corliss Waitman,SF,DEN,P,P,1.000,2026-10-04 22:25:00+02:00,2026_04_DEN_SF,3.000,25.750,16.411,16.606,3,1.011,1.150,19.079,0.000,0.000,0.990,,,11.067,,,,False,,False,,,0.600,fehlt (0.6 angenommen),1.489,0.000,0.561,2.573,0.084,tief,,4
00-0035859,Blake Gillikin,ARI,NYG,P,P,1.000,2026-10-04 19:00:00+02:00,2026_04_ARI_NYG,2.500,23.000,18.829,22.760,3,0.897,0.952,16.067,0.000,0.000,0.990,,,21.600,,,,False,,False,,,0.600,fehlt (0.6 angenommen),1.246,0.000,0.463,2.161,0.117,tief,,4
00-0035889,Tommy Townsend,TEN,BAL,P,P,1.000,2026-10-04 19:00:00+02:00,2026_04_TEN_BAL,-11.500,15.500,18.819,20.141,3,1.112,0.919,19.237,0.000,0.000,0.990,,,25.600,,,,False,,False,,,0.600,fehlt (0.6 angenommen),1.407,0.000,0.528,2.420,0.089,tief,,4
00-0035891,Cody White,LV,KC,WR,WR,3.000,2026-10-04 22:25:00+02:00,2026_04_KC_LV,-4.500,21.500,3.139,1.205,3,1.036,0.872,2.837,0.000,0.000,0.990,,,6.933,3.417,,,False,3.517,False,,,0.600,fehlt (0.6 angenommen),0.865,0.000,0.101,1.720,0.312,mittel,,25
00-0035900,Cole Christiansen,KC,LV,LB,LB,2.000,2026-10-04 22:25:00+02:00,2026_04_KC_LV,4.500,26.000,0.950,0.600,1,1.000,0.983,1.034,0.047,0.036,0.990,,,2.000,,0.000,,False,,False,,,0.600,fehlt (0.6 angenommen),0.257,0.046,0.000,0.498,0.901,hoch,,68
00-0035933,Michael Hoecht,BUF,NE,LB,LB,2.000,2026-10-04 19:00:00+02:00,2026_04_NE_BUF,7.000,28.250,1.512,2.195,3,1.000,1.110,1.758,0.040,0.034,0.990,,,0.750,0.000,0.350,0.360,False,,False,,,0.600,fehlt (0.6 angenommen),0.334,0.039,0.000,0.697,0.831,hoch,,68
00-0035942,Christian Rozeboom,TB,GB,LB,LB,2.000,2026-10-04 19:00:00+02:00,2026_04_GB_TB,-3.000,17.750,5.757,6.000,1,1.000,1.022,5.818,0.043,0.031,0.990,,,1.000,,0.510,,False,,False,,,0.600,fehlt (0.6 angenommen),1.095,0.042,0.077,2.531,0.321,mittel,,68
00-0035993,Tyler Huntley,BAL,TEN,QB,QB,2.000,2026-10-04 19:00:00+02:00,2026_04_TEN_BAL,11.500,27.000,11.076,6.000,0,1.000,0.983,10.893,0.000,0.000,0.990,,,,,,,False,,False,,,0.000,0 (noch kein Saisonspiel),1.072,0.000,0.000,2.710,0.424,hoch,keine Spiele 2026,6
00-0036037,Sam Franklin Jr.,BUF,NE,DB,DB,2.000,2026-10-04 19:00:00+02:00,2026_04_NE_BUF,7.000,28.250,0.790,0.833,3,1.000,0.997,0.928,0.071,0.022,0.990,,,0.667,,0.000,0.000,False,,False,,,0.600,fehlt (0.6 angenommen),0.261,0.069,0.000,0.566,0.892,hoch,,68
00-0036081,Broderick Washington,BAL,TEN,DL,DL,2.000,2026-10-04 19:00:00+02:00,2026_04_TEN_BAL,11.500,27.000,1.202,1.167,3,1.000,0.995,1.184,0.005,0.023,0.990,,,1.500,0.000,0.350,0.395,False,,False,,,0.600,fehlt (0.6 angenommen),0.235,0.005,0.000,0.548,0.875,hoch,,68
00-0036124,Khalil Dorsey,DET,CAR,DB,DB,3.000,2026-10-05 02:20:00+02:00,2026_04_DET_CAR,3.500,27.500,1.362,0.857,3,1.000,0.986,1.341,0.064,0.023,0.990,,,2.000,,0.000,0.015,False,,False,,,0.600,fehlt (0.6 angenommen),0.290,0.062,0.000,0.599,0.881,hoch,,68
00-0036130,Nnamdi Madubuike,BAL,TEN,DL,DL,1.000,2026-10-04 19:00:00+02:00,2026_04_TEN_BAL,11.500,27.000,3.204,3.938,1,1.000,0.995,3.172,0.006,0.025,0.990,,,1.000,,0.640,,False,,False,,,0.600,fehlt (0.6 angenommen),0.560,0.006,0.000,1.428,0.616,hoch,,68
00-0036158,J.K. Dobbins,DEN,SF,RB,RB,1.000,2026-10-04 22:25:00+02:00,2026_04_DEN_SF,-3.000,22.750,8.877,10.098,3,1.014,0.998,8.977,0.000,0.000,0.990,,,4.167,9.947,0.490,0.385,False,-5.780,False,,,0.600,fehlt (0.6 angenommen),2.313,0.000,0.534,4.428,0.093,tief,Pech -5.8 FP vs xFP,12
00-0036159,Joshua Uche,MIA,MIN,LB,LB,1.000,2026-10-04 22:05:00+02:00,2026_04_MIA_MIN,-10.000,14.250,4.812,2.182,3,1.000,1.022,4.976,0.031,0.031,0.990,,,2.667,,0.690,0.525,False,,False,,,0.600,fehlt (0.6 angenommen),0.876,0.030,0.020,2.051,0.397,mittel,,68
00-0036162,Tyler Bass,BUF,NE,K,K,1.000,2026-10-04 19:00:00+02:00,2026_04_NE_BUF,7.000,28.250,7.334,1.125,3,1.016,0.850,6.336,0.000,0.000,0.990,,,7.667,,0.000,0.000,False,,False,,,0.600,fehlt (0.6 angenommen),1.944,0.000,0.000,4.382,0.257,mittel,,7
00-0036181,Teair Tart,LAC,SEA,DL,DL,1.000,2026-10-04 22:25:00+02:00,2026_04_LAC_SEA,-7.000,17.750,2.522,3.294,3,1.000,0.925,2.335,0.004,0.030,0.990,,,1.667,0.000,0.550,0.490,False,,False,,,0.600,fehlt (0.6 angenommen),0.439,0.004,0.000,1.099,0.705,hoch,,68
00-0036182,Nick Westbrook-Ikhine,IND,WAS,WR,WR,8.000,2026-10-04 15:30:00+02:00,2026_04_IND_WAS,4.500,25.500,0.810,0.810,0,1.104,1.150,1.028,0.000,0.000,0.990,,,,,,,False,,False,,,0.000,0 (noch kein Saisonspiel),0.439,0.000,0.000,0.941,0.611,hoch,keine Spiele 2026,25
00-0036187,Reggie Gilliam,NE,BUF,RB,RB,1.000,2026-10-04 19:00:00+02:00,2026_04_NE_BUF,-7.000,21.250,0.285,0.301,3,0.986,1.110,0.312,0.000,0.000,0.750,Questionable,Knee,0.133,0.407,0.130,0.270,False,-0.273,False,,,0.600,fehlt (0.6 angenommen),0.282,0.000,0.000,0.868,0.749,hoch,Questionable (Knee),12
00-0036192,A.J. Epenesa,PHI,LA,DL,DL,3.000,2026-10-04 19:00:00+02:00,2026_04_LA_PHI,-3.500,19.500,1.790,2.597,2,1.000,0.958,1.762,0.073,0.040,0.990,,,0.500,0.000,0.150,0.170,False,,False,,,0.600,fehlt (0.6 angenommen),0.361,0.071,0.000,1.493,0.832,hoch,,68
00-0036220,Derrick Brown,CAR,DET,DL,DL,1.000,2026-10-05 02:20:00+02:00,2026_04_DET_CAR,-3.500,24.000,4.294,4.647,3,1.000,0.922,3.945,0.003,0.020,0.990,,,3.500,,0.760,0.595,False,,False,,,0.600,fehlt (0.6 angenommen),0.730,0.003,0.000,1.821,0.523,hoch,,68
00-0036221,Brandon Jones,DEN,SF,DB,DB,1.000,2026-10-04 22:25:00+02:00,2026_04_DEN_SF,-3.000,22.750,6.878,5.768,3,1.000,0.925,6.380,0.124,0.031,0.990,,,11.000,,0.990,0.960,False,,False,,,0.600,fehlt (0.6 angenommen),1.193,0.117,0.127,2.745,0.294,mittel,,68
00-0036222,Isaiah Rodgers,MIN,MIA,DB,DB,1.000,2026-10-04 22:05:00+02:00,2026_04_MIA_MIN,10.000,24.250,6.974,6.118,3,1.000,1.034,7.391,0.133,0.050,0.990,,,10.667,,0.940,0.985,False,,False,,,0.600,fehlt (0.6 angenommen),1.302,0.124,0.145,2.878,0.266,mittel,,68
00-0036223,Jonathan Taylor,IND,WAS,RB,RB,1.000,2026-10-04 15:30:00+02:00,2026_04_IND_WAS,4.500,25.500,16.901,17.008,3,1.104,0.980,18.286,0.000,0.000,0.990,,,18.167,16.967,0.850,0.915,True,1.200,False,,,0.600,fehlt (0.6 angenommen),4.500,0.000,1.139,8.798,0.040,tief,Rolle↓,12
00-0036224,Jonathan Greenard,PHI,LA,LB,LB,1.000,2026-10-04 19:00:00+02:00,2026_04_LA_PHI,-3.500,19.500,4.750,5.333,1,1.000,0.850,4.056,0.029,0.032,0.990,,,3.000,,0.250,,False,,False,,,0.600,fehlt (0.6 angenommen),0.741,0.028,0.000,1.755,0.471,hoch,,68
00-0036231,Kyle Dugger,CIN,JAX,DB,DB,2.000,2026-10-04 19:00:00+02:00,2026_04_JAX_CIN,2.500,27.000,4.341,5.438,3,1.000,1.036,4.495,0.095,0.021,0.000,Out,Quadricep,2.500,,0.660,0.000,False,,False,,,0.600,fehlt (0.6 angenommen),0.000,0.091,0.000,0.000,1.000,hoch,Out (Quadricep),68
00-0036237,Larrell Murchison,LA,PHI,DL,DL,3.000,2026-10-04 19:00:00+02:00,2026_04_LA_PHI,3.500,23.000,1.300,1.300,0,1.000,0.949,1.236,0.006,0.023,0.990,,,,,,,False,,False,,,0.000,0 (noch kein Saisonspiel),0.255,0.006,0.000,0.602,0.855,hoch,keine Spiele 2026,68
00-0036244,Colby Parkinson,LA,PHI,TE,TE,1.000,2026-10-04 19:00:00+02:00,2026_04_LA_PHI,3.500,23.000,3.788,5.551,3,0.967,0.850,3.114,0.000,0.000,0.750,Questionable,Knee,0.700,2.507,0.430,0.740,True,-1.807,False,,,0.600,fehlt (0.6 angenommen),0.584,0.000,0.000,1.471,0.540,hoch,Questionable (Knee); Rolle↓,7
00-0036259,Jauan Jennings,MIN,MIA,WR,WR,3.000,2026-10-04 22:05:00+02:00,2026_04_MIA_MIN,10.000,24.250,3.159,4.629,2,1.044,0.934,3.078,0.000,0.000,0.990,,,0.050,1.325,0.800,0.480,False,-1.275,True,,,0.600,fehlt (0.6 angenommen),0.900,0.000,0.120,1.792,0.314,mittel,QB-Wechsel,25
00-0036260,Javon Kinlaw,WAS,IND,DL,DL,1.000,2026-10-04 15:30:00+02:00,2026_04_IND_WAS,-4.500,21.000,2.904,2.412,3,1.000,1.097,3.191,0.005,0.020,0.990,,,3.833,,0.600,0.570,False,,False,,,0.600,fehlt (0.6 angenommen),0.604,0.005,0.000,1.549,0.588,hoch,,68
00-0036262,DaVon Hamilton,JAX,CIN,DL,DL,1.000,2026-10-04 19:00:00+02:00,2026_04_JAX_CIN,-2.500,24.500,4.076,1.441,3,1.000,1.014,4.135,0.004,0.040,0.990,,,6.083,,0.430,0.485,False,,False,,,0.600,fehlt (0.6 angenommen),0.782,0.004,0.000,2.010,0.502,hoch,,68
00-0036264,Jordan Love,GB,TB,QB,QB,1.000,2026-10-04 19:00:00+02:00,2026_04_GB_TB,3.000,20.750,16.289,15.504,3,0.927,1.038,15.676,0.000,0.000,0.990,,,17.253,17.970,1.000,1.000,False,-0.717,False,,,0.600,Pool,2.139,0.000,0.000,4.656,0.230,mittel,,6
00-0036265,AJ Dillon,CAR,DET,RB,RB,2.000,2026-10-05 02:20:00+02:00,2026_04_DET_CAR,-3.500,24.000,1.468,1.294,3,1.036,0.934,1.421,0.000,0.000,0.990,,,1.300,2.170,0.160,0.080,False,-0.870,False,,,0.600,fehlt (0.6 angenommen),0.599,0.000,0.000,1.300,0.474,hoch,,12
00-0036266,Jordan Elliott,TEN,BAL,DL,DL,1.000,2026-10-04 19:00:00+02:00,2026_04_TEN_BAL,-11.500,15.500,0.465,0.844,3,1.000,1.050,0.483,0.004,0.020,0.990,,,0.000,,0.340,0.315,False,,False,,,0.600,fehlt (0.6 angenommen),0.142,0.004,0.000,0.343,0.958,hoch,,68
00-0036275,D'Andre Swift,CHI,NYJ,RB,RB,1.000,2026-10-04 19:00:00+02:00,2026_04_NYJ_CHI,3.500,23.500,13.337,11.585,3,1.002,1.129,14.175,0.000,0.000,0.990,,,16.033,16.533,0.690,0.625,False,-0.500,True,QB1 Caleb Williams fehlt (×0.94),,0.000,Pool,3.571,0.000,0.961,6.830,0.048,tief,QB-Wechsel; QB1 Caleb Williams fehlt (×0.94),12
00-0036286,K'Lavon Chaisson,WAS,IND,LB,LB,2.000,2026-10-04 15:30:00+02:00,2026_04_IND_WAS,-4.500,21.000,5.922,5.359,3,1.000,0.973,5.795,0.025,0.039,0.990,,,4.500,,0.670,0.705,False,,False,,,0.600,fehlt (0.6 angenommen),1.069,0.025,0.070,2.420,0.333,mittel,,68
00-0036290,Cole Kmet,CHI,NYJ,TE,TE,2.000,2026-10-04 19:00:00+02:00,2026_04_NYJ_CHI,3.500,23.500,2.680,3.000,3,1.002,0.953,2.251,0.000,0.000,0.990,,,3.167,2.407,0.600,0.630,True,0.760,True,QB1 Caleb Williams fehlt (×0.88),,0.600,fehlt (0.6 angenommen),0.608,0.000,0.000,1.273,0.469,hoch,Rolle↓; QB-Wechsel; QB1 Caleb Williams fehlt (×0.88),7
00-0036292,Jaylon Johnson,CHI,NYJ,DB,DB,1.000,2026-10-04 19:00:00+02:00,2026_04_NYJ_CHI,3.500,23.500,5.825,4.143,3,1.000,1.047,5.958,0.078,0.023,0.990,,,5.000,,1.000,0.980,False,,False,,,0.600,fehlt (0.6 angenommen),1.113,0.075,0.110,2.519,0.306,mittel,,68
00-0036293,Jeremy Chinn,LV,KC,DB,DB,1.000,2026-10-04 22:25:00+02:00,2026_04_KC_LV,-4.500,21.500,6.867,5.500,3,1.000,0.925,6.352,0.053,0.041,0.990,,,10.833,,1.000,1.000,False,,False,,,0.600,fehlt (0.6 angenommen),1.154,0.052,0.127,2.558,0.291,mittel,,68
00-0036298,Akeem Davis-Gaither,IND,WAS,LB,LB,1.000,2026-10-04 15:30:00+02:00,2026_04_IND_WAS,4.500,25.500,6.333,5.656,3,1.000,1.056,6.714,0.047,0.039,0.990,,,6.833,,1.000,0.940,False,,False,Gegner ohne QB1 (INT-Rate ×1.3),,0.600,fehlt (0.6 angenommen),1.245,0.046,0.117,2.795,0.284,mittel,Gegner ohne QB1 (INT-Rate ×1.3),68
00-0036302,Jaylinn Hawkins,BAL,TEN,DB,DB,1.000,2026-10-04 19:00:00+02:00,2026_04_TEN_BAL,11.500,27.000,6.225,8.250,3,1.000,0.938,5.557,0.114,0.031,0.990,,,3.000,,0.820,0.950,False,,False,,,0.600,fehlt (0.6 angenommen),0.962,0.107,0.069,2.306,0.372,mittel,,68
00-0036305,Trevis Gipson,CAR,DET,LB,LB,2.000,2026-10-05 02:20:00+02:00,2026_04_DET_CAR,-3.500,24.000,2.695,1.654,3,1.000,1.032,2.713,0.017,0.041,0.990,,,3.833,,0.330,0.490,True,,False,,,0.600,fehlt (0.6 angenommen),0.490,0.017,0.000,1.072,0.648,hoch,Rolle↓,68
00-0036307,Kindle Vildor,NE,BUF,DB,DB,4.000,2026-10-04 19:00:00+02:00,2026_04_NE_BUF,-7.000,21.250,3.420,3.420,0,1.000,1.020,3.420,0.110,0.025,0.990,,,,,,,False,,False,,,0.000,0 (noch kein Saisonspiel),0.634,0.105,0.000,2.022,0.612,hoch,keine Spiele 2026,68
00-0036309,Darnell Mooney,NYG,ARI,WR,WR,3.000,2026-10-04 19:00:00+02:00,2026_04_ARI_NYG,-2.500,20.500,3.507,3.750,3,0.989,1.073,3.722,0.000,0.000,0.990,,,3.467,2.847,0.440,0.645,True,0.620,False,,,0.600,fehlt (0.6 angenommen),1.093,0.000,0.184,2.158,0.241,mittel,Rolle↓,25
00-0036313,Braden Mann,PHI,LA,P,P,1.000,2026-10-04 19:00:00+02:00,2026_04_LA_PHI,-3.500,19.500,18.297,21.124,3,1.143,1.053,22.028,0.000,0.000,0.990,,,21.267,,,,False,,False,,,0.600,fehlt (0.6 angenommen),1.729,0.000,0.666,3.015,0.059,tief,,4
00-0036322,Justin Jefferson,MIN,MIA,WR,WR,1.000,2026-10-04 22:05:00+02:00,2026_04_MIA_MIN,10.000,24.250,8.030,8.217,3,1.044,0.934,7.825,0.000,0.000,0.000,Out,Ankle,10.633,7.093,0.120,0.960,True,3.540,True,,,0.600,fehlt (0.6 angenommen),0.000,0.000,0.000,0.000,1.000,hoch,Out (Ankle); Rolle↓; QB-Wechsel,25
00-0036329,Ashtyn Davis,SF,DEN,DB,DB,3.000,2026-10-04 22:25:00+02:00,2026_04_DEN_SF,3.000,25.750,1.702,3.086,3,1.000,1.016,1.775,0.082,0.021,0.990,,,0.000,,0.000,0.000,False,,False,,,0.600,fehlt (0.6 angenommen),0.348,0.078,0.000,0.775,0.846,hoch,,68
00-0036331,Devin Duvernay,ARI,NYG,WR,WR,1.000,2026-10-04 19:00:00+02:00,2026_04_ARI_NYG,2.500,23.000,0.158,0.286,3,1.089,1.069,0.184,0.000,0.000,0.990,,,0.000,,0.000,0.000,False,,False,,,0.600,fehlt (0.6 angenommen),0.259,0.000,0.000,0.645,0.812,hoch,,25
00-0036332,Josiah Deguara,PHI,LA,TE,TE,5.000,2026-10-04 19:00:00+02:00,2026_04_LA_PHI,-3.500,19.500,0.649,0.649,0,0.901,0.901,0.527,0.000,0.000,0.990,,,,,,,False,,False,,,0.000,0 (noch kein Saisonspiel),0.296,0.000,0.000,0.730,0.751,hoch,keine Spiele 2026,7
00-0036335,D.J. Wonnum,DET,CAR,LB,LB,2.000,2026-10-05 02:20:00+02:00,2026_04_DET_CAR,3.500,27.500,6.417,4.125,3,1.000,0.913,5.860,0.044,0.059,0.990,,,9.167,,0.670,0.565,False,,False,,,0.600,fehlt (0.6 angenommen),1.063,0.043,0.072,2.447,0.345,mittel,,68
00-0036337,James Lynch,CHI,NYJ,DL,DL,1.000,2026-10-04 19:00:00+02:00,2026_04_NYJ_CHI,3.500,23.500,1.138,1.103,3,1.000,0.938,1.061,0.004,0.020,0.990,,,1.333,,0.360,0.430,False,,False,,,0.600,fehlt (0.6 angenommen),0.234,0.004,0.000,0.551,0.877,hoch,,68
00-0036338,Troy Dye,LAC,SEA,LB,LB,2.000,2026-10-04 22:25:00+02:00,2026_04_LAC_SEA,-7.000,17.750,4.835,4.094,3,1.000,1.121,5.430,0.023,0.039,0.990,,,5.583,,0.360,0.220,False,,False,,,0.600,fehlt (0.6 angenommen),0.984,0.023,0.044,2.251,0.363,mittel,,68
00-0036341,Khalid Kareem,SF,DEN,DL,DL,3.000,2026-10-04 22:25:00+02:00,2026_04_DEN_SF,3.000,25.750,1.809,1.800,3,1.000,0.961,1.756,0.032,0.034,0.990,,,1.667,,0.620,0.250,False,,False,,,0.600,fehlt (0.6 angenommen),0.349,0.031,0.000,0.816,0.804,hoch,,68
00-0036348,Josh Metellus,MIN,MIA,DB,DB,1.000,2026-10-04 22:05:00+02:00,2026_04_MIA_MIN,10.000,24.250,6.173,5.661,3,1.000,1.034,6.539,0.116,0.021,0.990,,,5.750,,1.000,1.000,False,,False,,,0.600,fehlt (0.6 angenommen),1.146,0.109,0.155,2.572,0.294,mittel,,68
00-0036349,Kam Curl,LA,PHI,DB,DB,1.000,2026-10-04 19:00:00+02:00,2026_04_LA_PHI,3.500,23.000,6.077,7.088,3,1.000,1.041,6.365,0.097,0.021,0.990,,,3.500,,0.990,0.730,False,,False,,,0.600,fehlt (0.6 angenommen),1.181,0.093,0.126,2.652,0.281,mittel,,68
00-0036355,Justin Herbert,LAC,SEA,QB,QB,1.000,2026-10-04 22:25:00+02:00,2026_04_LAC_SEA,-7.000,17.750,16.270,18.351,3,0.809,0.906,11.924,0.000,0.000,0.990,,,11.293,16.627,1.000,1.000,False,-5.333,False,,,0.600,fehlt (0.6 angenommen),1.260,0.000,0.000,3.116,0.378,mittel,Pech -5.3 FP vs xFP,6
00-0036356,Isaiah Simmons,CAR,DET,DB,DB,3.000,2026-10-05 02:20:00+02:00,2026_04_DET_CAR,-3.500,24.000,0.349,0.225,2,1.000,0.933,0.095,0.057,0.025,0.990,,,0.500,,0.000,0.000,False,,False,,,0.600,fehlt (0.6 angenommen),0.239,0.055,0.000,0.465,0.906,hoch,,68
00-0036358,CeeDee Lamb,DAL,HOU,WR,WR,1.000,2026-10-04 19:00:00+02:00,2026_04_DAL_HOU,-3.000,22.750,12.267,10.555,3,0.931,1.019,11.642,0.000,0.000,0.990,,,16.967,11.873,0.820,0.780,True,5.093,False,,,0.000,Pool,3.099,0.000,0.633,6.375,0.073,tief,Rolle↓,25
00-0036361,Trevon Diggs,SEA,LAC,DB,DB,3.000,2026-10-04 22:25:00+02:00,2026_04_LAC_SEA,7.000,24.750,5.091,2.250,0,1.000,1.100,5.766,0.089,0.024,0.990,,,,,,,False,,False,,,0.000,0 (noch kein Saisonspiel),1.030,0.085,0.091,2.374,0.331,mittel,keine Spiele 2026,68
00-0036362,Willie Gay Jr.,MIA,MIN,LB,LB,1.000,2026-10-04 22:05:00+02:00,2026_04_MIA_MIN,-10.000,14.250,4.630,2.900,3,1.000,1.022,4.791,0.032,0.032,0.990,,,0.667,,0.440,0.610,True,,False,,,0.600,fehlt (0.6 angenommen),0.800,0.031,0.000,1.903,0.442,hoch,Rolle↓,68
00-0036366,Neville Gallimore,CHI,NYJ,DL,DL,2.000,2026-10-04 19:00:00+02:00,2026_04_NYJ_CHI,3.500,23.500,1.978,2.721,3,1.000,0.938,1.849,0.004,0.020,0.990,,,1.000,,0.240,0.400,True,,False,,,0.600,fehlt (0.6 angenommen),0.347,0.004,0.000,0.864,0.760,hoch,Rolle↓,68
00-0036374,L'Jarius Sneed,KC,LV,DB,DB,1.000,2026-10-04 22:25:00+02:00,2026_04_KC_LV,4.500,26.000,6.246,3.500,3,1.000,1.051,6.739,0.082,0.044,0.990,,,8.833,,0.730,0.825,False,,False,,,0.600,fehlt (0.6 angenommen),1.263,0.079,0.165,2.795,0.267,mittel,,68
00-0036375,Amik Robertson,WAS,IND,DB,DB,1.000,2026-10-04 15:30:00+02:00,2026_04_IND_WAS,-4.500,21.000,6.741,5.412,3,1.000,1.034,7.068,0.082,0.021,0.990,,,9.667,,0.970,1.000,False,,False,,,0.600,fehlt (0.6 angenommen),1.310,0.079,0.181,2.814,0.241,mittel,,68
00-0036378,Michael Danna,BUF,NE,LB,LB,3.000,2026-10-04 19:00:00+02:00,2026_04_NE_BUF,7.000,28.250,1.661,2.214,1,1.000,1.110,1.969,0.063,0.032,0.990,,,0.000,,0.120,,False,,False,,,0.600,fehlt (0.6 angenommen),0.361,0.061,0.000,0.789,0.816,hoch,,68
00-0036380,Alohi Gilman,KC,LV,DB,DB,1.000,2026-10-04 22:25:00+02:00,2026_04_KC_LV,4.500,26.000,5.863,6.382,3,1.000,1.051,6.298,0.065,0.040,0.990,,,2.833,,1.000,1.000,False,,False,,,0.600,fehlt (0.6 angenommen),1.167,0.063,0.136,2.567,0.284,mittel,,68
00-0036388,Xavier McKinney,GB,TB,DB,DB,1.000,2026-10-04 19:00:00+02:00,2026_04_GB_TB,3.000,20.750,6.570,6.344,3,1.000,1.065,7.517,0.191,0.021,0.990,,,7.167,,1.000,1.000,False,,False,Gegner ohne QB1 (INT-Rate ×1.3),,0.600,fehlt (0.6 angenommen),1.375,0.174,0.139,3.025,0.263,mittel,Gegner ohne QB1 (INT-Rate ×1.3),68
00-0036389,Jalen Hurts,PHI,LA,QB,QB,1.000,2026-10-04 19:00:00+02:00,2026_04_LA_PHI,-3.500,19.500,17.047,18.651,3,0.888,0.973,14.725,0.000,0.000,0.990,,,17.833,17.160,0.920,1.000,False,0.673,False,,,0.600,fehlt (0.6 angenommen),1.879,0.000,0.000,4.277,0.262,mittel,,6
00-0036395,K'Von Wallace,BAL,TEN,DB,DB,2.000,2026-10-04 19:00:00+02:00,2026_04_TEN_BAL,11.500,27.000,5.616,4.000,0,1.000,0.938,5.086,0.074,0.026,0.990,,,,,,,False,,False,,,0.000,0 (noch kein Saisonspiel),0.878,0.071,0.048,2.079,0.392,mittel,keine Spiele 2026,68
00-0036409,Jordyn Brooks,MIA,MIN,LB,LB,1.000,2026-10-04 22:05:00+02:00,2026_04_MIA_MIN,-10.000,14.250,6.596,9.603,3,1.000,1.022,6.791,0.027,0.039,0.990,,,3.667,,1.000,0.920,False,,False,,,0.600,fehlt (0.6 angenommen),1.184,0.027,0.101,2.608,0.297,mittel,,68
00-0036410,Tee Higgins,CIN,JAX,WR,WR,2.000,2026-10-04 19:00:00+02:00,2026_04_JAX_CIN,2.500,27.000,7.977,6.750,3,1.068,0.985,8.394,0.000,0.000,0.990,,,10.133,8.287,0.930,0.720,False,1.847,False,,,0.600,fehlt (0.6 angenommen),2.231,0.000,0.501,4.488,0.100,tief,,25
00-0036411,Antoine Winfield Jr.,TB,GB,DB,DB,1.000,2026-10-04 19:00:00+02:00,2026_04_GB_TB,-3.000,17.750,5.970,7.029,3,1.000,0.984,5.746,0.081,0.030,0.990,,,3.333,,1.000,0.985,False,,False,,,0.600,fehlt (0.6 angenommen),1.066,0.077,0.101,2.455,0.321,mittel,,68
00-0036416,Kristian Fulton,KC,LV,DB,DB,2.000,2026-10-04 22:25:00+02:00,2026_04_KC_LV,4.500,26.000,6.123,4.333,2,1.000,1.051,6.785,0.165,0.024,0.990,,,7.250,,0.800,0.920,False,,False,,,0.600,fehlt (0.6 angenommen),1.256,0.152,0.126,2.835,0.282,mittel,,68
00-0036418,Zack Baun,PHI,LA,LB,LB,1.000,2026-10-04 19:00:00+02:00,2026_04_LA_PHI,-3.500,19.500,7.605,8.891,3,1.000,0.850,6.509,0.070,0.039,0.000,Out,Concussion,10.167,,0.920,1.000,False,,False,,,0.600,fehlt (0.6 angenommen),0.000,0.068,0.000,0.000,1.000,hoch,Out (Concussion),68
00-0036421,Terrell Burgess,TEN,BAL,DB,DB,3.000,2026-10-04 19:00:00+02:00,2026_04_TEN_BAL,-11.500,15.500,1.260,1.346,1,1.000,0.888,1.046,0.054,0.022,0.990,,,1.000,,0.000,,False,,False,,,0.600,fehlt (0.6 angenommen),0.231,0.053,0.000,0.441,0.912,hoch,,68
00-0036422,Adam Trautman,DEN,SF,TE,TE,2.000,2026-10-04 22:25:00+02:00,2026_04_DEN_SF,-3.000,22.750,0.892,1.335,3,1.014,0.952,0.860,0.000,0.000,0.990,,,0.333,0.547,0.400,0.510,False,-0.213,False,,,0.600,fehlt (0.6 angenommen),0.351,0.000,0.000,0.799,0.694,hoch,,7
00-0036425,DeeJay Dallas,MIN,MIA,RB,RB,2.000,2026-10-04 22:05:00+02:00,2026_04_MIA_MIN,10.000,24.250,0.591,0.450,3,1.044,1.150,0.709,0.000,0.000,0.990,,,0.767,0.793,0.150,0.120,False,-0.027,True,,,0.600,fehlt (0.6 angenommen),0.427,0.000,0.000,1.028,0.622,hoch,QB-Wechsel,12
00-0036428,Justin Strnad,DEN,SF,LB,LB,1.000,2026-10-04 22:25:00+02:00,2026_04_DEN_SF,-3.000,22.750,5.917,4.625,3,1.000,0.945,5.600,0.047,0.030,0.990,,,5.167,,0.660,0.865,False,,False,,,0.600,fehlt (0.6 angenommen),1.023,0.046,0.051,2.363,0.355,mittel,,68
00-0036441,"Kenneth Murray, Jr.",HOU,DAL,LB,LB,2.000,2026-10-04 19:00:00+02:00,2026_04_DAL_HOU,3.000,25.750,5.446,3.971,0,1.000,1.014,5.501,0.023,0.042,0.990,,,,,,,False,,False,,,0.000,0 (noch kein Saisonspiel),1.024,0.022,0.069,2.363,0.345,mittel,keine Spiele 2026,68
00-0036442,Joe Burrow,CIN,JAX,QB,QB,1.000,2026-10-04 19:00:00+02:00,2026_04_JAX_CIN,2.500,27.000,16.595,17.214,3,1.079,0.928,16.619,0.000,0.000,0.990,,,17.640,15.783,1.000,1.000,False,1.857,False,,,0.200,Pool,2.325,0.000,0.000,4.915,0.201,mittel,,6
00-0036479,Kwity Paye,LV,KC,DL,DL,1.000,2026-10-04 22:25:00+02:00,2026_04_KC_LV,-4.500,21.500,2.973,2.618,3,1.000,1.034,3.073,0.004,0.020,0.990,,,4.333,,0.580,0.565,False,,False,,,0.600,fehlt (0.6 angenommen),0.562,0.004,0.000,1.426,0.609,hoch,,68
00-0036480,Dayo Odeyingbo,CHI,NYJ,DL,DL,2.000,2026-10-04 19:00:00+02:00,2026_04_NYJ_CHI,3.500,23.500,3.647,2.500,3,1.000,0.938,3.414,0.004,0.022,0.990,,,4.667,,0.640,0.615,False,,False,,,0.600,fehlt (0.6 angenommen),0.644,0.004,0.000,1.678,0.566,hoch,,68
00-0036500,Jamien Sherwood,NYJ,CHI,LB,LB,1.000,2026-10-04 19:00:00+02:00,2026_04_NYJ_CHI,-3.500,20.000,6.367,6.882,3,1.000,1.028,6.546,0.022,0.029,0.990,,,5.167,,0.940,0.950,False,,False,Gegner ohne QB1 (INT-Rate ×1.3),,0.600,fehlt (0.6 angenommen),1.210,0.022,0.121,2.669,0.287,mittel,Gegner ohne QB1 (INT-Rate ×1.3),68
00-0036501,Michael Carter II,PHI,LA,DB,DB,2.000,2026-10-04 19:00:00+02:00,2026_04_LA_PHI,-3.500,19.500,2.120,2.125,2,1.000,1.065,2.302,0.071,0.023,0.990,,,2.000,,0.280,0.090,False,,False,,,0.600,fehlt (0.6 angenommen),0.434,0.069,0.000,0.934,0.750,hoch,,68
00-0036502,Jason Pinnock,NYG,ARI,DB,DB,2.000,2026-10-04 19:00:00+02:00,2026_04_ARI_NYG,-2.500,20.500,3.107,2.143,1,1.000,0.955,2.897,0.053,0.022,0.990,,,6.000,,0.750,,False,,False,,,0.600,fehlt (0.6 angenommen),0.528,0.051,0.000,1.161,0.633,hoch,,68
00-0036550,Rashod Bateman,BAL,TEN,WR,WR,2.000,2026-10-04 19:00:00+02:00,2026_04_TEN_BAL,11.500,27.000,4.595,3.204,3,1.000,1.060,4.868,0.000,0.000,0.990,,,6.167,5.987,0.880,0.855,False,0.180,False,,,0.600,fehlt (0.6 angenommen),1.281,0.000,0.247,2.544,0.203,mittel,,25
00-0036554,Nico Collins,HOU,DAL,WR,WR,1.000,2026-10-04 19:00:00+02:00,2026_04_DAL_HOU,3.000,25.750,11.145,10.200,1,1.074,1.105,13.233,0.000,0.000,0.990,,,14.200,13.760,0.720,,False,,False,,,0.300,Pool,3.509,0.000,0.750,6.993,0.061,tief,,25
00-0036555,Chuba Hubbard,CAR,DET,RB,RB,1.000,2026-10-05 02:20:00+02:00,2026_04_DET_CAR,-3.500,24.000,9.426,6.594,3,1.036,0.934,9.122,0.000,0.000,0.990,,,14.700,11.880,0.840,0.680,False,2.820,False,,,0.300,Pool,2.381,0.000,0.586,4.610,0.086,tief,,12
00-0036556,Brevin Jordan,HOU,DAL,TE,TE,5.000,2026-10-04 19:00:00+02:00,2026_04_DAL_HOU,3.000,25.750,0.500,0.500,0,1.074,1.041,0.559,0.000,0.000,0.990,,,,,,,False,,False,,,0.000,0 (noch kein Saisonspiel),0.299,0.000,0.000,0.732,0.758,hoch,keine Spiele 2026,7
00-0036563,Deommodore Lenoir,SF,DEN,DB,DB,1.000,2026-10-04 22:25:00+02:00,2026_04_DEN_SF,3.000,25.750,5.697,4.735,3,1.000,1.016,5.844,0.099,0.021,0.990,,,3.500,,0.830,0.975,False,,False,,,0.600,fehlt (0.6 angenommen),1.090,0.094,0.095,2.506,0.318,mittel,,68
00-0036564,Talanoa Hufanga,DEN,SF,DB,DB,1.000,2026-10-04 22:25:00+02:00,2026_04_DEN_SF,-3.000,22.750,8.595,7.029,3,1.000,0.925,7.970,0.138,0.021,0.990,,,19.000,,0.970,0.525,False,,False,,,0.300,Pool,1.463,0.129,0.204,3.181,0.217,mittel,,68
00-0036568,Roy Lopez,ARI,NYG,DL,DL,1.000,2026-10-04 19:00:00+02:00,2026_04_ARI_NYG,2.500,23.000,1.372,1.794,3,1.000,1.054,1.440,0.004,0.020,0.990,,,1.000,0.000,0.630,0.590,False,,False,,,0.600,fehlt (0.6 angenommen),0.287,0.004,0.000,0.702,0.818,hoch,,68
00-0036587,Ar'Darius Washington,NYG,ARI,DB,DB,2.000,2026-10-04 19:00:00+02:00,2026_04_ARI_NYG,-2.500,20.500,1.778,2.625,3,1.000,0.955,1.615,0.062,0.024,0.990,,,0.667,,0.270,0.020,False,,False,,,0.600,fehlt (0.6 angenommen),0.332,0.060,0.000,0.661,0.854,hoch,,68
00-0036589,Nick McCloud,CHI,NYJ,DB,DB,3.000,2026-10-04 19:00:00+02:00,2026_04_NYJ_CHI,3.500,23.500,1.769,1.769,0,1.000,1.047,1.752,0.055,0.023,0.990,,,,,,,False,,False,,,0.000,0 (noch kein Saisonspiel),0.350,0.053,0.000,0.697,0.823,hoch,keine Spiele 2026,68
00-0036590,Quintin Morris,JAX,CIN,TE,TE,3.000,2026-10-04 19:00:00+02:00,2026_04_JAX_CIN,-2.500,24.500,0.660,0.963,3,1.020,1.150,0.775,0.000,0.000,0.990,,,0.233,0.400,0.290,0.320,False,-0.167,False,,,0.600,fehlt (0.6 angenommen),0.337,0.000,0.000,0.787,0.712,hoch,,7
00-0036613,Jaylen Waddle,DEN,SF,WR,WR,1.000,2026-10-04 22:25:00+02:00,2026_04_DEN_SF,-3.000,22.750,7.372,7.740,3,1.014,0.982,7.340,0.000,0.000,0.990,,,6.133,7.090,0.730,0.680,False,-0.957,False,,,0.600,fehlt (0.6 angenommen),1.985,0.000,0.391,4.031,0.130,tief,,25
00-0036621,Nick Bolton,KC,LV,LB,LB,1.000,2026-10-04 22:25:00+02:00,2026_04_KC_LV,4.500,26.000,7.259,7.559,3,1.000,0.983,7.256,0.055,0.029,0.990,,,9.000,,1.000,1.000,False,,False,,,0.600,fehlt (0.6 angenommen),1.317,0.053,0.134,2.876,0.268,mittel,,68
00-0036624,Alim McNeill,DET,CAR,DL,DL,1.000,2026-10-05 02:20:00+02:00,2026_04_DET_CAR,3.500,27.500,3.283,1.800,3,1.000,0.991,3.254,0.005,0.022,0.990,,,5.000,,0.730,0.905,False,,False,,,0.600,fehlt (0.6 angenommen),0.608,0.005,0.000,1.547,0.579,hoch,,68
00-0036625,Benjamin St-Juste,GB,TB,DB,DB,2.000,2026-10-04 19:00:00+02:00,2026_04_GB_TB,3.000,20.750,2.570,3.094,1,1.000,1.065,3.040,0.111,0.022,0.990,,,1.000,,0.020,,False,,False,Gegner ohne QB1 (INT-Rate ×1.3),,0.600,fehlt (0.6 angenommen),0.555,0.105,0.000,1.931,0.676,hoch,Gegner ohne QB1 (INT-Rate ×1.3),68
00-0036626,Dyami Brown,WAS,IND,WR,WR,4.000,2026-10-04 15:30:00+02:00,2026_04_IND_WAS,-4.500,21.000,2.219,2.394,3,1.037,1.085,2.122,0.000,0.000,0.990,,,0.033,4.080,0.300,0.540,True,-4.047,True,QB1 Jayden Daniels fehlt (×0.85),,0.600,fehlt (0.6 angenommen),0.675,0.000,0.019,1.341,0.414,hoch,Rolle↓; QB-Wechsel; Pech -4.0 FP vs xFP; QB1 Jayden Daniels fehlt (×0.85),25
00-0036628,John Bates,WAS,IND,TE,TE,3.000,2026-10-04 15:30:00+02:00,2026_04_IND_WAS,-4.500,21.000,1.064,1.069,3,1.037,1.108,1.076,0.000,0.000,0.990,,,0.733,1.690,0.540,0.400,False,-0.957,True,QB1 Jayden Daniels fehlt (×0.88),,0.600,fehlt (0.6 angenommen),0.386,0.000,0.000,0.870,0.665,hoch,QB-Wechsel; QB1 Jayden Daniels fehlt (×0.88),7
00-0036629,Camryn Bynum,IND,WAS,DB,DB,1.000,2026-10-04 15:30:00+02:00,2026_04_IND_WAS,4.500,25.500,6.209,7.676,3,1.000,0.914,5.759,0.145,0.030,0.990,,,4.333,,1.000,1.000,False,,False,Gegner ohne QB1 (INT-Rate ×1.3),,0.600,fehlt (0.6 angenommen),1.056,0.135,0.051,2.540,0.359,mittel,Gegner ohne QB1 (INT-Rate ×1.3),68
00-0036637,Noah Gray,KC,LV,TE,TE,2.000,2026-10-04 22:25:00+02:00,2026_04_KC_LV,4.500,26.000,1.744,1.598,3,1.010,1.065,1.876,0.000,0.000,0.990,,,1.467,1.887,0.630,0.525,False,-0.420,False,,,0.600,fehlt (0.6 angenommen),0.538,0.000,0.000,1.131,0.519,hoch,,7
00-0036642,Tedarrell Slaton,CIN,JAX,DL,DL,2.000,2026-10-04 19:00:00+02:00,2026_04_JAX_CIN,2.500,27.000,2.805,2.206,3,1.000,1.006,2.821,0.004,0.040,0.990,,,4.333,,0.350,0.355,False,,False,,,0.600,fehlt (0.6 angenommen),0.538,0.004,0.000,1.400,0.628,hoch,,68
00-0036646,Simi Fehoko,ARI,NYG,WR,WR,5.000,2026-10-04 19:00:00+02:00,2026_04_ARI_NYG,2.500,23.000,0.000,0.000,3,1.089,1.069,0.000,0.000,0.000,0.990,,,0.000,0.000,0.000,0.100,False,,False,,,0.600,fehlt (0.6 angenommen),0.239,0.000,0.000,0.616,0.828,hoch,,25
00-0036648,Nick Niemann,GB,TB,LB,LB,3.000,2026-10-04 19:00:00+02:00,2026_04_GB_TB,3.000,20.750,0.662,1.200,3,1.000,1.067,0.816,0.040,0.033,0.990,,,0.000,,0.000,0.000,False,,False,Gegner ohne QB1 (INT-Rate ×1.3),,0.600,fehlt (0.6 angenommen),0.215,0.040,0.000,0.419,0.918,hoch,Gegner ohne QB1 (INT-Rate ×1.3),68
00-0036658,Isaiah McDuffie,GB,TB,LB,LB,2.000,2026-10-04 19:00:00+02:00,2026_04_GB_TB,3.000,20.750,2.940,4.118,3,1.000,1.067,3.298,0.059,0.029,0.990,,,1.333,,0.250,0.010,False,,False,Gegner ohne QB1 (INT-Rate ×1.3),,0.600,fehlt (0.6 angenommen),0.607,0.058,0.000,1.488,0.586,hoch,Gegner ohne QB1 (INT-Rate ×1.3),68
00-0036672,Grant Stuard,LA,PHI,LB,LB,2.000,2026-10-04 19:00:00+02:00,2026_04_LA_PHI,3.500,23.000,0.429,0.571,1,1.000,0.995,0.437,0.027,0.032,0.990,,,0.000,,0.000,,False,,False,,,0.600,fehlt (0.6 angenommen),0.182,0.026,0.000,0.376,0.932,hoch,,68
00-0036677,Zayne Anderson,MIA,MIN,DB,DB,1.000,2026-10-04 22:05:00+02:00,2026_04_MIA_MIN,-10.000,14.250,2.615,1.250,2,1.000,1.006,2.771,0.074,0.033,0.990,,,5.250,,0.250,0.780,True,,False,,,0.600,fehlt (0.6 angenommen),0.499,0.071,0.000,1.365,0.701,hoch,Rolle↓,68
00-0036682,Malik Herring,MIA,MIN,DL,DL,2.000,2026-10-04 22:05:00+02:00,2026_04_MIA_MIN,-10.000,14.250,1.376,1.641,3,1.000,1.101,1.530,0.008,0.024,0.990,,,1.333,,0.370,0.455,False,,False,,,0.600,fehlt (0.6 angenommen),0.285,0.008,0.000,0.678,0.825,hoch,,68
00-0036683,Devon Key,DEN,SF,DB,DB,2.000,2026-10-04 22:25:00+02:00,2026_04_DEN_SF,-3.000,22.750,1.232,1.567,3,1.000,0.925,1.147,0.054,0.021,0.990,,,0.667,,0.080,0.000,False,,False,,,0.600,fehlt (0.6 angenommen),0.258,0.053,0.000,0.518,0.894,hoch,,68
00-0036695,Naquan Jones,SF,DEN,DL,DL,2.000,2026-10-04 22:25:00+02:00,2026_04_DEN_SF,3.000,25.750,0.852,1.136,1,1.000,0.961,0.822,0.006,0.022,0.990,,,0.000,,0.210,,False,,False,,,0.600,fehlt (0.6 angenommen),0.200,0.006,0.000,0.460,0.916,hoch,,68
00-0036716,Amen Ogbongbemiga,DET,CAR,LB,LB,2.000,2026-10-05 02:20:00+02:00,2026_04_DET_CAR,3.500,27.500,1.875,1.875,0,1.000,0.913,1.711,0.037,0.036,0.990,,,,,,,False,,False,,,0.000,0 (noch kein Saisonspiel),0.338,0.036,0.000,0.695,0.827,hoch,keine Spiele 2026,68
00-0036727,Adam Prentice,DEN,SF,RB,RB,1.000,2026-10-04 22:25:00+02:00,2026_04_DEN_SF,-3.000,22.750,0.493,0.789,3,1.014,0.998,0.499,0.000,0.000,0.990,,,0.067,0.295,0.060,0.125,False,-0.228,False,,,0.600,fehlt (0.6 angenommen),0.415,0.000,0.000,1.031,0.633,hoch,,12
00-0036754,Brock Wright,DET,CAR,TE,TE,2.000,2026-10-05 02:20:00+02:00,2026_04_DET_CAR,3.500,27.500,1.339,1.941,3,1.010,1.066,1.441,0.000,0.000,0.990,,,0.400,1.085,0.580,0.385,False,-0.685,False,,,0.600,fehlt (0.6 angenommen),0.458,0.000,0.000,1.001,0.589,hoch,,7
00-0036788,Jack Heflin,NYJ,CHI,DL,DL,3.000,2026-10-04 19:00:00+02:00,2026_04_NYJ_CHI,-3.500,20.000,0.166,0.222,1,1.000,0.881,0.147,0.007,0.025,0.990,,,0.000,0.000,0.120,,False,,False,Gegner ohne QB1 (INT-Rate ×1.3),,0.600,fehlt (0.6 angenommen),0.139,0.007,0.000,0.342,0.956,hoch,Gegner ohne QB1 (INT-Rate ×1.3),68
00-0036813,Christian Elliss,NE,BUF,LB,LB,1.000,2026-10-04 19:00:00+02:00,2026_04_NE_BUF,-7.000,21.250,5.550,3.100,3,1.000,1.014,5.614,0.021,0.030,0.750,Questionable,Chest,5.833,,0.920,0.990,False,,False,,,0.600,fehlt (0.6 angenommen),0.755,0.021,0.000,2.001,0.504,hoch,Questionable (Chest),68
00-0036816,Riley Patterson,MIA,MIN,K,K,1.000,2026-10-04 22:05:00+02:00,2026_04_MIA_MIN,-10.000,14.250,7.891,7.588,3,0.910,1.061,7.619,0.000,0.000,0.990,,,5.667,,0.000,0.000,False,,False,,,0.600,fehlt (0.6 angenommen),2.529,0.000,0.000,5.607,0.194,tief,,7
00-0036825,Feleipe Franks,CAR,DET,TE,TE,4.000,2026-10-05 02:20:00+02:00,2026_04_DET_CAR,-3.500,24.000,0.029,0.053,3,1.036,1.150,0.034,0.000,0.000,0.990,,,0.000,,0.000,0.065,False,,False,,,0.600,fehlt (0.6 angenommen),0.221,0.000,0.000,0.604,0.842,hoch,,7
00-0036842,Kene Nwangwu,NYJ,CHI,RB,RB,1.000,2026-10-04 19:00:00+02:00,2026_04_NYJ_CHI,-3.500,20.000,1.407,1.407,0,0.993,0.987,1.380,0.000,0.000,0.990,,,,,,,False,,False,,,0.000,0 (noch kein Saisonspiel),0.601,0.000,0.000,1.304,0.471,hoch,keine Spiele 2026,12
00-0036844,Garret Wallow,SF,DEN,LB,LB,2.000,2026-10-04 22:25:00+02:00,2026_04_DEN_SF,3.000,25.750,0.971,0.333,3,1.000,0.850,0.842,0.030,0.033,0.990,,,1.667,,0.240,0.205,False,,False,,,0.600,fehlt (0.6 angenommen),0.218,0.030,0.000,0.439,0.916,hoch,,68
00-0036849,Tutu Atwell,LA,PHI,WR,WR,5.000,2026-10-04 19:00:00+02:00,2026_04_LA_PHI,3.500,23.000,1.829,1.501,1,0.967,0.979,1.732,0.000,0.000,0.990,,,1.900,3.730,0.180,,False,,False,,,0.600,fehlt (0.6 angenommen),0.601,0.000,0.000,1.207,0.455,hoch,,25
00-0036854,Evan McPherson,CIN,JAX,K,K,1.000,2026-10-04 19:00:00+02:00,2026_04_JAX_CIN,2.500,27.000,8.620,7.706,3,1.058,0.861,7.855,0.000,0.000,0.990,,,14.000,,0.000,0.000,False,,False,,,0.100,Pool,2.786,0.000,0.000,6.009,0.175,tief,,7
00-0036874,Pat Surtain II,DEN,SF,DB,DB,1.000,2026-10-04 22:25:00+02:00,2026_04_DEN_SF,-3.000,22.750,5.971,5.714,3,1.000,0.925,5.534,0.078,0.021,0.990,,,4.167,,1.000,0.510,False,,False,,,0.600,fehlt (0.6 angenommen),1.002,0.075,0.089,2.334,0.342,mittel,,68
00-0036875,Rhamondre Stevenson,NE,BUF,RB,RB,1.000,2026-10-04 19:00:00+02:00,2026_04_NE_BUF,-7.000,21.250,8.070,9.740,3,0.986,1.110,8.832,0.000,0.000,0.990,,,5.300,7.580,0.520,0.605,True,-2.280,False,,,0.600,fehlt (0.6 angenommen),2.231,0.000,0.502,4.309,0.100,tief,Rolle↓,12
00-0036876,Kylen Granson,TEN,BAL,TE,TE,4.000,2026-10-04 19:00:00+02:00,2026_04_TEN_BAL,-11.500,15.500,0.365,0.365,0,0.921,0.919,0.309,0.000,0.000,0.990,,,,,,,False,,False,,,0.000,0 (noch kein Saisonspiel),0.243,0.000,0.000,0.627,0.825,hoch,keine Spiele 2026,7
00-0036879,Sam Ehlinger,DEN,SF,QB,QB,3.000,2026-10-04 22:25:00+02:00,2026_04_DEN_SF,-3.000,22.750,2.000,2.000,0,1.016,0.991,2.014,0.000,0.000,0.990,,,,,,,False,,False,,,0.000,0 (noch kein Saisonspiel),0.022,0.000,0.000,0.000,0.985,hoch,keine Spiele 2026,6
00-0036883,Tommy Togiai,HOU,DAL,DL,DL,1.000,2026-10-04 19:00:00+02:00,2026_04_DAL_HOU,3.000,25.750,4.925,4.450,3,1.000,0.870,4.279,0.004,0.050,0.990,,,4.667,,0.660,0.635,False,,False,,,0.600,fehlt (0.6 angenommen),0.784,0.004,0.000,2.028,0.512,hoch,,68
00-0036887,Luke Farrell,SF,DEN,TE,TE,2.000,2026-10-04 22:25:00+02:00,2026_04_DEN_SF,3.000,25.750,0.874,0.968,3,0.992,1.013,0.877,0.000,0.000,0.990,,,0.633,1.485,0.330,0.625,True,-0.852,False,,,0.600,fehlt (0.6 angenommen),0.358,0.000,0.000,0.838,0.686,hoch,Rolle↓,7
00-0036888,Damar Hamlin,BUF,NE,DB,DB,2.000,2026-10-04 19:00:00+02:00,2026_04_NE_BUF,7.000,28.250,1.213,1.600,3,1.000,0.997,1.399,0.096,0.025,0.990,,,0.667,,0.200,0.290,False,,False,,,0.600,fehlt (0.6 angenommen),0.311,0.092,0.000,1.600,0.870,hoch,,68
00-0036893,Najee Harris,NYG,ARI,RB,RB,2.000,2026-10-04 19:00:00+02:00,2026_04_ARI_NYG,-2.500,20.500,3.249,2.935,2,0.989,1.049,3.371,0.000,0.000,0.990,,,2.900,4.355,0.220,0.140,False,-1.455,False,,,0.600,fehlt (0.6 angenommen),1.034,0.000,0.041,2.057,0.261,mittel,,12
00-0036898,Davis Mills,HOU,DAL,QB,QB,2.000,2026-10-04 19:00:00+02:00,2026_04_DAL_HOU,3.000,25.750,11.836,7.519,0,1.085,1.150,14.770,0.000,0.000,0.990,,,,,,,False,,False,,,0.000,0 (noch kein Saisonspiel),1.933,0.000,0.000,4.348,0.257,mittel,keine Spiele 2026,6
00-0036900,Ja'Marr Chase,CIN,JAX,WR,WR,1.000,2026-10-04 19:00:00+02:00,2026_04_JAX_CIN,2.500,27.000,11.575,11.595,3,1.068,0.985,12.181,0.000,0.000,0.990,,,12.167,9.370,1.000,0.910,False,2.797,False,,,0.700,Pool,3.216,0.000,0.689,6.519,0.069,tief,,25
00-0036901,Eric Stokes,LV,KC,DB,DB,1.000,2026-10-04 22:25:00+02:00,2026_04_KC_LV,-4.500,21.500,6.076,3.406,3,1.000,0.925,5.620,0.052,0.041,0.990,,,7.500,,1.000,1.000,False,,False,,,0.600,fehlt (0.6 angenommen),1.025,0.051,0.100,2.308,0.329,mittel,,68
00-0036902,Joseph Ossai,NYJ,CHI,LB,LB,3.000,2026-10-04 19:00:00+02:00,2026_04_NYJ_CHI,-3.500,20.000,4.661,2.679,1,1.000,1.028,4.792,0.005,0.022,0.990,,,0.000,,0.430,,False,,False,Gegner ohne QB1 (INT-Rate ×1.3),,0.600,fehlt (0.6 angenommen),0.878,0.005,0.016,1.936,0.384,mittel,Gegner ohne QB1 (INT-Rate ×1.3),68
00-0036903,Bobby Brown III,CAR,DET,DL,DL,1.000,2026-10-05 02:20:00+02:00,2026_04_DET_CAR,-3.500,24.000,0.967,1.547,2,1.000,0.922,0.878,0.003,0.021,0.990,,,0.000,,0.440,0.520,False,,False,,,0.600,fehlt (0.6 angenommen),0.202,0.003,0.000,0.490,0.905,hoch,,68
00-0036904,Robert Rochell,CAR,DET,DB,DB,2.000,2026-10-05 02:20:00+02:00,2026_04_DET_CAR,-3.500,24.000,0.500,0.500,0,1.000,0.933,0.219,0.061,0.025,0.990,,,,,,,False,,False,,,0.000,0 (noch kein Saisonspiel),0.251,0.059,0.000,0.489,0.901,hoch,keine Spiele 2026,68
00-0036909,Khyiris Tonga,KC,LV,DL,DL,1.000,2026-10-04 22:25:00+02:00,2026_04_KC_LV,4.500,26.000,0.932,1.357,3,1.000,1.087,1.026,0.006,0.021,0.990,,,0.333,0.290,0.410,0.055,False,,False,,,0.600,fehlt (0.6 angenommen),0.223,0.006,0.000,0.536,0.887,hoch,,68
00-0036912,DeVonta Smith,PHI,LA,WR,WR,1.000,2026-10-04 19:00:00+02:00,2026_04_LA_PHI,-3.500,19.500,8.385,7.299,3,0.901,1.022,7.725,0.000,0.000,0.000,Out,Hamstring,9.833,9.677,1.000,0.915,True,0.157,False,,,0.600,fehlt (0.6 angenommen),0.000,0.000,0.000,0.000,1.000,hoch,Out (Hamstring); Rolle↓,25
00-0036914,Greg Rousseau,BUF,NE,LB,LB,1.000,2026-10-04 19:00:00+02:00,2026_04_NE_BUF,7.000,28.250,8.331,4.094,3,1.000,1.110,9.306,0.028,0.030,0.990,,,19.833,,0.810,0.730,False,,False,,,0.100,Pool,1.701,0.027,0.206,3.693,0.201,mittel,,68
00-0036916,Milton Williams,NE,BUF,DL,DL,1.000,2026-10-04 19:00:00+02:00,2026_04_NE_BUF,-7.000,21.250,2.958,3.938,3,1.000,0.926,2.736,0.004,0.021,0.990,,,1.667,,0.660,0.645,False,,False,,,0.600,fehlt (0.6 angenommen),0.511,0.004,0.000,1.293,0.641,hoch,,68
00-0036919,Kenny Gainwell,TB,GB,RB,RB,2.000,2026-10-04 19:00:00+02:00,2026_04_GB_TB,-3.000,17.750,4.635,6.000,3,0.869,1.097,4.153,0.000,0.000,0.990,,,1.433,4.327,0.460,0.405,False,-2.893,False,QB1 Baker Mayfield fehlt (×0.94),,0.600,fehlt (0.6 angenommen),1.224,0.000,0.135,2.372,0.218,mittel,QB1 Baker Mayfield fehlt (×0.94),12
00-0036922,Patrick Johnson,LV,KC,LB,LB,2.000,2026-10-04 22:25:00+02:00,2026_04_KC_LV,-4.500,21.500,1.195,1.312,2,1.000,0.939,1.122,0.006,0.023,0.990,,,1.000,,0.080,0.120,False,,False,,,0.600,fehlt (0.6 angenommen),0.229,0.006,0.000,0.525,0.889,hoch,,68
00-0036924,Michael Carter,TEN,BAL,RB,RB,5.000,2026-10-04 19:00:00+02:00,2026_04_TEN_BAL,-11.500,15.500,3.487,3.487,0,0.921,0.987,3.168,0.000,0.000,0.990,,,,,,,False,,False,,,0.000,0 (noch kein Saisonspiel),0.936,0.000,0.041,1.827,0.289,mittel,keine Spiele 2026,12
00-0036933,Zaven Collins,ARI,NYG,LB,LB,1.000,2026-10-04 19:00:00+02:00,2026_04_ARI_NYG,2.500,23.000,6.521,3.985,3,1.000,0.942,6.110,0.019,0.068,0.990,,,9.333,,0.430,0.445,False,,False,,,0.600,fehlt (0.6 angenommen),1.143,0.018,0.080,2.620,0.319,mittel,,68
00-0036934,Jaelan Phillips,CAR,DET,LB,LB,1.000,2026-10-05 02:20:00+02:00,2026_04_DET_CAR,-3.500,24.000,5.793,5.441,3,1.000,1.032,5.917,0.016,0.049,0.990,,,4.667,,0.860,0.660,False,,False,,,0.600,fehlt (0.6 angenommen),1.089,0.015,0.072,2.406,0.321,mittel,,68
00-0036940,Odafe Oweh,WAS,IND,LB,LB,1.000,2026-10-04 15:30:00+02:00,2026_04_IND_WAS,-4.500,21.000,5.322,3.868,3,1.000,0.973,5.211,0.025,0.029,0.990,,,4.167,,0.640,0.740,False,,False,,,0.600,fehlt (0.6 angenommen),0.953,0.025,0.040,2.184,0.364,mittel,,68
00-0036941,Andre Cisco,NYJ,CHI,DB,DB,2.000,2026-10-04 19:00:00+02:00,2026_04_NYJ_CHI,-3.500,20.000,6.552,5.062,3,1.000,0.951,6.237,0.063,0.033,0.990,,,9.333,,1.000,0.940,False,,False,Gegner ohne QB1 (INT-Rate ×1.3),,0.600,fehlt (0.6 angenommen),1.142,0.061,0.106,2.580,0.290,mittel,Gegner ohne QB1 (INT-Rate ×1.3),68
00-0036942,Osa Odighizuwa,SF,DEN,DL,DL,1.000,2026-10-04 22:25:00+02:00,2026_04_DEN_SF,3.000,25.750,1.932,2.456,3,1.000,0.961,1.858,0.004,0.020,0.990,,,1.167,,0.820,0.640,False,,False,,,0.600,fehlt (0.6 angenommen),0.357,0.004,0.000,0.872,0.749,hoch,,68
00-0036945,Justin Fields,KC,LV,QB,QB,2.000,2026-10-04 22:25:00+02:00,2026_04_KC_LV,4.500,26.000,12.626,9.100,0,1.012,0.988,12.615,0.000,0.000,0.990,,,,,,,False,,False,,,0.000,0 (noch kein Saisonspiel),1.435,0.000,0.000,3.410,0.338,mittel,keine Spiele 2026,6
00-0036954,Levi Onwuzurike,DET,CAR,DL,DL,2.000,2026-10-05 02:20:00+02:00,2026_04_DET_CAR,3.500,27.500,0.565,0.904,2,1.000,0.991,0.560,0.007,0.025,0.990,,,0.000,0.000,0.170,0.300,False,,False,,,0.600,fehlt (0.6 angenommen),0.158,0.007,0.000,0.373,0.943,hoch,,68
00-0036962,Tre'von Moehrig,CAR,DET,DB,DB,1.000,2026-10-05 02:20:00+02:00,2026_04_DET_CAR,-3.500,24.000,6.112,7.781,3,1.000,0.933,5.491,0.052,0.021,0.990,,,2.667,,1.000,0.930,False,,False,,,0.600,fehlt (0.6 angenommen),0.997,0.051,0.076,2.240,0.339,mittel,,68
00-0036963,Amon-Ra St. Brown,DET,CAR,WR,WR,1.000,2026-10-05 02:20:00+02:00,2026_04_DET_CAR,3.500,27.500,13.619,12.231,3,1.010,0.885,12.167,0.000,0.000,0.990,,,17.600,14.373,0.740,0.925,True,3.227,False,,,0.200,Pool,3.212,0.000,0.657,6.534,0.072,tief,Rolle↓,25
00-0036964,Derrick Barnes,DET,CAR,LB,LB,1.000,2026-10-05 02:20:00+02:00,2026_04_DET_CAR,3.500,27.500,7.344,5.324,3,1.000,0.913,6.704,0.085,0.029,0.990,,,14.000,,0.860,0.930,False,,False,,,0.600,fehlt (0.6 angenommen),1.233,0.082,0.101,2.799,0.295,mittel,,68
00-0036971,Trevor Lawrence,JAX,CIN,QB,QB,1.000,2026-10-04 19:00:00+02:00,2026_04_JAX_CIN,-2.500,24.500,17.504,20.562,3,1.023,1.044,18.691,0.000,0.000,0.990,,,17.347,16.250,0.950,0.940,False,1.097,False,,,0.500,Pool,2.757,0.000,0.000,5.773,0.168,tief,,6
00-0036972,Mac Jones,SF,DEN,QB,QB,2.000,2026-10-04 22:25:00+02:00,2026_04_DEN_SF,3.000,25.750,5.314,7.152,1,0.990,0.955,5.025,0.000,0.000,0.990,,,-0.200,-0.200,0.150,,False,,False,,,0.600,fehlt (0.6 angenommen),0.196,0.000,0.000,0.772,0.844,hoch,,6
00-0036980,Elijah Moore,PHI,LA,WR,WR,3.000,2026-10-04 19:00:00+02:00,2026_04_LA_PHI,-3.500,19.500,1.769,2.358,1,0.901,1.022,1.630,0.000,0.000,0.990,,,0.000,0.000,0.120,,False,,False,,,0.600,fehlt (0.6 angenommen),0.571,0.000,0.000,1.175,0.485,hoch,,25
00-0036981,Christian Barmore,NE,BUF,DL,DL,1.000,2026-10-04 19:00:00+02:00,2026_04_NE_BUF,-7.000,21.250,2.590,1.882,3,1.000,0.926,2.395,0.004,0.020,0.000,Out,Shoulder,3.500,,0.450,0.555,False,,False,,,0.600,fehlt (0.6 angenommen),0.000,0.004,0.000,0.000,1.000,hoch,Out (Shoulder),68
00-0036982,Chauncey Golston,NYG,ARI,DL,DL,1.000,2026-10-04 19:00:00+02:00,2026_04_ARI_NYG,-2.500,20.500,2.999,3.278,3,1.000,1.050,3.142,0.005,0.022,0.990,,,2.667,,0.580,0.555,False,,False,,,0.600,fehlt (0.6 angenommen),0.588,0.004,0.000,1.532,0.597,hoch,,68
00-0036986,Nahshon Wright,NYJ,CHI,DB,DB,2.000,2026-10-04 19:00:00+02:00,2026_04_NYJ_CHI,-3.500,20.000,5.941,6.441,1,1.000,0.951,5.662,0.173,0.052,0.990,,,1.000,,0.000,,False,,False,Gegner ohne QB1 (INT-Rate ×1.3),,0.600,fehlt (0.6 angenommen),1.045,0.159,0.015,2.618,0.388,mittel,Gegner ohne QB1 (INT-Rate ×1.3),68
00-0036987,Brandon Stephens,NYJ,CHI,DB,DB,1.000,2026-10-04 19:00:00+02:00,2026_04_NYJ_CHI,-3.500,20.000,5.733,5.156,3,1.000,0.951,5.457,0.052,0.021,0.990,,,3.000,0.000,0.970,1.000,False,,False,Gegner ohne QB1 (INT-Rate ×1.3),,0.600,fehlt (0.6 angenommen),1.008,0.051,0.096,2.250,0.329,mittel,Gegner ohne QB1 (INT-Rate ×1.3),68
00-0036988,Josh Palmer,BUF,NE,WR,WR,4.000,2026-10-04 19:00:00+02:00,2026_04_NE_BUF,7.000,28.250,2.828,1.872,3,1.019,0.996,2.869,0.000,0.000,0.990,,,6.567,2.470,0.320,0.345,True,4.097,False,,,0.600,fehlt (0.6 angenommen),0.863,0.000,0.101,1.729,0.320,mittel,Rolle↓,25
00-0036989,Malcolm Koonce,LV,KC,DL,DL,2.000,2026-10-04 22:25:00+02:00,2026_04_KC_LV,-4.500,21.500,4.505,2.603,3,1.000,1.034,4.657,0.004,0.020,0.990,,,6.083,,0.470,0.465,False,,False,,,0.600,fehlt (0.6 angenommen),0.867,0.004,0.000,2.225,0.480,hoch,,68
00-0036992,Elijah Molden,LAC,SEA,DB,DB,1.000,2026-10-04 22:25:00+02:00,2026_04_LAC_SEA,-7.000,17.750,5.382,3.292,1,1.000,0.981,5.324,0.094,0.023,0.750,Questionable,Hamstring,3.000,,0.710,,False,,False,,,0.600,fehlt (0.6 angenommen),0.732,0.090,0.000,1.971,0.510,hoch,Questionable (Hamstring),68
00-0036993,Ifeatu Melifonwu,TB,GB,DB,DB,2.000,2026-10-04 19:00:00+02:00,2026_04_GB_TB,-3.000,17.750,2.650,3.200,1,1.000,0.984,2.494,0.071,0.022,0.990,,,1.000,,0.000,,False,,False,,,0.600,fehlt (0.6 angenommen),0.456,0.069,0.000,1.009,0.720,hoch,,68
00-0036994,Ernest Jones,SEA,LAC,LB,LB,1.000,2026-10-04 22:25:00+02:00,2026_04_LAC_SEA,7.000,24.750,7.091,10.050,3,1.000,1.035,7.642,0.164,0.030,0.990,,,5.833,,1.000,0.980,False,,False,,,0.600,fehlt (0.6 angenommen),1.399,0.152,0.130,3.174,0.269,mittel,,68
00-0036995,Baron Browning,ARI,NYG,LB,LB,2.000,2026-10-04 19:00:00+02:00,2026_04_ARI_NYG,2.500,23.000,2.776,3.500,3,1.000,0.942,2.549,0.038,0.040,0.990,,,1.667,0.000,0.500,0.490,False,,False,,,0.600,fehlt (0.6 angenommen),0.483,0.038,0.000,1.099,0.685,hoch,,68
00-0036996,Greg Newsome II,NYG,ARI,DB,DB,1.000,2026-10-04 19:00:00+02:00,2026_04_ARI_NYG,-2.500,20.500,5.849,4.500,3,1.000,0.955,5.502,0.064,0.021,0.990,,,4.833,,1.000,0.935,False,,False,,,0.600,fehlt (0.6 angenommen),1.031,0.062,0.088,2.354,0.329,mittel,,68
00-0036997,Javonte Williams,DAL,HOU,RB,RB,1.000,2026-10-04 19:00:00+02:00,2026_04_DAL_HOU,-3.000,22.750,13.502,13.418,3,0.931,0.872,10.966,0.000,0.000,0.990,,,13.500,13.960,0.760,0.755,False,-0.460,False,,,0.500,Pool,2.806,0.000,0.694,5.455,0.075,tief,,12
00-0036998,Jevon Holland,NYG,ARI,DB,DB,1.000,2026-10-04 19:00:00+02:00,2026_04_ARI_NYG,-2.500,20.500,7.860,4.321,3,1.000,0.955,7.254,0.188,0.041,0.990,,,20.333,,1.000,1.000,False,,False,,,0.200,Pool,1.356,0.171,0.143,3.080,0.273,mittel,,68
00-0037003,Chazz Surratt,SEA,LAC,LB,LB,3.000,2026-10-04 22:25:00+02:00,2026_04_LAC_SEA,7.000,24.750,0.417,0.400,2,1.000,1.035,0.493,0.033,0.032,0.750,Questionable,Calf,0.500,,0.040,0.000,False,,False,,,0.600,fehlt (0.6 angenommen),0.158,0.033,0.000,0.318,0.938,hoch,Questionable (Calf),68
00-0037004,Hunter Long,ARI,NYG,TE,TE,3.000,2026-10-04 19:00:00+02:00,2026_04_ARI_NYG,2.500,23.000,0.940,1.500,3,1.089,0.905,0.926,0.000,0.000,0.990,,,0.167,0.720,0.340,0.325,False,,False,,,0.600,fehlt (0.6 angenommen),0.364,0.000,0.000,0.836,0.678,hoch,,7
00-0037005,Tommy Tremble,CAR,DET,TE,TE,1.000,2026-10-05 02:20:00+02:00,2026_04_DET_CAR,-3.500,24.000,2.405,1.962,3,1.036,1.150,2.866,0.000,0.000,0.990,,,2.333,3.467,0.480,0.560,False,-1.133,False,,,0.600,fehlt (0.6 angenommen),0.725,0.000,0.000,1.520,0.417,hoch,,7
00-0037007,Patrick Jones II,CAR,DET,LB,LB,1.000,2026-10-05 02:20:00+02:00,2026_04_DET_CAR,-3.500,24.000,5.632,4.250,1,1.000,1.032,5.716,0.024,0.035,0.990,,,5.000,,0.600,,False,,False,,,0.600,fehlt (0.6 angenommen),1.032,0.024,0.072,2.288,0.335,mittel,,68
00-0037012,Trey Lance,LAC,SEA,QB,QB,2.000,2026-10-04 22:25:00+02:00,2026_04_LAC_SEA,-7.000,17.750,4.634,4.634,0,0.809,0.906,3.396,0.000,0.000,0.750,Questionable,Groin,,,,,False,,False,,,0.000,0 (noch kein Saisonspiel),0.054,0.000,0.000,0.107,0.959,hoch,Questionable (Groin); keine Spiele 2026,6
00-0037034,Dee Alford,BUF,NE,DB,DB,1.000,2026-10-04 19:00:00+02:00,2026_04_NE_BUF,7.000,28.250,6.324,10.167,3,1.000,0.997,6.598,0.149,0.031,0.990,,,1.500,,0.520,0.595,False,,False,,,0.600,fehlt (0.6 angenommen),1.203,0.139,0.105,2.779,0.304,mittel,,68
00-0037051,Elijah Garcia,DAL,HOU,DL,DL,3.000,2026-10-04 19:00:00+02:00,2026_04_DAL_HOU,-3.000,22.750,1.071,1.071,0,1.000,1.150,1.215,0.005,0.024,0.990,,,,,,,False,,False,,,0.000,0 (noch kein Saisonspiel),0.260,0.005,0.000,0.606,0.857,hoch,keine Spiele 2026,68
00-0037073,Jordan Davis,PHI,LA,DL,DL,,2026-10-04 19:00:00+02:00,2026_04_LA_PHI,-3.500,19.500,2.159,3.009,3,1.000,0.958,2.072,0.005,0.020,0.990,,,1.333,,0.580,0.460,False,,False,,,0.600,fehlt (0.6 angenommen),0.402,0.005,0.000,1.004,0.714,hoch,,68
00-0037074,Quay Walker,LV,KC,LB,LB,1.000,2026-10-04 22:25:00+02:00,2026_04_KC_LV,-4.500,21.500,6.608,6.911,3,1.000,0.939,6.202,0.023,0.050,0.990,,,7.333,,1.000,1.000,False,,False,,,0.600,fehlt (0.6 angenommen),1.136,0.023,0.091,2.574,0.319,mittel,,68
00-0037075,Devonte Wyatt,GB,TB,DL,DL,1.000,2026-10-04 19:00:00+02:00,2026_04_GB_TB,3.000,20.750,3.368,4.800,3,1.000,1.068,3.615,0.007,0.022,0.990,,,1.667,,0.480,0.550,False,,False,Gegner ohne QB1 (INT-Rate ×1.3),,0.600,fehlt (0.6 angenommen),0.673,0.007,0.000,1.730,0.550,hoch,Gegner ohne QB1 (INT-Rate ×1.3),68
00-0037077,Sam Howell,DAL,HOU,QB,QB,2.000,2026-10-04 19:00:00+02:00,2026_04_DAL_HOU,-3.000,22.750,4.000,4.000,0,0.922,0.969,3.572,0.000,0.000,0.990,,,,,,,False,,False,,,0.000,0 (noch kein Saisonspiel),0.080,0.000,0.000,0.285,0.936,hoch,keine Spiele 2026,6
00-0037079,Riq Woolen,PHI,LA,DB,DB,1.000,2026-10-04 19:00:00+02:00,2026_04_LA_PHI,-3.500,19.500,5.635,4.688,3,1.000,1.065,6.050,0.079,0.021,0.990,,,3.167,,0.990,0.960,False,,False,,,0.600,fehlt (0.6 angenommen),1.115,0.076,0.118,2.494,0.300,mittel,,68
00-0037082,Dominique Robinson,HOU,DAL,DL,DL,2.000,2026-10-04 19:00:00+02:00,2026_04_DAL_HOU,3.000,25.750,1.374,2.159,3,1.000,0.870,1.191,0.004,0.021,0.990,,,0.333,0.000,0.270,0.130,False,,False,,,0.600,fehlt (0.6 angenommen),0.252,0.004,0.000,0.594,0.857,hoch,,68
00-0037083,Kingsley Enagbare,NYJ,CHI,LB,LB,1.000,2026-10-04 19:00:00+02:00,2026_04_NYJ_CHI,-3.500,20.000,5.407,2.438,3,1.000,1.028,5.559,0.022,0.030,0.750,Questionable,Knee,6.000,,0.580,0.670,False,,False,Gegner ohne QB1 (INT-Rate ×1.3),,0.600,fehlt (0.6 angenommen),0.788,0.022,0.000,2.037,0.494,hoch,Questionable (Knee); Gegner ohne QB1 (INT-Rate ×1.3),68
00-0037085,Tyler Badie,DEN,SF,RB,RB,2.000,2026-10-04 22:25:00+02:00,2026_04_DEN_SF,-3.000,22.750,1.588,1.340,2,1.014,0.998,1.606,0.000,0.000,0.990,,,2.150,2.020,0.180,0.260,False,0.130,False,,,0.600,fehlt (0.6 angenommen),0.647,0.000,0.000,1.363,0.439,hoch,,12
00-0037091,Bo Melton,GB,TB,WR,WR,1.000,2026-10-04 19:00:00+02:00,2026_04_GB_TB,3.000,20.750,1.091,1.438,3,0.936,0.979,1.000,0.000,0.000,0.990,,,0.333,1.000,0.320,0.135,False,-0.667,False,,,0.600,fehlt (0.6 angenommen),0.431,0.000,0.000,0.919,0.607,hoch,,25
00-0037093,Dareke Young,LV,KC,WR,WR,2.000,2026-10-04 22:25:00+02:00,2026_04_KC_LV,-4.500,21.500,0.514,0.449,3,1.036,0.872,0.465,0.000,0.000,0.990,,,0.900,0.930,0.170,0.170,False,,False,,,0.600,fehlt (0.6 angenommen),0.314,0.000,0.000,0.732,0.740,hoch,,25
00-0037094,Jonathan Ford,GB,TB,DL,DL,2.000,2026-10-04 19:00:00+02:00,2026_04_GB_TB,3.000,20.750,0.638,0.250,3,1.000,1.068,0.701,0.007,0.022,0.990,,,1.417,0.000,0.390,0.425,False,,False,Gegner ohne QB1 (INT-Rate ×1.3),,0.600,fehlt (0.6 angenommen),0.183,0.007,0.000,0.431,0.927,hoch,Gegner ohne QB1 (INT-Rate ×1.3),68
00-0037096,Elijah Hicks,CHI,NYJ,DB,DB,2.000,2026-10-04 19:00:00+02:00,2026_04_NYJ_CHI,3.500,23.500,1.080,0.692,3,1.000,1.047,1.045,0.047,0.022,0.990,,,1.333,,0.220,0.065,False,,False,,,0.600,fehlt (0.6 angenommen),0.242,0.046,0.000,0.474,0.906,hoch,,68
00-0037109,Jack Sanborn,CHI,NYJ,LB,LB,2.000,2026-10-04 19:00:00+02:00,2026_04_NYJ_CHI,3.500,23.500,3.325,4.100,1,1.000,1.070,3.506,0.028,0.035,0.990,,,1.000,,0.000,,False,,False,,,0.600,fehlt (0.6 angenommen),0.634,0.028,0.000,1.481,0.541,hoch,,68
00-0037120,Tyler Goodson,DAL,HOU,RB,RB,2.000,2026-10-04 19:00:00+02:00,2026_04_DAL_HOU,-3.000,22.750,1.158,0.610,1,0.931,0.872,0.940,0.000,0.000,0.990,,,1.700,3.900,0.150,,False,,False,,,0.600,fehlt (0.6 angenommen),0.511,0.000,0.000,1.177,0.546,hoch,,12
00-0037129,Josh Blackwell,CHI,NYJ,DB,DB,2.000,2026-10-04 19:00:00+02:00,2026_04_NYJ_CHI,3.500,23.500,0.423,0.231,1,1.000,1.047,0.348,0.052,0.022,0.990,,,1.000,,0.000,,False,,False,,,0.600,fehlt (0.6 angenommen),0.209,0.051,0.000,0.414,0.917,hoch,,68
00-0037130,Reed Blankenship,HOU,DAL,DB,DB,1.000,2026-10-04 19:00:00+02:00,2026_04_DAL_HOU,3.000,25.750,6.703,5.500,3,1.000,1.013,6.680,0.106,0.031,0.990,,,9.000,,0.870,0.935,False,,False,,,0.600,fehlt (0.6 angenommen),1.233,0.101,0.139,2.767,0.272,mittel,,68
00-0037132,Britain Covey,PHI,LA,WR,WR,1.000,2026-10-04 19:00:00+02:00,2026_04_LA_PHI,-3.500,19.500,0.190,0.344,3,0.901,1.022,0.175,0.000,0.000,0.990,,,0.000,,0.000,0.000,False,,False,,,0.600,fehlt (0.6 angenommen),0.253,0.000,0.000,0.624,0.815,hoch,,25
00-0037137,Josh Jobe,SEA,LAC,DB,DB,1.000,2026-10-04 22:25:00+02:00,2026_04_LAC_SEA,7.000,24.750,6.234,5.016,3,1.000,1.100,7.126,0.144,0.021,0.990,,,8.500,,1.000,0.975,False,,False,,,0.600,fehlt (0.6 angenommen),1.278,0.134,0.150,2.854,0.274,mittel,,68
00-0037155,Tony Adams,TEN,BAL,DB,DB,2.000,2026-10-04 19:00:00+02:00,2026_04_TEN_BAL,-11.500,15.500,3.750,5.400,2,1.000,0.888,3.256,0.055,0.023,0.990,,,1.000,,0.190,0.060,False,,False,,,0.600,fehlt (0.6 angenommen),0.573,0.054,0.000,1.310,0.589,hoch,,68
00-0037157,Bam Knight,ARI,NYG,RB,RB,3.000,2026-10-04 19:00:00+02:00,2026_04_ARI_NYG,2.500,23.000,3.400,3.960,1,1.089,1.065,3.942,0.000,0.000,0.990,,,2.400,1.040,0.060,,False,,False,,,0.600,fehlt (0.6 angenommen),1.175,0.000,0.107,2.275,0.235,mittel,,12
00-0037190,Sauce Gardner,IND,WAS,DB,DB,1.000,2026-10-04 15:30:00+02:00,2026_04_IND_WAS,4.500,25.500,6.070,5.050,3,1.000,0.914,5.583,0.064,0.022,0.990,,,5.500,,0.910,0.975,False,,False,Gegner ohne QB1 (INT-Rate ×1.3),,0.600,fehlt (0.6 angenommen),1.025,0.062,0.095,2.306,0.330,mittel,Gegner ohne QB1 (INT-Rate ×1.3),68
00-0037191,Trent McDuffie,LA,PHI,DB,DB,1.000,2026-10-04 19:00:00+02:00,2026_04_LA_PHI,3.500,23.000,7.170,6.385,3,1.000,1.041,7.516,0.131,0.022,0.990,,,13.167,,0.990,1.000,False,,False,,,0.600,fehlt (0.6 angenommen),1.366,0.122,0.177,3.017,0.244,mittel,,68
00-0037192,George Karlaftis,KC,LV,DL,DL,1.000,2026-10-04 22:25:00+02:00,2026_04_KC_LV,4.500,26.000,6.306,5.188,3,1.000,1.087,6.985,0.061,0.030,0.990,,,6.500,,0.790,0.875,False,,False,,,0.600,fehlt (0.6 angenommen),1.316,0.059,0.000,3.170,0.367,mittel,,68
00-0037193,Bryan Cook,CIN,JAX,DB,DB,1.000,2026-10-04 19:00:00+02:00,2026_04_JAX_CIN,2.500,27.000,5.876,3.941,3,1.000,1.036,6.088,0.051,0.040,0.750,Questionable,Ankle,7.000,,0.340,1.000,True,,False,,,0.600,fehlt (0.6 angenommen),0.867,0.050,0.000,2.299,0.463,hoch,Questionable (Ankle); Rolle↓,68
00-0037195,Jaylen Watson,LA,PHI,DB,DB,1.000,2026-10-04 19:00:00+02:00,2026_04_LA_PHI,3.500,23.000,6.230,6.067,3,1.000,1.041,6.526,0.102,0.021,0.000,Out,Shoulder,5.500,,0.300,0.975,True,,False,,,0.600,fehlt (0.6 angenommen),0.000,0.097,0.000,0.000,1.000,hoch,Out (Shoulder); Rolle↓,68
00-0037208,Jack Cochrane,KC,LV,LB,LB,2.000,2026-10-04 22:25:00+02:00,2026_04_KC_LV,4.500,26.000,2.128,2.458,3,1.000,0.983,2.224,0.061,0.041,0.990,,,1.667,,0.250,0.250,False,,False,,,0.600,fehlt (0.6 angenommen),0.433,0.060,0.000,1.193,0.769,hoch,,68
00-0037224,Cameron Dicker,LAC,SEA,K,K,1.000,2026-10-04 22:25:00+02:00,2026_04_LAC_SEA,-7.000,17.750,8.050,9.765,3,0.853,0.873,5.997,0.000,0.000,0.990,,,4.000,,0.000,0.000,False,,False,,,0.600,fehlt (0.6 angenommen),1.816,0.000,0.000,4.211,0.282,mittel,,7
00-0037235,Travon Walker,JAX,CIN,DL,DL,1.000,2026-10-04 19:00:00+02:00,2026_04_JAX_CIN,-2.500,24.500,3.586,3.982,3,1.000,1.014,3.638,0.005,0.021,0.990,,,3.750,,0.670,0.745,False,,False,,,0.600,fehlt (0.6 angenommen),0.673,0.005,0.000,1.755,0.558,hoch,,68
00-0037236,Aidan Hutchinson,DET,CAR,DL,DL,1.000,2026-10-05 02:20:00+02:00,2026_04_DET_CAR,3.500,27.500,8.217,8.750,3,1.000,0.991,8.142,0.025,0.030,0.990,,,8.583,,0.970,0.840,False,,False,,,0.600,fehlt (0.6 angenommen),1.499,0.025,0.000,3.698,0.334,mittel,,68
00-0037237,Derek Stingley Jr.,HOU,DAL,DB,DB,1.000,2026-10-04 19:00:00+02:00,2026_04_DAL_HOU,3.000,25.750,6.054,7.088,3,1.000,1.013,6.006,0.123,0.021,0.990,,,3.833,,1.000,1.000,False,,False,,,0.600,fehlt (0.6 angenommen),1.099,0.116,0.101,2.570,0.327,mittel,,68
00-0037240,Jameson Williams,DET,CAR,WR,WR,2.000,2026-10-05 02:20:00+02:00,2026_04_DET_CAR,3.500,27.500,6.183,6.750,3,1.010,0.885,5.524,0.000,0.000,0.990,,,4.233,7.333,0.820,0.905,True,-3.100,False,,,0.600,fehlt (0.6 angenommen),1.546,0.000,0.305,3.103,0.159,tief,Rolle↓; Pech -3.1 FP vs xFP,25
00-0037244,Devin Lloyd,CAR,DET,LB,LB,1.000,2026-10-05 02:20:00+02:00,2026_04_DET_CAR,-3.500,24.000,11.378,9.617,2,1.000,1.032,11.073,0.166,0.041,0.990,,,31.500,,0.710,0.990,True,,False,,,0.000,Pool,2.016,0.153,0.284,4.337,0.171,tief,Rolle↓,68
00-0037246,Jalen Pitre,HOU,DAL,DB,DB,1.000,2026-10-04 19:00:00+02:00,2026_04_DAL_HOU,3.000,25.750,6.334,8.571,3,1.000,1.013,6.281,0.132,0.021,0.990,,,4.000,,1.000,1.000,False,,False,,,0.600,fehlt (0.6 angenommen),1.166,0.124,0.107,2.711,0.308,mittel,,68
00-0037247,George Pickens,DAL,HOU,WR,WR,2.000,2026-10-04 19:00:00+02:00,2026_04_DAL_HOU,-3.000,22.750,7.260,6.750,3,0.931,1.019,6.890,0.000,0.000,0.990,,,5.000,9.740,0.850,0.800,False,-4.740,False,,,0.600,fehlt (0.6 angenommen),1.926,0.000,0.400,3.930,0.126,tief,Pech -4.7 FP vs xFP,25
00-0037248,James Cook,BUF,NE,RB,RB,1.000,2026-10-04 19:00:00+02:00,2026_04_NE_BUF,7.000,28.250,14.790,14.360,3,1.019,0.925,13.942,0.000,0.000,0.990,,,15.400,14.013,0.670,0.730,False,1.387,False,,,0.000,Pool,3.436,0.000,0.870,6.626,0.052,tief,,12
00-0037249,Nik Bonitto,DEN,SF,LB,LB,1.000,2026-10-04 22:25:00+02:00,2026_04_DEN_SF,-3.000,22.750,5.855,6.676,3,1.000,0.945,5.538,0.022,0.029,0.990,,,2.500,,0.670,0.600,False,,False,,,0.600,fehlt (0.6 angenommen),1.024,0.022,0.042,2.315,0.346,mittel,,68
00-0037252,Greg Dulcich,MIA,MIN,TE,TE,1.000,2026-10-04 22:05:00+02:00,2026_04_MIA_MIN,-10.000,14.250,3.742,3.610,3,0.895,0.883,2.957,0.000,0.000,0.990,,,3.000,3.987,0.700,0.690,False,-0.987,False,,,0.600,fehlt (0.6 angenommen),0.719,0.000,0.000,1.507,0.414,hoch,,7
00-0037253,Marcus Jones,NE,BUF,DB,DB,1.000,2026-10-04 19:00:00+02:00,2026_04_NE_BUF,-7.000,21.250,7.181,8.971,3,1.000,1.020,7.232,0.148,0.030,0.990,,,8.167,,0.580,0.735,False,,False,,,0.600,fehlt (0.6 angenommen),1.321,0.138,0.169,2.911,0.254,mittel,,68
00-0037254,Terrel Bernard,BUF,NE,LB,LB,1.000,2026-10-04 19:00:00+02:00,2026_04_NE_BUF,7.000,28.250,7.217,8.125,3,1.000,1.110,8.133,0.060,0.072,0.990,,,9.833,,0.930,1.000,False,,False,,,0.600,fehlt (0.6 angenommen),1.466,0.058,0.169,3.217,0.246,mittel,,68
00-0037256,Rachaad White,WAS,IND,RB,RB,2.000,2026-10-04 15:30:00+02:00,2026_04_IND_WAS,-4.500,21.000,6.544,6.000,3,1.037,1.033,6.592,0.000,0.000,0.000,Out,Shoulder,7.033,6.730,0.430,0.465,False,0.303,True,QB1 Jayden Daniels fehlt (×0.94),,0.600,fehlt (0.6 angenommen),0.000,0.000,0.000,0.000,1.000,hoch,Out (Shoulder); QB-Wechsel; QB1 Jayden Daniels fehlt (×0.94),12
00-0037259,Micah McFadden,NYG,ARI,LB,LB,2.000,2026-10-04 19:00:00+02:00,2026_04_ARI_NYG,-2.500,20.500,0.450,0.600,1,1.000,1.018,0.413,0.033,0.036,0.990,,,0.000,,0.000,,False,,False,,,0.600,fehlt (0.6 angenommen),0.208,0.033,0.000,0.408,0.922,hoch,,68
00-0037261,Khalil Shakir,BUF,NE,WR,WR,2.000,2026-10-04 19:00:00+02:00,2026_04_NE_BUF,7.000,28.250,4.965,5.354,3,1.019,0.996,5.037,0.000,0.000,0.990,,,3.133,6.747,0.730,0.510,True,-3.613,False,,,0.600,fehlt (0.6 angenommen),1.389,0.000,0.258,2.778,0.185,tief,Rolle↓; Pech -3.6 FP vs xFP,25
00-0037262,Thomas Booker,LV,KC,DL,DL,2.000,2026-10-04 22:25:00+02:00,2026_04_KC_LV,-4.500,21.500,2.029,2.559,3,1.000,1.034,2.097,0.004,0.030,0.990,,,1.667,,0.320,0.360,False,,False,,,0.600,fehlt (0.6 angenommen),0.394,0.004,0.000,0.958,0.732,hoch,,68
00-0037263,Tyler Allgeier,ARI,NYG,RB,RB,2.000,2026-10-04 19:00:00+02:00,2026_04_ARI_NYG,2.500,23.000,5.091,6.000,3,1.089,1.065,5.901,0.000,0.000,0.990,,,3.267,5.710,0.360,0.615,True,-2.443,False,,,0.600,fehlt (0.6 angenommen),1.623,0.000,0.278,3.068,0.157,tief,Rolle↓,12
00-0037268,Zyon McCollum,TB,GB,DB,DB,1.000,2026-10-04 19:00:00+02:00,2026_04_GB_TB,-3.000,17.750,6.373,5.615,3,1.000,0.984,6.163,0.068,0.022,0.990,,,8.333,,1.000,0.990,False,,False,,,0.600,fehlt (0.6 angenommen),1.134,0.066,0.125,2.509,0.290,mittel,,68
00-0037270,Otito Ogbonnia,DAL,HOU,DL,DL,1.000,2026-10-04 19:00:00+02:00,2026_04_DAL_HOU,-3.000,22.750,2.513,2.464,3,1.000,1.150,2.876,0.004,0.022,0.990,,,2.333,,0.620,0.495,False,,False,,,0.600,fehlt (0.6 angenommen),0.548,0.004,0.000,1.371,0.614,hoch,,68
00-0037271,D'Marco Jackson,CHI,NYJ,LB,LB,1.000,2026-10-04 19:00:00+02:00,2026_04_NYJ_CHI,3.500,23.500,2.050,3.385,3,1.000,1.070,2.120,0.040,0.031,0.990,,,0.333,,0.400,0.385,False,,False,,,0.600,fehlt (0.6 angenommen),0.398,0.039,0.000,0.847,0.767,hoch,,68
00-0037275,DaRon Bland,DAL,HOU,DB,DB,1.000,2026-10-04 19:00:00+02:00,2026_04_DAL_HOU,-3.000,22.750,6.270,7.500,3,1.000,0.952,5.760,0.060,0.022,0.990,,,4.500,,1.000,0.970,False,,False,,,0.600,fehlt (0.6 angenommen),1.088,0.058,0.129,2.432,0.305,mittel,,68
00-0037284,Matt Araiza,KC,LV,P,P,1.000,2026-10-04 22:25:00+02:00,2026_04_KC_LV,4.500,26.000,16.307,15.671,3,0.987,0.996,16.036,0.000,0.000,0.990,,,12.967,,,,False,,False,,,0.600,fehlt (0.6 angenommen),1.218,0.000,0.466,2.097,0.113,tief,,4
00-0037288,Christian Benford,BUF,NE,DB,DB,1.000,2026-10-04 19:00:00+02:00,2026_04_NE_BUF,7.000,28.250,6.511,7.857,3,1.000,0.997,6.735,0.124,0.041,0.750,Questionable,Toe,5.833,,0.750,0.990,False,,False,,,0.600,fehlt (0.6 angenommen),0.910,0.117,0.000,2.469,0.459,hoch,Questionable (Toe),68
00-0037289,Malcolm Rodriguez,DET,CAR,LB,LB,2.000,2026-10-05 02:20:00+02:00,2026_04_DET_CAR,3.500,27.500,1.559,2.400,3,1.000,0.913,1.423,0.029,0.033,0.990,,,0.667,,0.290,0.210,False,,False,,,0.600,fehlt (0.6 angenommen),0.284,0.029,0.000,0.595,0.865,hoch,,68
00-0037291,Jalen Nailor,LV,KC,WR,WR,2.000,2026-10-04 22:25:00+02:00,2026_04_KC_LV,-4.500,21.500,3.576,4.220,3,1.036,0.872,3.231,0.000,0.000,0.990,,,1.733,4.043,0.570,0.600,True,-2.310,False,,,0.600,fehlt (0.6 angenommen),0.962,0.000,0.139,1.918,0.286,mittel,Rolle↓,25
00-0037292,Andrew Ogletree,IND,WAS,TE,TE,3.000,2026-10-04 15:30:00+02:00,2026_04_IND_WAS,4.500,25.500,0.389,0.539,3,1.104,1.150,0.494,0.000,0.000,0.990,,,0.000,0.467,0.300,0.200,False,-0.467,False,,,0.600,fehlt (0.6 angenommen),0.282,0.000,0.000,0.700,0.774,hoch,,7
00-0037294,Jordan Jackson,DEN,SF,DL,DL,2.000,2026-10-04 22:25:00+02:00,2026_04_DEN_SF,-3.000,22.750,0.450,0.600,1,1.000,0.850,0.383,0.007,0.024,0.990,,,0.000,0.000,0.200,,False,,False,,,0.600,fehlt (0.6 angenommen),0.142,0.007,0.000,0.336,0.952,hoch,,68
00-0037301,Theo Jackson,MIN,MIA,DB,DB,2.000,2026-10-04 22:05:00+02:00,2026_04_MIA_MIN,10.000,24.250,5.371,3.808,3,1.000,1.034,5.640,0.064,0.032,0.990,,,2.500,,0.710,0.655,False,,False,,,0.600,fehlt (0.6 angenommen),0.982,0.062,0.082,2.222,0.344,mittel,,68
00-0037304,Connor Heyward,LV,KC,RB,RB,1.000,2026-10-04 22:25:00+02:00,2026_04_KC_LV,-4.500,21.500,0.931,1.588,3,1.036,0.933,0.900,0.000,0.000,0.990,,,0.067,0.315,0.270,0.385,True,-0.248,False,,,0.600,fehlt (0.6 angenommen),0.490,0.000,0.000,1.122,0.562,hoch,Rolle↓,12
00-0037310,James Houston,DAL,HOU,LB,LB,3.000,2026-10-04 19:00:00+02:00,2026_04_DAL_HOU,-3.000,22.750,1.406,2.250,2,1.000,0.928,1.245,0.017,0.040,0.990,,,0.000,,0.000,0.140,False,,False,,,0.600,fehlt (0.6 angenommen),0.265,0.017,0.000,0.543,0.883,hoch,,68
00-0037311,Ko Kieft,TB,GB,TE,TE,3.000,2026-10-04 19:00:00+02:00,2026_04_GB_TB,-3.000,17.750,0.112,0.150,1,0.869,0.921,0.079,0.000,0.000,0.000,Out,Elbow,0.000,,0.030,,False,,False,QB1 Baker Mayfield fehlt (×0.88),,0.600,fehlt (0.6 angenommen),0.000,0.000,0.000,0.000,1.000,hoch,Out (Elbow); QB1 Baker Mayfield fehlt (×0.88),7
00-0037313,Montaric Brown,JAX,CIN,DB,DB,1.000,2026-10-04 19:00:00+02:00,2026_04_JAX_CIN,-2.500,24.500,6.097,6.643,3,1.000,1.065,6.532,0.104,0.021,0.750,Questionable,Hamstring,4.500,,0.480,0.770,True,,False,,,0.600,fehlt (0.6 angenommen),0.927,0.099,0.000,2.483,0.453,hoch,Questionable (Hamstring); Rolle↓,68
00-0037320,Deane Leonard,LAC,SEA,DB,DB,2.000,2026-10-04 22:25:00+02:00,2026_04_LAC_SEA,-7.000,17.750,0.500,0.500,0,1.000,0.981,0.533,0.090,0.025,0.990,,,,,,,False,,False,,,0.000,0 (noch kein Saisonspiel),0.274,0.086,0.000,0.740,0.888,hoch,keine Spiele 2026,68
00-0037323,Rodney Thomas,SEA,LAC,DB,DB,2.000,2026-10-04 22:25:00+02:00,2026_04_LAC_SEA,7.000,24.750,5.079,1.333,3,1.000,1.100,5.717,0.070,0.022,0.990,,,3.500,,1.000,0.995,False,,False,,,0.600,fehlt (0.6 angenommen),1.004,0.068,0.076,2.305,0.339,mittel,,68
00-0037384,Ja'Quan McMillian,DEN,SF,DB,DB,1.000,2026-10-04 22:25:00+02:00,2026_04_DEN_SF,-3.000,22.750,5.984,7.265,3,1.000,0.925,5.549,0.095,0.021,0.990,,,3.000,0.000,0.630,0.695,False,,False,,,0.600,fehlt (0.6 angenommen),1.015,0.090,0.082,2.326,0.338,mittel,,68
00-0037457,Jake Hansen,HOU,DAL,LB,LB,1.000,2026-10-04 19:00:00+02:00,2026_04_DAL_HOU,3.000,25.750,4.398,0.917,3,1.000,1.014,4.438,0.022,0.031,0.750,Questionable,Calf,1.667,,1.000,0.500,False,,False,,,0.600,fehlt (0.6 angenommen),0.623,0.022,0.000,1.635,0.555,hoch,Questionable (Calf),68
00-0037461,Tristin McCollum,LV,KC,DB,DB,3.000,2026-10-04 22:25:00+02:00,2026_04_KC_LV,-4.500,21.500,2.167,2.167,0,1.000,0.925,2.002,0.072,0.024,0.990,,,,,,,False,,False,,,0.000,0 (noch kein Saisonspiel),0.377,0.070,0.000,0.824,0.805,hoch,keine Spiele 2026,68
00-0037493,Mike Brown,NE,BUF,DB,DB,2.000,2026-10-04 19:00:00+02:00,2026_04_NE_BUF,-7.000,21.250,0.562,0.750,1,1.000,1.020,0.528,0.075,0.025,0.990,,,0.000,,0.190,,False,,False,,,0.600,fehlt (0.6 angenommen),0.257,0.073,0.000,0.542,0.895,hoch,,68
00-0037512,Isaiah Pola-Mao,LV,KC,DB,DB,2.000,2026-10-04 22:25:00+02:00,2026_04_KC_LV,-4.500,21.500,5.700,5.824,3,1.000,0.925,5.270,0.093,0.021,0.990,,,2.000,,1.000,0.280,False,,False,,,0.600,fehlt (0.6 angenommen),0.967,0.089,0.051,2.327,0.367,mittel,,68
00-0037524,Tay Martin,DET,CAR,WR,WR,2.000,2026-10-05 02:20:00+02:00,2026_04_DET_CAR,3.500,27.500,0.421,0.673,2,1.010,0.885,0.376,0.000,0.000,0.990,,,0.000,,0.000,0.000,False,,False,,,0.600,fehlt (0.6 angenommen),0.291,0.000,0.000,0.690,0.771,hoch,,25
00-0037527,Segun Olubi,LV,KC,LB,LB,3.000,2026-10-04 22:25:00+02:00,2026_04_KC_LV,-4.500,21.500,0.754,1.100,3,1.000,0.939,0.707,0.026,0.032,0.990,,,0.333,,0.000,0.000,False,,False,,,0.600,fehlt (0.6 angenommen),0.190,0.025,0.000,0.390,0.930,hoch,,68
00-0037545,Rashid Shaheed,SEA,LAC,WR,WR,1.000,2026-10-04 22:25:00+02:00,2026_04_LAC_SEA,7.000,24.750,4.249,5.380,3,1.029,0.971,4.246,0.000,0.000,0.990,,,1.900,3.813,0.460,0.610,True,-1.913,True,,,0.600,fehlt (0.6 angenommen),1.176,0.000,0.202,2.356,0.227,mittel,Rolle↓; QB-Wechsel,25
00-0037547,Daniel Whelan,GB,TB,P,P,1.000,2026-10-04 19:00:00+02:00,2026_04_GB_TB,3.000,20.750,18.333,18.093,3,1.089,1.006,20.083,0.000,0.000,0.990,,,23.000,,,,False,,False,,,0.600,fehlt (0.6 angenommen),1.526,0.000,0.559,2.668,0.080,tief,,4
00-0037561,Markquese Bell,DAL,HOU,DB,DB,1.000,2026-10-04 19:00:00+02:00,2026_04_DAL_HOU,-3.000,22.750,3.298,2.767,3,1.000,0.952,2.943,0.056,0.021,0.990,,,3.667,,0.690,0.400,False,,False,,,0.600,fehlt (0.6 angenommen),0.553,0.054,0.000,1.252,0.612,hoch,,68
00-0037578,Juanyeh Thomas,DAL,HOU,DB,DB,2.000,2026-10-04 19:00:00+02:00,2026_04_DAL_HOU,-3.000,22.750,5.116,2.333,0,1.000,0.952,4.664,0.059,0.025,0.990,,,,,,,False,,False,,,0.000,0 (noch kein Saisonspiel),0.862,0.057,0.040,2.034,0.394,mittel,keine Spiele 2026,68
00-0037587,Nate Landman,LA,PHI,LB,LB,1.000,2026-10-04 19:00:00+02:00,2026_04_LA_PHI,3.500,23.000,6.522,8.544,3,1.000,0.995,6.506,0.045,0.049,0.990,,,4.833,,0.880,0.910,False,,False,,,0.600,fehlt (0.6 angenommen),1.231,0.044,0.116,2.779,0.297,mittel,,68
00-0037594,Julius Chestnut,TEN,BAL,RB,RB,2.000,2026-10-04 19:00:00+02:00,2026_04_TEN_BAL,-11.500,15.500,0.223,0.356,2,0.921,0.987,0.202,0.000,0.000,0.990,,,0.000,,0.000,0.000,False,,False,,,0.600,fehlt (0.6 angenommen),0.353,0.000,0.000,0.898,0.685,hoch,,12
00-0037596,Jack Gibbens,ARI,NYG,LB,LB,1.000,2026-10-04 19:00:00+02:00,2026_04_ARI_NYG,2.500,23.000,5.904,4.676,3,1.000,0.942,5.529,0.019,0.029,0.990,,,5.583,,0.930,0.985,False,,False,,,0.600,fehlt (0.6 angenommen),1.017,0.018,0.076,2.272,0.331,mittel,,68
00-0037611,Kayvon Thibodeaux,NYG,ARI,LB,LB,1.000,2026-10-04 19:00:00+02:00,2026_04_ARI_NYG,-2.500,20.500,4.748,3.825,3,1.000,1.018,4.803,0.023,0.032,0.990,,,0.333,0.000,0.670,0.495,False,,False,,,0.600,fehlt (0.6 angenommen),0.885,0.022,0.022,2.053,0.389,mittel,,68
00-0037614,John Metchie III,CAR,DET,WR,WR,2.000,2026-10-05 02:20:00+02:00,2026_04_DET_CAR,-3.500,24.000,3.133,2.698,2,1.036,1.123,3.646,0.000,0.000,0.990,,,3.950,5.990,0.560,0.110,False,,False,,,0.600,fehlt (0.6 angenommen),1.069,0.000,0.169,2.099,0.250,mittel,,25
00-0037615,Nakobe Dean,LV,KC,LB,LB,1.000,2026-10-04 22:25:00+02:00,2026_04_KC_LV,-4.500,21.500,8.157,7.500,3,1.000,0.939,7.656,0.026,0.032,0.990,,,14.417,,1.000,0.970,False,,False,,,0.400,Pool,1.397,0.026,0.150,3.043,0.243,mittel,,68
00-0037616,Nick Cross,WAS,IND,DB,DB,1.000,2026-10-04 15:30:00+02:00,2026_04_IND_WAS,-4.500,21.000,6.618,6.809,2,1.000,1.034,6.945,0.086,0.021,0.000,Out,Illness,8.500,,1.000,0.980,False,,False,,,0.600,fehlt (0.6 angenommen),0.000,0.082,0.000,0.000,1.000,hoch,Out (Illness),68
00-0037663,Jermaine Johnson II,TEN,BAL,LB,LB,1.000,2026-10-04 19:00:00+02:00,2026_04_TEN_BAL,-11.500,15.500,4.728,3.464,3,1.000,0.978,4.617,0.004,0.021,0.990,,,0.667,,0.660,0.645,False,,False,,,0.600,fehlt (0.6 angenommen),0.791,0.004,0.018,1.743,0.417,hoch,,68
00-0037666,Jalen Tolbert,MIA,MIN,WR,WR,5.000,2026-10-04 22:05:00+02:00,2026_04_MIA_MIN,-10.000,14.250,1.335,1.780,1,0.895,0.953,1.139,0.000,0.000,0.990,,,0.000,0.000,0.160,,False,,False,,,0.600,fehlt (0.6 angenommen),0.442,0.000,0.000,0.920,0.603,hoch,,25
00-0037692,Brandon Aubrey,DAL,HOU,K,K,1.000,2026-10-04 19:00:00+02:00,2026_04_DAL_HOU,-3.000,22.750,8.632,10.588,3,0.941,0.999,8.110,0.000,0.000,0.990,,,9.333,,0.000,0.000,False,,False,,,0.700,Pool,2.951,0.000,0.000,6.256,0.166,tief,,7
00-0037740,Garrett Wilson,NYJ,CHI,WR,WR,1.000,2026-10-04 19:00:00+02:00,2026_04_NYJ_CHI,-3.500,20.000,9.745,8.272,3,0.993,1.056,10.228,0.000,0.000,0.990,,,12.100,9.870,0.940,0.815,False,2.230,False,,,0.400,Pool,2.694,0.000,0.605,5.408,0.079,tief,,25
00-0037742,Treylon Burks,WAS,IND,WR,WR,3.000,2026-10-04 15:30:00+02:00,2026_04_IND_WAS,-4.500,21.000,3.206,3.011,2,1.037,1.085,3.065,0.000,0.000,0.990,,,3.650,3.060,0.360,0.300,True,0.590,True,QB1 Jayden Daniels fehlt (×0.85),,0.600,fehlt (0.6 angenommen),0.934,0.000,0.114,1.855,0.293,mittel,Rolle↓; QB-Wechsel; QB1 Jayden Daniels fehlt (×0.85),25
00-0037743,Daxton Hill,CIN,JAX,DB,DB,1.000,2026-10-04 19:00:00+02:00,2026_04_JAX_CIN,2.500,27.000,6.498,5.853,3,1.000,1.036,6.731,0.072,0.021,0.990,,,8.500,,1.000,0.995,False,,False,,,0.600,fehlt (0.6 angenommen),1.240,0.069,0.162,2.719,0.257,mittel,,68
00-0037744,Trey McBride,ARI,NYG,TE,TE,1.000,2026-10-04 19:00:00+02:00,2026_04_ARI_NYG,2.500,23.000,11.102,11.017,3,1.089,0.905,10.943,0.000,0.000,0.990,,,11.033,12.287,0.910,0.840,False,-1.253,False,,,0.600,fehlt (0.6 angenommen),2.354,0.000,0.371,5.029,0.131,tief,,7
00-0037745,Velus Jones Jr.,SEA,LAC,RB,RB,3.000,2026-10-04 22:25:00+02:00,2026_04_LAC_SEA,7.000,24.750,0.529,0.529,0,1.029,0.942,0.513,0.000,0.000,0.990,,,,,,,False,,False,,,0.000,0 (noch kein Saisonspiel),0.416,0.000,0.000,1.004,0.626,hoch,keine Spiele 2026,12
00-0037752,Tycen Anderson,DEN,SF,DB,DB,3.000,2026-10-04 22:25:00+02:00,2026_04_DEN_SF,-3.000,22.750,0.521,0.833,2,1.000,0.925,0.490,0.056,0.022,0.990,,,0.000,,0.000,0.000,False,,False,,,0.600,fehlt (0.6 angenommen),0.218,0.055,0.000,0.443,0.913,hoch,,68
00-0037753,Cam Taylor-Britt,IND,WAS,DB,DB,2.000,2026-10-04 15:30:00+02:00,2026_04_IND_WAS,4.500,25.500,2.828,3.438,1,1.000,0.914,2.628,0.075,0.024,0.990,,,1.000,,0.410,,False,,False,Gegner ohne QB1 (INT-Rate ×1.3),,0.600,fehlt (0.6 angenommen),0.501,0.072,0.000,1.304,0.692,hoch,Gegner ohne QB1 (INT-Rate ×1.3),68
00-0037755,Jelani Woods,NYJ,CHI,TE,TE,4.000,2026-10-04 19:00:00+02:00,2026_04_NYJ_CHI,-3.500,20.000,0.528,0.373,3,0.993,0.882,0.463,0.000,0.000,0.990,,,0.667,0.503,0.380,0.260,False,0.163,False,,,0.600,fehlt (0.6 angenommen),0.286,0.000,0.000,0.702,0.769,hoch,,7
00-0037756,Travis Jones,BAL,TEN,DL,DL,1.000,2026-10-04 19:00:00+02:00,2026_04_TEN_BAL,11.500,27.000,5.945,4.594,3,1.000,0.995,5.904,0.003,0.030,0.990,,,7.500,,0.570,0.565,False,,False,,,0.600,fehlt (0.6 angenommen),1.064,0.003,0.000,2.606,0.432,hoch,,68
00-0037758,Cordale Flott,TEN,BAL,DB,DB,1.000,2026-10-04 19:00:00+02:00,2026_04_TEN_BAL,-11.500,15.500,5.676,5.250,2,1.000,0.888,4.945,0.071,0.022,0.990,,,2.500,,1.000,0.990,False,,False,,,0.600,fehlt (0.6 angenommen),0.870,0.069,0.058,2.037,0.395,mittel,,68
00-0037799,Dondrea Tillman,DEN,SF,LB,LB,2.000,2026-10-04 22:25:00+02:00,2026_04_DEN_SF,-3.000,22.750,2.938,3.500,3,1.000,0.945,2.786,0.065,0.029,0.000,Out,Hamstring,2.667,,0.310,0.385,False,,False,,,0.600,fehlt (0.6 angenommen),0.000,0.063,0.000,0.000,1.000,hoch,Out (Hamstring),68
00-0037801,KaVontae Turpin,DAL,HOU,WR,WR,1.000,2026-10-04 19:00:00+02:00,2026_04_DAL_HOU,-3.000,22.750,3.183,3.655,3,0.931,1.019,3.021,0.000,0.000,0.990,,,2.900,1.607,0.160,0.115,False,1.293,False,,,0.600,fehlt (0.6 angenommen),0.929,0.000,0.113,1.861,0.293,mittel,,25
00-0037805,Jeremy Ruckert,NYJ,CHI,TE,TE,3.000,2026-10-04 19:00:00+02:00,2026_04_NYJ_CHI,-3.500,20.000,2.376,1.335,3,0.993,0.882,2.082,0.000,0.000,0.990,,,3.600,2.593,0.420,0.385,False,1.007,False,,,0.600,fehlt (0.6 angenommen),0.581,0.000,0.000,1.235,0.496,hoch,,7
00-0037809,Chig Okonkwo,WAS,IND,TE,TE,1.000,2026-10-04 15:30:00+02:00,2026_04_IND_WAS,-4.500,21.000,3.348,3.666,1,1.037,1.108,3.387,0.000,0.000,0.990,,,1.600,3.190,0.560,,False,,True,QB1 Jayden Daniels fehlt (×0.88),,0.600,fehlt (0.6 angenommen),0.806,0.000,0.008,1.712,0.374,mittel,QB-Wechsel; QB1 Jayden Daniels fehlt (×0.88),7
00-0037816,Romeo Doubs,NE,BUF,WR,WR,1.000,2026-10-04 19:00:00+02:00,2026_04_NE_BUF,-7.000,21.250,6.063,7.029,3,0.986,1.001,5.985,0.000,0.000,0.990,,,4.833,4.610,0.730,0.615,False,0.223,False,,,0.600,fehlt (0.6 angenommen),1.641,0.000,0.344,3.249,0.150,tief,,25
00-0037834,Brock Purdy,SF,DEN,QB,QB,1.000,2026-10-04 22:25:00+02:00,2026_04_DEN_SF,3.000,25.750,18.827,20.122,3,0.990,0.955,17.802,0.000,0.000,0.990,,,26.953,19.240,1.000,0.925,False,7.713,False,,,0.000,Pool,2.557,0.000,0.000,5.398,0.181,tief,,6
00-0037838,Isaiah Likely,NYG,ARI,TE,TE,1.000,2026-10-04 19:00:00+02:00,2026_04_ARI_NYG,-2.500,20.500,4.479,2.566,3,0.989,1.150,5.096,0.000,0.000,0.990,,,8.133,7.530,0.840,0.590,True,0.603,False,,,0.600,fehlt (0.6 angenommen),1.185,0.000,0.121,2.452,0.259,mittel,Rolle↓,7
00-0037839,Cobie Durant,DAL,HOU,DB,DB,2.000,2026-10-04 19:00:00+02:00,2026_04_DAL_HOU,-3.000,22.750,6.030,5.971,2,1.000,0.952,5.428,0.088,0.031,0.000,Out,Hamstring,4.500,,0.520,0.720,True,,False,,,0.600,fehlt (0.6 angenommen),0.000,0.085,0.000,0.000,1.000,hoch,Out (Hamstring); Rolle↓,68
00-0037840,Kyren Williams,LA,PHI,RB,RB,1.000,2026-10-04 19:00:00+02:00,2026_04_LA_PHI,3.500,23.000,12.948,12.882,3,0.967,0.987,12.363,0.000,0.000,0.990,,,14.000,11.593,0.710,0.595,False,2.407,False,,,0.200,Pool,3.103,0.000,0.775,6.052,0.066,tief,,12
00-0037841,Quentin Lake,LA,PHI,DB,DB,1.000,2026-10-04 19:00:00+02:00,2026_04_LA_PHI,3.500,23.000,7.765,9.050,3,1.000,1.041,8.140,0.140,0.033,0.990,,,15.167,,1.000,1.000,False,,False,,,0.600,fehlt (0.6 angenommen),1.496,0.131,0.208,3.224,0.212,mittel,,68
00-0037843,Daniel Hardy,CHI,NYJ,DL,DL,3.000,2026-10-04 19:00:00+02:00,2026_04_NYJ_CHI,3.500,23.500,0.404,0.538,1,1.000,0.938,0.371,0.004,0.022,0.990,,,0.000,,0.100,,False,,False,,,0.600,fehlt (0.6 angenommen),0.135,0.004,0.000,0.336,0.961,hoch,,68
00-0037844,Russ Yeast,CIN,JAX,DB,DB,3.000,2026-10-04 19:00:00+02:00,2026_04_JAX_CIN,2.500,27.000,1.500,1.500,0,1.000,1.036,1.551,0.099,0.027,0.990,,,,,,,False,,False,,,0.000,0 (noch kein Saisonspiel),0.328,0.095,0.000,1.647,0.867,hoch,keine Spiele 2026,68
00-0038038,Kyle Hamilton,BAL,TEN,DB,DB,1.000,2026-10-04 19:00:00+02:00,2026_04_TEN_BAL,11.500,27.000,6.697,6.812,3,1.000,0.938,6.181,0.042,0.021,0.990,,,8.000,,0.910,0.995,False,,False,,,0.600,fehlt (0.6 angenommen),1.075,0.041,0.115,2.321,0.297,mittel,,68
00-0038039,Jack Jones,SF,DEN,DB,DB,2.000,2026-10-04 22:25:00+02:00,2026_04_DEN_SF,3.000,25.750,4.427,5.294,3,1.000,1.016,4.541,0.076,0.021,0.990,,,3.500,,0.320,0.150,False,,False,,,0.600,fehlt (0.6 angenommen),0.852,0.074,0.033,2.095,0.416,hoch,,68
00-0038041,Jake Ferguson,DAL,HOU,TE,TE,1.000,2026-10-04 19:00:00+02:00,2026_04_DAL_HOU,-3.000,22.750,6.872,6.821,3,0.931,0.943,6.036,0.000,0.000,0.990,,,7.733,5.817,0.690,0.680,True,1.917,False,,,0.600,fehlt (0.6 angenommen),1.360,0.000,0.166,2.858,0.225,mittel,Rolle↓,7
00-0038046,Charlie Kolar,LAC,SEA,TE,TE,1.000,2026-10-04 22:25:00+02:00,2026_04_LAC_SEA,-7.000,17.750,1.255,1.316,2,0.831,0.987,1.029,0.000,0.000,0.000,Out,Forearm,1.050,2.050,0.620,0.550,False,,False,,,0.600,fehlt (0.6 angenommen),0.000,0.000,0.000,0.000,1.000,hoch,Out (Forearm),7
00-0038090,Skyy Moore,GB,TB,WR,WR,1.000,2026-10-04 19:00:00+02:00,2026_04_GB_TB,3.000,20.750,1.468,0.564,3,0.936,0.979,1.345,0.000,0.000,0.990,,,1.233,3.477,0.520,0.210,False,-2.243,False,,,0.600,fehlt (0.6 angenommen),0.510,0.000,0.000,1.063,0.537,hoch,,25
00-0038094,Jordan Stout,NYG,ARI,P,P,1.000,2026-10-04 19:00:00+02:00,2026_04_ARI_NYG,-2.500,20.500,17.931,15.629,3,1.014,0.874,15.885,0.000,0.000,0.990,,,22.133,,,,False,,False,,,0.600,fehlt (0.6 angenommen),1.226,0.000,0.456,2.141,0.122,tief,,4
00-0038100,Percy Butler,WAS,IND,DB,DB,2.000,2026-10-04 15:30:00+02:00,2026_04_IND_WAS,-4.500,21.000,1.295,0.727,1,1.000,1.034,1.429,0.074,0.023,0.750,Questionable,Concussion,3.000,,0.190,,False,,False,,,0.600,fehlt (0.6 angenommen),0.237,0.071,0.000,0.484,0.903,hoch,Questionable (Concussion),68
00-0038101,Akayleb Evans,CAR,DET,DB,DB,1.000,2026-10-05 02:20:00+02:00,2026_04_DET_CAR,-3.500,24.000,1.598,0.857,2,1.000,0.933,1.294,0.049,0.023,0.990,,,2.750,,0.430,0.230,False,,False,,,0.600,fehlt (0.6 angenommen),0.282,0.047,0.000,0.557,0.887,hoch,,68
00-0038102,Kenny Pickett,CAR,DET,QB,QB,2.000,2026-10-05 02:20:00+02:00,2026_04_DET_CAR,-3.500,24.000,1.344,1.789,2,1.041,1.150,1.610,0.000,0.000,0.990,,,1.000,0.420,0.060,0.100,False,0.580,False,,,0.600,fehlt (0.6 angenommen),0.014,0.000,0.000,0.000,0.991,hoch,,6
00-0038104,Tyquan Thornton,KC,LV,WR,WR,3.000,2026-10-04 22:25:00+02:00,2026_04_KC_LV,4.500,26.000,3.618,3.750,3,1.010,0.961,3.513,0.000,0.000,0.990,,,3.600,3.183,0.460,0.635,True,0.417,False,,,0.600,fehlt (0.6 angenommen),1.026,0.000,0.129,2.055,0.266,mittel,Rolle↓,25
00-0038106,Eyioma Uwazurike,DEN,SF,DL,DL,1.000,2026-10-04 22:25:00+02:00,2026_04_DEN_SF,-3.000,22.750,2.717,2.279,3,1.000,0.850,2.310,0.004,0.020,0.990,,,2.833,,0.410,0.525,False,,False,,,0.600,fehlt (0.6 angenommen),0.442,0.004,0.000,1.122,0.690,hoch,,68
00-0038115,Daniel Bellinger,TEN,BAL,TE,TE,2.000,2026-10-04 19:00:00+02:00,2026_04_TEN_BAL,-11.500,15.500,1.622,2.275,3,0.921,0.919,1.373,0.000,0.000,0.990,,,0.767,0.763,0.400,0.365,False,0.003,False,,,0.600,fehlt (0.6 angenommen),0.421,0.000,0.000,0.931,0.625,hoch,,7
00-0038116,Arnold Ebiketie,PHI,LA,LB,LB,2.000,2026-10-04 19:00:00+02:00,2026_04_LA_PHI,-3.500,19.500,1.514,2.265,3,1.000,0.850,1.301,0.023,0.029,0.990,,,0.667,,0.400,0.340,False,,False,,,0.600,fehlt (0.6 angenommen),0.258,0.023,0.000,0.538,0.883,hoch,,68
00-0038117,Wan'Dale Robinson,TEN,BAL,WR,WR,2.000,2026-10-04 19:00:00+02:00,2026_04_TEN_BAL,-11.500,15.500,6.124,6.750,3,0.921,1.070,6.032,0.000,0.000,0.990,,,5.467,4.270,0.630,0.675,False,1.197,False,,,0.600,fehlt (0.6 angenommen),1.567,0.000,0.309,3.120,0.166,tief,,25
00-0038120,Breece Hall,NYJ,CHI,RB,RB,1.000,2026-10-04 19:00:00+02:00,2026_04_NYJ_CHI,-3.500,20.000,10.764,10.377,3,0.993,0.987,10.556,0.000,0.000,0.000,Out,Quadricep,10.833,12.673,0.480,0.615,False,-1.840,False,,,0.500,Pool,0.000,0.000,0.000,0.000,1.000,hoch,Out (Quadricep),12
00-0038121,Alontae Taylor,TEN,BAL,DB,DB,1.000,2026-10-04 19:00:00+02:00,2026_04_TEN_BAL,-11.500,15.500,6.811,7.735,3,1.000,0.888,5.939,0.082,0.021,0.990,,,7.833,,0.980,1.000,False,,False,,,0.600,fehlt (0.6 angenommen),1.036,0.079,0.106,2.382,0.321,mittel,,68
00-0038123,Dane Belton,NYJ,CHI,DB,DB,1.000,2026-10-04 19:00:00+02:00,2026_04_NYJ_CHI,-3.500,20.000,5.984,6.029,3,1.000,0.951,5.698,0.073,0.021,0.990,,,3.833,,1.000,1.000,False,,False,Gegner ohne QB1 (INT-Rate ×1.3),,0.600,fehlt (0.6 angenommen),1.046,0.070,0.108,2.320,0.324,mittel,Gegner ohne QB1 (INT-Rate ×1.3),68
00-0038124,Christian Watson,GB,TB,WR,WR,1.000,2026-10-04 19:00:00+02:00,2026_04_GB_TB,3.000,20.750,11.501,8.892,3,0.936,0.979,10.536,0.000,0.000,0.990,,,17.467,12.540,0.800,0.830,False,4.927,False,,,0.100,Pool,2.864,0.000,0.588,5.820,0.086,tief,,25
00-0038125,Roger McCreary,DET,CAR,DB,DB,1.000,2026-10-05 02:20:00+02:00,2026_04_DET_CAR,3.500,27.500,5.762,4.350,3,1.000,0.986,5.679,0.085,0.022,0.990,,,5.167,,0.970,0.335,False,,False,,,0.600,fehlt (0.6 angenommen),1.035,0.081,0.075,2.337,0.332,mittel,,68
00-0038127,Logan Hall,HOU,DAL,DL,DL,2.000,2026-10-04 19:00:00+02:00,2026_04_DAL_HOU,3.000,25.750,2.300,1.838,3,1.000,0.870,1.997,0.004,0.020,0.750,Questionable,Knee,2.833,0.000,0.380,0.375,False,,False,,,0.600,fehlt (0.6 angenommen),0.290,0.004,0.000,0.812,0.794,hoch,Questionable (Knee),68
00-0038128,Malik Willis,MIA,MIN,QB,QB,1.000,2026-10-04 22:05:00+02:00,2026_04_MIA_MIN,-10.000,14.250,14.114,10.646,3,0.881,0.861,10.707,0.000,0.000,0.990,,,13.060,14.303,1.000,1.000,False,-1.243,False,,,0.600,fehlt (0.6 angenommen),1.029,0.000,0.000,2.649,0.435,hoch,,6
00-0038129,Cade Otton,TB,GB,TE,TE,1.000,2026-10-04 19:00:00+02:00,2026_04_GB_TB,-3.000,17.750,4.352,4.114,3,0.869,0.921,3.067,0.000,0.000,0.990,,,4.000,5.083,0.940,0.935,False,-1.083,False,QB1 Baker Mayfield fehlt (×0.88),,0.600,fehlt (0.6 angenommen),0.773,0.000,0.000,1.608,0.384,mittel,QB1 Baker Mayfield fehlt (×0.88),7
00-0038133,Boye Mafe,CIN,JAX,DL,DL,1.000,2026-10-04 19:00:00+02:00,2026_04_JAX_CIN,2.500,27.000,3.702,2.500,3,1.000,1.006,3.724,0.004,0.040,0.990,,,6.500,,0.740,0.680,False,,False,,,0.600,fehlt (0.6 angenommen),0.696,0.004,0.000,1.827,0.549,hoch,,68
00-0038134,Kenneth Walker III,KC,LV,RB,RB,1.000,2026-10-04 22:25:00+02:00,2026_04_KC_LV,4.500,26.000,15.015,9.551,3,1.010,0.970,14.720,0.000,0.000,0.990,,,22.733,22.027,0.730,0.750,True,0.707,False,,,0.000,Pool,3.629,0.000,0.887,6.970,0.054,tief,Rolle↓,12
00-0038386,Jalen Carter,PHI,LA,DL,DL,1.000,2026-10-04 19:00:00+02:00,2026_04_LA_PHI,-3.500,19.500,4.756,4.917,3,1.000,0.958,4.561,0.005,0.021,0.990,,,4.500,,0.710,0.855,False,,False,,,0.600,fehlt (0.6 angenommen),0.819,0.005,0.000,2.054,0.480,hoch,,68
00-0038393,Dontayvion Wicks,PHI,LA,WR,WR,2.000,2026-10-04 19:00:00+02:00,2026_04_LA_PHI,-3.500,19.500,5.270,3.549,3,0.901,1.022,4.855,0.000,0.000,0.990,,,7.967,7.320,0.880,0.765,False,0.647,False,,,0.600,fehlt (0.6 angenommen),1.371,0.000,0.261,2.758,0.194,tief,,25
00-0038398,Karl Brooks,GB,TB,DL,DL,1.000,2026-10-04 19:00:00+02:00,2026_04_GB_TB,3.000,20.750,0.725,0.982,3,1.000,1.068,0.792,0.006,0.021,0.990,,,0.333,,0.610,0.625,False,,False,Gegner ohne QB1 (INT-Rate ×1.3),,0.600,fehlt (0.6 angenommen),0.186,0.006,0.000,0.451,0.922,hoch,Gegner ohne QB1 (INT-Rate ×1.3),68
00-0038399,Zaire Barnes,NYG,ARI,LB,LB,3.000,2026-10-04 19:00:00+02:00,2026_04_ARI_NYG,-2.500,20.500,1.873,2.250,3,1.000,1.018,1.875,0.024,0.032,0.990,,,1.333,,0.000,0.025,False,,False,,,0.600,fehlt (0.6 angenommen),0.371,0.023,0.000,0.805,0.770,hoch,,68
00-0038400,Tanner McKee,PHI,LA,QB,QB,2.000,2026-10-04 19:00:00+02:00,2026_04_LA_PHI,-3.500,19.500,4.449,4.449,0,0.888,0.973,3.843,0.000,0.000,0.990,,,,,,,False,,False,,,0.000,0 (noch kein Saisonspiel),0.097,0.000,0.000,0.371,0.923,hoch,keine Spiele 2026,6
00-0038407,Jaylon Jones,TEN,BAL,DB,DB,2.000,2026-10-04 19:00:00+02:00,2026_04_TEN_BAL,-11.500,15.500,3.250,3.250,0,1.000,0.888,2.798,0.066,0.024,0.990,,,,,,,False,,False,,,0.000,0 (noch kein Saisonspiel),0.493,0.064,0.000,1.099,0.675,hoch,keine Spiele 2026,68
00-0038408,Carrington Valentine,GB,TB,DB,DB,2.000,2026-10-04 19:00:00+02:00,2026_04_GB_TB,3.000,20.750,4.941,2.333,1,1.000,1.065,5.480,0.080,0.022,0.990,,,0.000,0.000,0.250,,False,,False,Gegner ohne QB1 (INT-Rate ×1.3),,0.600,fehlt (0.6 angenommen),1.025,0.077,0.083,2.359,0.337,mittel,Gegner ohne QB1 (INT-Rate ×1.3),68
00-0038412,Moro Ojomo,PHI,LA,DL,DL,1.000,2026-10-04 19:00:00+02:00,2026_04_LA_PHI,-3.500,19.500,2.674,3.088,3,1.000,0.958,2.565,0.005,0.020,0.990,,,2.333,,0.540,0.750,True,,False,,,0.600,fehlt (0.6 angenommen),0.485,0.005,0.000,1.243,0.662,hoch,Rolle↓,68
00-0038414,Kendall Williamson,LAC,SEA,DB,DB,3.000,2026-10-04 22:25:00+02:00,2026_04_LAC_SEA,-7.000,17.750,0.850,0.800,1,1.000,0.981,0.867,0.070,0.023,0.990,,,1.000,,0.000,,False,,False,,,0.600,fehlt (0.6 angenommen),0.250,0.067,0.000,0.498,0.900,hoch,,68
00-0038416,Tyson Bagent,CHI,NYJ,QB,QB,2.000,2026-10-04 19:00:00+02:00,2026_04_NYJ_CHI,3.500,23.500,13.000,0.862,1,1.002,1.051,13.693,0.000,0.000,0.990,,,2.160,7.020,0.140,,False,,True,startet vermutlich für Caleb Williams,,0.600,fehlt (0.6 angenommen),1.672,0.000,0.000,3.839,0.297,mittel,QB-Wechsel; startet vermutlich für Caleb Williams,6
00-0038454,Keaton Mitchell,LAC,SEA,RB,RB,2.000,2026-10-04 22:25:00+02:00,2026_04_LAC_SEA,-7.000,17.750,4.556,3.450,3,0.831,0.854,3.233,0.000,0.000,0.990,,,5.167,5.457,0.380,0.280,False,-0.290,False,,,0.600,fehlt (0.6 angenommen),0.969,0.000,0.057,1.913,0.283,mittel,,12
00-0038463,Brenton Cox Jr.,GB,TB,LB,LB,2.000,2026-10-04 19:00:00+02:00,2026_04_GB_TB,3.000,20.750,2.479,2.375,3,1.000,1.067,2.666,0.008,0.023,0.990,,,2.667,,0.350,0.415,False,,False,Gegner ohne QB1 (INT-Rate ×1.3),,0.600,fehlt (0.6 angenommen),0.493,0.008,0.000,1.081,0.625,hoch,Gegner ohne QB1 (INT-Rate ×1.3),68
00-0038476,Tommy DeVito,NE,BUF,QB,QB,2.000,2026-10-04 19:00:00+02:00,2026_04_NE_BUF,-7.000,21.250,1.478,1.169,1,0.984,0.972,1.414,0.000,0.000,0.990,,,1.400,3.410,0.190,,False,,False,,,0.600,fehlt (0.6 angenommen),0.011,0.000,0.000,0.000,0.993,hoch,,6
00-0038488,Brady Russell,SEA,LAC,RB,RB,1.000,2026-10-04 22:25:00+02:00,2026_04_LAC_SEA,7.000,24.750,0.512,0.028,3,1.029,0.942,0.496,0.000,0.000,0.990,,,1.333,0.893,0.180,0.390,True,0.440,True,,,0.600,fehlt (0.6 angenommen),0.423,0.000,0.000,1.025,0.618,hoch,Rolle↓; QB-Wechsel,12
00-0038489,Ben VanSumeren,KC,LV,RB,RB,1.000,2026-10-04 22:25:00+02:00,2026_04_KC_LV,4.500,26.000,0.844,1.350,2,1.010,0.970,0.827,0.000,0.000,0.990,,,0.000,,0.000,0.040,False,,False,,,0.600,fehlt (0.6 angenommen),0.482,0.000,0.000,1.108,0.570,hoch,,12
00-0038498,E.J. Jenkins,PHI,LA,TE,TE,4.000,2026-10-04 19:00:00+02:00,2026_04_LA_PHI,-3.500,19.500,0.142,0.227,2,0.901,0.901,0.115,0.000,0.000,0.990,,,0.000,0.000,0.260,0.330,False,,False,,,0.600,fehlt (0.6 angenommen),0.230,0.000,0.000,0.609,0.834,hoch,,7
00-0038504,Trenton Simpson,BAL,TEN,LB,LB,2.000,2026-10-04 19:00:00+02:00,2026_04_TEN_BAL,11.500,27.000,6.933,3.103,3,1.000,1.036,7.139,0.017,0.049,0.990,,,12.333,,0.620,0.605,False,,False,,,0.600,fehlt (0.6 angenommen),1.233,0.017,0.107,2.696,0.284,mittel,,68
00-0038505,Tavius Robinson,BAL,TEN,LB,LB,1.000,2026-10-04 19:00:00+02:00,2026_04_TEN_BAL,11.500,27.000,5.739,3.975,3,1.000,1.036,5.894,0.021,0.032,0.990,,,5.833,,0.780,0.795,False,,False,,,0.600,fehlt (0.6 angenommen),1.022,0.020,0.069,2.304,0.344,mittel,,68
00-0038514,Truman Jones,TEN,BAL,DL,DL,3.000,2026-10-04 19:00:00+02:00,2026_04_TEN_BAL,-11.500,15.500,1.500,1.800,2,1.000,1.050,1.568,0.005,0.023,0.990,,,1.000,,0.030,0.140,False,,False,,,0.600,fehlt (0.6 angenommen),0.297,0.005,0.000,0.706,0.805,hoch,,68
00-0038519,Nikko Remigio,KC,LV,WR,WR,1.000,2026-10-04 22:25:00+02:00,2026_04_KC_LV,4.500,26.000,0.100,0.181,3,1.010,0.961,0.097,0.000,0.000,0.990,,,0.000,,0.000,0.000,False,,False,,,0.600,fehlt (0.6 angenommen),0.239,0.000,0.000,0.616,0.826,hoch,,25
00-0038521,Reese Taylor,MIA,MIN,DB,DB,2.000,2026-10-04 22:05:00+02:00,2026_04_MIA_MIN,-10.000,14.250,0.700,0.600,1,1.000,1.006,0.907,0.106,0.025,0.990,,,1.000,,0.000,,False,,False,,,0.600,fehlt (0.6 angenommen),0.299,0.100,0.000,1.577,0.874,hoch,,68
00-0038543,Jaxon Smith-Njigba,SEA,LAC,WR,WR,1.000,2026-10-04 22:25:00+02:00,2026_04_LAC_SEA,7.000,24.750,16.394,12.802,3,1.029,0.971,16.381,0.000,0.000,0.990,,,25.687,14.913,0.870,0.785,False,10.773,True,,,0.000,Pool,4.186,0.000,0.875,8.624,0.051,tief,QB-Wechsel,25
00-0038544,Quentin Johnston,LAC,SEA,WR,WR,2.000,2026-10-04 22:25:00+02:00,2026_04_LAC_SEA,-7.000,17.750,5.493,6.750,3,0.831,0.882,4.027,0.000,0.000,0.990,,,2.367,5.263,0.870,0.795,False,-2.897,False,,,0.600,fehlt (0.6 angenommen),1.153,0.000,0.188,2.309,0.235,mittel,,25
00-0038545,Mazi Smith,MIA,MIN,DL,DL,2.000,2026-10-04 22:05:00+02:00,2026_04_MIA_MIN,-10.000,14.250,0.000,0.000,0,1.000,1.101,0.015,0.008,0.024,0.990,,,,,,,False,,False,,,0.000,0 (noch kein Saisonspiel),0.136,0.008,0.000,0.323,0.955,hoch,keine Spiele 2026,68
00-0038546,Myles Murphy,CIN,JAX,DL,DL,1.000,2026-10-04 19:00:00+02:00,2026_04_JAX_CIN,2.500,27.000,3.121,4.485,3,1.000,1.006,3.139,0.004,0.030,0.990,,,1.750,,0.730,0.580,False,,False,,,0.600,fehlt (0.6 angenommen),0.583,0.004,0.000,1.523,0.609,hoch,,68
00-0038547,Luke Schoonmaker,DAL,HOU,TE,TE,3.000,2026-10-04 19:00:00+02:00,2026_04_DAL_HOU,-3.000,22.750,0.858,1.001,3,0.931,0.943,0.753,0.000,0.000,0.990,,,0.700,0.687,0.220,0.255,False,0.013,False,,,0.600,fehlt (0.6 angenommen),0.329,0.000,0.000,0.790,0.720,hoch,,7
00-0038549,DJ Turner II,CIN,JAX,DB,DB,1.000,2026-10-04 19:00:00+02:00,2026_04_JAX_CIN,2.500,27.000,6.147,6.588,3,1.000,1.036,6.367,0.093,0.030,0.990,,,4.833,,1.000,0.990,False,,False,,,0.600,fehlt (0.6 angenommen),1.190,0.089,0.134,2.660,0.285,mittel,,68
00-0038552,Riley Moss,DEN,SF,DB,DB,1.000,2026-10-04 22:25:00+02:00,2026_04_DEN_SF,-3.000,22.750,7.000,7.412,3,1.000,0.925,6.492,0.116,0.021,0.990,,,10.167,,1.000,0.990,False,,False,,,0.600,fehlt (0.6 angenommen),1.208,0.110,0.127,2.705,0.285,mittel,,68
00-0038553,Daiyan Henley,LAC,SEA,LB,LB,1.000,2026-10-04 22:25:00+02:00,2026_04_LAC_SEA,-7.000,17.750,7.488,6.766,3,1.000,1.121,8.425,0.069,0.069,0.990,,,10.083,,0.880,0.865,False,,False,,,0.600,fehlt (0.6 angenommen),1.517,0.067,0.168,3.275,0.229,mittel,,68
00-0038554,Ji'Ayir Brown,SF,DEN,DB,DB,1.000,2026-10-04 22:25:00+02:00,2026_04_DEN_SF,3.000,25.750,5.933,5.375,3,1.000,1.016,6.085,0.101,0.021,0.990,,,4.500,,0.950,0.925,False,,False,,,0.600,fehlt (0.6 angenommen),1.125,0.096,0.094,2.572,0.305,mittel,,68
00-0038555,Tank Bigsby,PHI,LA,RB,RB,2.000,2026-10-04 19:00:00+02:00,2026_04_LA_PHI,-3.500,19.500,3.231,3.379,3,0.901,0.897,2.613,0.000,0.000,0.990,,,2.867,3.470,0.040,0.225,True,-0.603,False,,,0.600,fehlt (0.6 angenommen),0.853,0.000,0.000,1.722,0.330,mittel,Rolle↓,12
00-0038556,DeMarvion Overshown,DAL,HOU,LB,LB,1.000,2026-10-04 19:00:00+02:00,2026_04_DAL_HOU,-3.000,22.750,4.857,3.000,1,1.000,0.928,4.424,0.024,0.034,0.000,Out,Hamstring,1.000,,0.740,,False,,False,,,0.600,fehlt (0.6 angenommen),0.000,0.023,0.000,0.000,1.000,hoch,Out (Hamstring),68
00-0038557,Dorian Williams,BUF,NE,LB,LB,1.000,2026-10-04 19:00:00+02:00,2026_04_NE_BUF,7.000,28.250,5.686,2.875,3,1.000,1.110,6.369,0.028,0.039,0.990,,,6.833,,0.750,0.620,False,,False,,,0.600,fehlt (0.6 angenommen),1.144,0.027,0.090,2.525,0.306,mittel,,68
00-0038559,Michael Wilson,ARI,NYG,WR,WR,1.000,2026-10-04 19:00:00+02:00,2026_04_ARI_NYG,2.500,23.000,9.220,8.314,3,1.089,1.069,10.732,0.000,0.000,0.990,,,7.433,11.293,0.930,0.895,False,-3.860,False,,,1.500,Pool,2.826,0.000,0.592,5.726,0.081,tief,Pech -3.9 FP vs xFP,25
00-0038560,Jordan Battle,CIN,JAX,DB,DB,1.000,2026-10-04 19:00:00+02:00,2026_04_JAX_CIN,2.500,27.000,6.986,7.353,3,1.000,1.036,7.234,0.178,0.021,0.990,,,9.333,,1.000,0.990,False,,False,,,0.600,fehlt (0.6 angenommen),1.365,0.163,0.154,3.026,0.260,mittel,,68
00-0038563,Tre Tucker,LV,KC,WR,WR,1.000,2026-10-04 22:25:00+02:00,2026_04_KC_LV,-4.500,21.500,6.467,5.935,3,1.036,0.872,5.844,0.000,0.000,0.990,,,8.300,5.953,0.570,0.650,True,2.347,False,,,0.600,fehlt (0.6 angenommen),1.623,0.000,0.345,3.191,0.151,tief,Rolle↓,25
00-0038564,Cameron Latu,NE,BUF,TE,TE,3.000,2026-10-04 19:00:00+02:00,2026_04_NE_BUF,-7.000,21.250,0.000,0.000,2,0.986,0.850,0.000,0.000,0.000,0.990,,,0.000,,0.140,0.250,False,,False,,,0.600,fehlt (0.6 angenommen),0.219,0.000,0.000,0.595,0.846,hoch,,7
00-0038567,Chad Ryland,ARI,NYG,K,K,1.000,2026-10-04 19:00:00+02:00,2026_04_ARI_NYG,2.500,23.000,8.261,7.235,3,1.075,0.865,7.689,0.000,0.000,0.990,,,10.000,,0.000,0.000,False,,False,,,0.600,fehlt (0.6 angenommen),2.662,0.000,0.000,5.774,0.185,tief,,7
00-0038568,Clark Phillips III,CHI,NYJ,DB,DB,2.000,2026-10-04 19:00:00+02:00,2026_04_NYJ_CHI,3.500,23.500,4.000,4.000,0,1.000,1.047,4.040,0.081,0.026,0.990,,,,,,,False,,False,,,0.000,0 (noch kein Saisonspiel),0.741,0.078,0.000,1.894,0.487,hoch,keine Spiele 2026,68
00-0038570,Ventrell Miller,JAX,CIN,LB,LB,1.000,2026-10-04 19:00:00+02:00,2026_04_JAX_CIN,-2.500,24.500,5.938,2.733,3,1.000,0.978,5.826,0.047,0.030,0.990,,,9.000,,0.730,0.705,False,,False,,,0.600,fehlt (0.6 angenommen),1.090,0.046,0.070,2.486,0.332,mittel,,68
00-0038573,Derius Davis,LAC,SEA,WR,WR,1.000,2026-10-04 22:25:00+02:00,2026_04_LAC_SEA,-7.000,17.750,0.360,0.258,3,0.831,0.882,0.264,0.000,0.000,0.990,,,0.000,1.725,0.010,0.150,False,-1.725,False,,,0.600,fehlt (0.6 angenommen),0.272,0.000,0.000,0.657,0.792,hoch,,25
00-0038576,Charlie Jones,NYG,ARI,WR,WR,2.000,2026-10-04 19:00:00+02:00,2026_04_ARI_NYG,-2.500,20.500,0.515,0.515,0,0.989,1.073,0.547,0.000,0.000,0.990,,,,,,,False,,False,,,0.000,0 (noch kein Saisonspiel),0.331,0.000,0.000,0.745,0.724,hoch,keine Spiele 2026,25
00-0038578,Jay Ward,MIN,MIA,DB,DB,2.000,2026-10-04 22:05:00+02:00,2026_04_MIA_MIN,10.000,24.250,1.393,1.857,1,1.000,1.034,1.534,0.069,0.033,0.990,,,0.000,,0.000,,False,,False,,,0.600,fehlt (0.6 angenommen),0.303,0.067,0.000,0.709,0.872,hoch,,68
00-0038579,Aidan O'Connell,LV,KC,QB,QB,3.000,2026-10-04 22:25:00+02:00,2026_04_KC_LV,-4.500,21.500,9.076,2.000,0,1.041,0.889,8.402,0.000,0.000,0.750,Questionable,Not injury related - personal matter,,,,,False,,False,,,0.000,0 (noch kein Saisonspiel),0.474,0.000,0.000,1.607,0.696,hoch,Questionable (Not injury related - personal matter); keine Spiele 2026,6
00-0038589,Josh Whyle,GB,TB,TE,TE,4.000,2026-10-04 19:00:00+02:00,2026_04_GB_TB,3.000,20.750,0.637,0.850,1,0.936,1.119,0.668,0.000,0.000,0.990,,,0.000,0.000,0.160,,False,,False,,,0.600,fehlt (0.6 angenommen),0.328,0.000,0.000,0.783,0.720,hoch,,7
00-0038591,Mike Morris,SEA,LAC,DL,DL,2.000,2026-10-04 22:25:00+02:00,2026_04_LAC_SEA,7.000,24.750,1.393,1.393,0,1.000,1.053,1.479,0.006,0.022,0.990,,,,,,,False,,False,,,0.000,0 (noch kein Saisonspiel),0.286,0.006,0.000,0.675,0.826,hoch,keine Spiele 2026,68
00-0038594,Darrell Luter Jr.,LV,KC,DB,DB,3.000,2026-10-04 22:25:00+02:00,2026_04_KC_LV,-4.500,21.500,5.091,2.250,0,1.000,0.925,4.708,0.070,0.035,0.990,,,,,,,False,,False,,,0.000,0 (noch kein Saisonspiel),0.861,0.068,0.015,2.121,0.415,hoch,keine Spiele 2026,68
00-0038596,Antonio Johnson,JAX,CIN,DB,DB,1.000,2026-10-04 19:00:00+02:00,2026_04_JAX_CIN,-2.500,24.500,6.043,7.794,3,1.000,1.065,6.499,0.164,0.021,0.990,,,2.667,,0.860,0.940,False,,False,,,0.600,fehlt (0.6 angenommen),1.221,0.151,0.092,2.780,0.298,mittel,,68
00-0038597,Chase Brown,CIN,JAX,RB,RB,1.000,2026-10-04 19:00:00+02:00,2026_04_JAX_CIN,2.500,27.000,11.321,12.405,3,1.068,0.869,10.513,0.000,0.000,0.990,,,9.633,11.447,0.700,0.710,True,-1.813,False,,,0.600,fehlt (0.6 angenommen),2.683,0.000,0.648,5.155,0.076,tief,Rolle↓,12
00-0038603,Rob Beal Jr.,MIA,MIN,DL,DL,2.000,2026-10-04 22:05:00+02:00,2026_04_MIA_MIN,-10.000,14.250,0.479,0.500,2,1.000,1.101,0.541,0.007,0.023,0.000,Out,Hamstring,0.500,0.000,0.380,0.210,False,,False,,,0.600,fehlt (0.6 angenommen),0.000,0.007,0.000,0.000,1.000,hoch,Out (Hamstring),68
00-0038605,JL Skinner,DEN,SF,DB,DB,2.000,2026-10-04 22:25:00+02:00,2026_04_DEN_SF,-3.000,22.750,1.094,1.385,3,1.000,0.925,1.020,0.056,0.032,0.990,,,0.667,,0.000,0.010,False,,False,,,0.600,fehlt (0.6 angenommen),0.252,0.055,0.000,0.510,0.899,hoch,,68
00-0038606,Parker Washington,JAX,CIN,WR,WR,1.000,2026-10-04 19:00:00+02:00,2026_04_JAX_CIN,-2.500,24.500,9.143,7.731,3,1.020,0.953,8.887,0.000,0.000,0.990,,,11.367,10.553,0.810,0.710,False,0.813,False,,,0.600,fehlt (0.6 angenommen),2.422,0.000,0.534,4.974,0.092,tief,,25
00-0038608,Kayshon Boutte,HOU,DAL,WR,WR,3.000,2026-10-04 19:00:00+02:00,2026_04_DAL_HOU,3.000,25.750,3.528,3.750,3,1.074,1.105,4.189,0.000,0.000,0.990,,,2.633,3.957,0.690,0.590,True,-1.323,False,,,0.600,fehlt (0.6 angenommen),1.204,0.000,0.201,2.404,0.220,mittel,Rolle↓,25
00-0038611,Chris Rodriguez Jr.,JAX,CIN,RB,RB,2.000,2026-10-04 19:00:00+02:00,2026_04_JAX_CIN,-2.500,24.500,5.432,6.000,3,1.020,1.057,5.856,0.000,0.000,0.990,,,4.433,4.310,0.210,0.310,True,0.123,False,,,0.600,fehlt (0.6 angenommen),1.617,0.000,0.274,3.140,0.157,tief,Rolle↓,12
00-0038616,Christian Braswell,JAX,CIN,DB,DB,2.000,2026-10-04 19:00:00+02:00,2026_04_JAX_CIN,-2.500,24.500,2.552,4.083,2,1.000,1.065,2.746,0.073,0.024,0.750,Questionable,Knee,0.000,0.000,0.140,0.120,False,,False,,,0.600,fehlt (0.6 angenommen),0.398,0.071,0.000,0.952,0.747,hoch,Questionable (Knee),68
00-0038618,Xavier Hutchinson,HOU,DAL,WR,WR,2.000,2026-10-04 19:00:00+02:00,2026_04_DAL_HOU,3.000,25.750,4.662,3.734,3,1.074,1.105,5.536,0.000,0.000,0.990,,,4.133,7.143,0.540,0.685,False,-3.010,False,,,0.600,fehlt (0.6 angenommen),1.529,0.000,0.277,3.072,0.168,tief,Pech -3.0 FP vs xFP,25
00-0038620,Erick Hallett,TEN,BAL,DB,DB,2.000,2026-10-04 19:00:00+02:00,2026_04_TEN_BAL,-11.500,15.500,3.021,4.833,2,1.000,0.888,2.591,0.068,0.025,0.990,,,0.000,,0.000,0.140,False,,False,,,0.600,fehlt (0.6 angenommen),0.450,0.066,0.000,0.978,0.725,hoch,,68
00-0038621,DeMario Douglas,NE,BUF,WR,WR,2.000,2026-10-04 19:00:00+02:00,2026_04_NE_BUF,-7.000,21.250,3.631,3.601,3,0.986,1.001,3.585,0.000,0.000,0.990,,,2.233,4.723,0.590,0.545,False,-2.490,False,,,0.600,fehlt (0.6 angenommen),1.055,0.000,0.177,2.107,0.254,mittel,,25
00-0038623,Dante Stills,ARI,NYG,DL,DL,1.000,2026-10-04 19:00:00+02:00,2026_04_ARI_NYG,2.500,23.000,2.180,1.500,3,1.000,1.054,2.293,0.004,0.020,0.990,,,3.667,,0.560,0.585,False,,False,,,0.600,fehlt (0.6 angenommen),0.433,0.004,0.000,1.071,0.686,hoch,,68
00-0038624,Ameer Speed,DAL,HOU,DB,DB,3.000,2026-10-04 19:00:00+02:00,2026_04_DAL_HOU,-3.000,22.750,1.500,1.500,0,1.000,0.952,1.187,0.068,0.026,0.990,,,,,,,False,,False,,,0.000,0 (noch kein Saisonspiel),0.254,0.066,0.000,0.521,0.896,hoch,keine Spiele 2026,68
00-0038625,Dee Winters,DAL,HOU,LB,LB,1.000,2026-10-04 19:00:00+02:00,2026_04_DAL_HOU,-3.000,22.750,7.247,7.206,3,1.000,0.928,6.612,0.032,0.049,0.990,,,10.333,,0.690,0.665,False,,False,,,0.600,fehlt (0.6 angenommen),1.214,0.031,0.101,2.664,0.294,mittel,,68
00-0038635,Andre Jones Jr.,MIA,MIN,LB,LB,3.000,2026-10-04 22:05:00+02:00,2026_04_MIA_MIN,-10.000,14.250,1.500,1.500,0,1.000,1.022,1.626,0.049,0.037,0.990,,,,,,,False,,False,,,0.000,0 (noch kein Saisonspiel),0.313,0.048,0.000,0.662,0.854,hoch,keine Spiele 2026,68
00-0038640,Jalen Brooks,ARI,NYG,WR,WR,4.000,2026-10-04 19:00:00+02:00,2026_04_ARI_NYG,2.500,23.000,0.645,0.846,2,1.089,1.069,0.751,0.000,0.000,0.990,,,0.000,1.120,0.050,0.040,False,,False,,,0.600,fehlt (0.6 angenommen),0.378,0.000,0.000,0.819,0.662,hoch,,25
00-0038642,D.J. Ivey,CIN,JAX,DB,DB,2.000,2026-10-04 19:00:00+02:00,2026_04_JAX_CIN,2.500,27.000,1.208,1.591,3,1.000,1.036,1.250,0.058,0.022,0.990,,,0.667,0.000,0.060,0.100,False,,False,,,0.600,fehlt (0.6 angenommen),0.274,0.057,0.000,0.561,0.888,hoch,,68
00-0038643,Brayden Willis,SF,DEN,TE,TE,3.000,2026-10-04 22:25:00+02:00,2026_04_DEN_SF,3.000,25.750,0.029,0.046,2,0.992,1.013,0.029,0.000,0.000,0.990,,,0.000,,0.040,0.250,False,,False,,,0.600,fehlt (0.6 angenommen),0.225,0.000,0.000,0.608,0.838,hoch,,7
00-0038653,Cory Durden,NE,BUF,DL,DL,1.000,2026-10-04 19:00:00+02:00,2026_04_NE_BUF,-7.000,21.250,0.681,1.235,3,1.000,0.926,0.628,0.004,0.020,0.990,,,0.000,0.000,0.520,0.525,False,,False,,,0.600,fehlt (0.6 angenommen),0.158,0.004,0.000,0.392,0.944,hoch,,68
00-0038660,Trevor Nowaske,DET,CAR,LB,LB,3.000,2026-10-05 02:20:00+02:00,2026_04_DET_CAR,3.500,27.500,2.417,2.115,3,1.000,0.913,2.206,0.024,0.041,0.990,,,2.333,,0.500,0.080,False,,False,,,0.600,fehlt (0.6 angenommen),0.420,0.023,0.000,0.919,0.739,hoch,,68
00-0038663,Starling Thomas V,ARI,NYG,DB,DB,2.000,2026-10-04 19:00:00+02:00,2026_04_ARI_NYG,2.500,23.000,4.000,4.000,0,1.000,1.012,3.903,0.085,0.027,0.990,,,,,,,False,,False,,,0.000,0 (noch kein Saisonspiel),0.708,0.082,0.000,1.843,0.516,hoch,keine Spiele 2026,68
00-0038685,Chris Brooks,GB,TB,RB,RB,3.000,2026-10-04 19:00:00+02:00,2026_04_GB_TB,3.000,20.750,1.701,1.322,3,0.936,0.931,1.481,0.000,0.000,0.990,,,1.967,2.850,0.410,0.510,True,-0.883,False,,,0.600,fehlt (0.6 angenommen),0.620,0.000,0.000,1.336,0.460,hoch,Rolle↓,12
00-0038694,Brandon Pili,SEA,LAC,DL,DL,2.000,2026-10-04 22:25:00+02:00,2026_04_LAC_SEA,7.000,24.750,0.250,0.250,0,1.000,1.053,0.276,0.007,0.023,0.990,,,,,,,False,,False,,,0.000,0 (noch kein Saisonspiel),0.126,0.007,0.000,0.311,0.958,hoch,keine Spiele 2026,68
00-0038705,Emari Demercado,DAL,HOU,RB,RB,3.000,2026-10-04 19:00:00+02:00,2026_04_DAL_HOU,-3.000,22.750,1.820,2.250,2,0.931,0.872,1.478,0.000,0.000,0.990,,,0.750,1.400,0.160,0.090,False,-0.650,False,,,0.600,fehlt (0.6 angenommen),0.619,0.000,0.000,1.347,0.460,hoch,,12
00-0038728,Jared Wayne,HOU,DAL,WR,WR,5.000,2026-10-04 19:00:00+02:00,2026_04_DAL_HOU,3.000,25.750,1.990,0.440,3,1.074,1.105,2.362,0.000,0.000,0.990,,,2.167,5.400,0.610,0.410,False,-3.233,False,,,0.600,fehlt (0.6 angenommen),0.750,0.000,0.054,1.496,0.377,mittel,Pech -3.2 FP vs xFP,25
00-0038738,Hunter Luepke,DAL,HOU,RB,RB,1.000,2026-10-04 19:00:00+02:00,2026_04_DAL_HOU,-3.000,22.750,0.891,1.411,3,0.931,0.872,0.723,0.000,0.000,0.990,,,0.267,0.337,0.140,0.220,False,-0.070,False,,,0.600,fehlt (0.6 angenommen),0.463,0.000,0.000,1.080,0.589,hoch,,12
00-0038742,Tyrus Wheat,DAL,HOU,LB,LB,3.000,2026-10-04 19:00:00+02:00,2026_04_DAL_HOU,-3.000,22.750,1.619,1.825,1,1.000,0.928,1.427,0.021,0.033,0.990,,,1.000,,0.040,,False,,False,,,0.600,fehlt (0.6 angenommen),0.281,0.021,0.000,0.596,0.859,hoch,,68
00-0038764,Patrick O'Connell,SEA,LAC,LB,LB,2.000,2026-10-04 22:25:00+02:00,2026_04_LAC_SEA,7.000,24.750,1.688,2.250,1,1.000,1.035,1.819,0.039,0.034,0.990,,,0.000,,0.010,,False,,False,,,0.600,fehlt (0.6 angenommen),0.353,0.039,0.000,0.752,0.814,hoch,,68
00-0038765,Ty Okada,SEA,LAC,DB,DB,1.000,2026-10-04 22:25:00+02:00,2026_04_LAC_SEA,7.000,24.750,6.271,6.183,0,1.000,1.100,7.097,0.107,0.033,0.750,Questionable,Hamstring,,,,,False,,False,,,0.000,0 (noch kein Saisonspiel),0.942,0.101,0.000,2.512,0.450,hoch,Questionable (Hamstring); keine Spiele 2026,68
00-0038778,Jalen Redmond,MIN,MIA,DL,DL,1.000,2026-10-04 22:05:00+02:00,2026_04_MIA_MIN,10.000,24.250,5.699,6.794,3,1.000,1.062,6.058,0.005,0.040,0.990,,,4.333,,0.810,0.795,False,,False,,,0.600,fehlt (0.6 angenommen),1.078,0.005,0.000,2.712,0.418,hoch,,68
00-0038782,Eku Leota,ARI,NYG,LB,LB,2.000,2026-10-04 19:00:00+02:00,2026_04_ARI_NYG,2.500,23.000,0.577,1.046,3,1.000,0.942,0.495,0.028,0.035,0.990,,,0.000,0.000,0.200,0.155,False,,False,,,0.600,fehlt (0.6 angenommen),0.200,0.028,0.000,0.398,0.924,hoch,,68
00-0038783,Nate Adkins,DEN,SF,TE,TE,3.000,2026-10-04 22:25:00+02:00,2026_04_DEN_SF,-3.000,22.750,2.763,1.216,3,1.014,0.952,2.665,0.000,0.000,0.990,,,5.533,4.485,0.340,0.310,False,1.048,False,,,0.600,fehlt (0.6 angenommen),0.677,0.000,0.000,1.450,0.437,hoch,,7
00-0038791,Thomas Incoom,CAR,DET,LB,LB,3.000,2026-10-05 02:20:00+02:00,2026_04_DET_CAR,-3.500,24.000,2.581,0.533,3,1.000,1.032,2.599,0.016,0.050,0.990,,,4.333,,0.030,0.170,False,,False,,,0.600,fehlt (0.6 angenommen),0.489,0.016,0.000,1.073,0.660,hoch,,68
00-0038797,Emanuel Wilson,SEA,LAC,RB,RB,1.000,2026-10-04 22:25:00+02:00,2026_04_LAC_SEA,7.000,24.750,6.027,4.980,3,1.029,0.942,5.847,0.000,0.000,0.990,,,3.633,10.390,0.360,0.235,False,-6.757,True,,,0.600,fehlt (0.6 angenommen),1.558,0.000,0.291,3.003,0.149,tief,QB-Wechsel; Pech -6.8 FP vs xFP,12
00-0038807,Ivan Pace Jr.,MIN,MIA,LB,LB,2.000,2026-10-04 22:05:00+02:00,2026_04_MIA_MIN,10.000,24.250,2.351,2.567,3,1.000,0.935,2.233,0.026,0.030,0.990,,,2.417,,0.230,0.170,False,,False,,,0.600,fehlt (0.6 angenommen),0.410,0.026,0.000,0.873,0.732,hoch,,68
00-0038820,Christian Izien,DET,CAR,DB,DB,1.000,2026-10-05 02:20:00+02:00,2026_04_DET_CAR,3.500,27.500,6.173,2.333,2,1.000,0.986,6.084,0.064,0.023,0.990,,,10.750,,0.970,0.350,False,,False,,,0.600,fehlt (0.6 angenommen),1.113,0.062,0.110,2.487,0.302,mittel,,68
00-0038824,Ryan Miller,MIA,MIN,WR,WR,6.000,2026-10-04 22:05:00+02:00,2026_04_MIA_MIN,-10.000,14.250,1.999,0.709,2,0.895,0.953,1.705,0.000,0.000,0.990,,,7.600,1.375,0.220,0.120,False,6.225,False,,,0.600,fehlt (0.6 angenommen),0.562,0.000,0.000,1.135,0.494,hoch,,25
00-0038839,Mitchell Tinsley,CIN,JAX,WR,WR,5.000,2026-10-04 19:00:00+02:00,2026_04_JAX_CIN,2.500,27.000,1.119,1.119,0,1.068,0.985,1.177,0.000,0.000,0.990,,,,,,,False,,False,,,0.000,0 (noch kein Saisonspiel),0.473,0.000,0.000,0.991,0.569,hoch,keine Spiele 2026,25
00-0038840,Brycen Tremayne,CAR,DET,WR,WR,3.000,2026-10-05 02:20:00+02:00,2026_04_DET_CAR,-3.500,24.000,1.862,0.946,3,1.036,1.123,2.167,0.000,0.000,0.990,,,2.767,6.280,0.810,0.175,False,,False,,,0.600,fehlt (0.6 angenommen),0.710,0.000,0.019,1.412,0.392,mittel,,25
00-0038851,Caleb Murphy,LAC,SEA,LB,LB,,2026-10-04 22:25:00+02:00,2026_04_LAC_SEA,-7.000,17.750,0.893,0.893,0,1.000,1.121,1.017,0.035,0.035,0.990,,,,,,,False,,False,,,0.000,0 (noch kein Saisonspiel),0.218,0.034,0.000,0.438,0.918,hoch,keine Spiele 2026,68
00-0038866,AJ Finley,SEA,LAC,DB,DB,2.000,2026-10-04 22:25:00+02:00,2026_04_LAC_SEA,7.000,24.750,5.191,3.200,2,1.000,1.100,5.906,0.105,0.025,0.990,,,1.500,,1.000,0.040,False,,False,,,0.600,fehlt (0.6 angenommen),1.056,0.100,0.081,2.466,0.332,mittel,,68
00-0038890,Shaka Heyward,MIA,MIN,LB,LB,2.000,2026-10-04 22:05:00+02:00,2026_04_MIA_MIN,-10.000,14.250,0.444,0.444,0,1.000,1.022,0.528,0.038,0.034,0.990,,,,,,,False,,False,,,0.000,0 (noch kein Saisonspiel),0.207,0.038,0.000,0.406,0.919,hoch,keine Spiele 2026,68
00-0038896,Jacob Saylors,DET,CAR,RB,RB,2.000,2026-10-05 02:20:00+02:00,2026_04_DET_CAR,3.500,27.500,0.048,0.087,3,1.010,1.121,0.054,0.000,0.000,0.990,,,0.000,,0.030,0.000,False,,False,,,0.600,fehlt (0.6 angenommen),0.341,0.000,0.000,0.910,0.695,hoch,,12
00-0038922,Drake Thomas,SEA,LAC,LB,LB,1.000,2026-10-04 22:25:00+02:00,2026_04_LAC_SEA,7.000,24.750,6.981,7.279,3,1.000,1.035,7.321,0.053,0.039,0.990,,,8.500,,0.830,0.970,False,,False,,,0.600,fehlt (0.6 angenommen),1.329,0.052,0.135,2.924,0.256,mittel,,68
00-0038930,Carlos Washington,MIA,MIN,RB,RB,3.000,2026-10-04 22:05:00+02:00,2026_04_MIA_MIN,-10.000,14.250,1.500,1.500,0,0.895,0.884,1.187,0.000,0.000,0.990,,,,,,,False,,False,,,0.000,0 (noch kein Saisonspiel),0.529,0.000,0.000,1.170,0.521,hoch,keine Spiele 2026,12
00-0038933,Dalton Kincaid,BUF,NE,TE,TE,1.000,2026-10-04 19:00:00+02:00,2026_04_NE_BUF,7.000,28.250,7.058,6.224,3,1.019,0.881,6.335,0.000,0.000,0.990,,,10.100,7.223,0.670,0.690,True,2.877,False,,,0.600,Pool,1.394,0.000,0.193,2.927,0.221,mittel,Rolle↓,7
00-0038935,Brenton Strange,JAX,CIN,TE,TE,1.000,2026-10-04 19:00:00+02:00,2026_04_JAX_CIN,-2.500,24.500,4.882,5.509,3,1.020,1.150,5.727,0.000,0.000,0.990,,,4.400,4.223,0.770,0.755,False,0.177,False,,,0.600,fehlt (0.6 angenommen),1.318,0.000,0.171,2.731,0.228,mittel,,7
00-0038940,Tyler Lacy,DET,CAR,DL,DL,1.000,2026-10-05 02:20:00+02:00,2026_04_DET_CAR,3.500,27.500,0.616,0.850,3,1.000,0.991,0.610,0.005,0.022,0.990,,,0.333,0.000,0.290,0.330,False,,False,,,0.600,fehlt (0.6 angenommen),0.170,0.005,0.000,0.406,0.936,hoch,,68
00-0038951,Sean Tucker,TB,GB,RB,RB,2.000,2026-10-04 19:00:00+02:00,2026_04_GB_TB,-3.000,17.750,4.839,4.839,0,0.869,1.097,4.335,0.000,0.000,0.990,,,,,,,False,,False,QB1 Baker Mayfield fehlt (×0.94),,0.000,0 (noch kein Saisonspiel),1.277,0.000,0.150,2.489,0.204,mittel,keine Spiele 2026; QB1 Baker Mayfield fehlt (×0.94),12
00-0038976,Marvin Mims Jr.,DEN,SF,WR,WR,1.000,2026-10-04 22:25:00+02:00,2026_04_DEN_SF,-3.000,22.750,2.856,3.807,1,1.014,0.982,2.843,0.000,0.000,0.990,,,0.000,,0.180,,False,,False,,,0.600,fehlt (0.6 angenommen),0.870,0.000,0.101,1.753,0.321,mittel,,25
00-0038978,Byron Young,PHI,LA,DL,DL,2.000,2026-10-04 19:00:00+02:00,2026_04_LA_PHI,-3.500,19.500,1.517,2.417,3,1.000,0.958,1.456,0.005,0.030,0.990,,,0.333,0.000,0.390,0.170,False,,False,,,0.600,fehlt (0.6 angenommen),0.298,0.005,0.000,0.701,0.820,hoch,,68
00-0038982,Chamarri Conner,KC,LV,DB,DB,1.000,2026-10-04 22:25:00+02:00,2026_04_KC_LV,4.500,26.000,6.340,6.412,0,1.000,1.051,6.887,0.105,0.022,0.990,,,,,,,False,,False,,,0.000,0 (noch kein Saisonspiel),1.250,0.100,0.155,2.706,0.260,mittel,keine Spiele 2026,68
00-0038984,Kei'Trel Clark,ARI,NYG,DB,DB,2.000,2026-10-04 19:00:00+02:00,2026_04_ARI_NYG,2.500,23.000,2.031,2.250,2,1.000,1.012,1.968,0.051,0.022,0.990,,,1.750,,0.140,0.160,False,,False,,,0.600,fehlt (0.6 angenommen),0.369,0.050,0.000,0.783,0.798,hoch,,68
00-0038986,Nic Jones,NYG,ARI,DB,DB,2.000,2026-10-04 19:00:00+02:00,2026_04_ARI_NYG,-2.500,20.500,0.938,0.917,1,1.000,0.955,0.806,0.066,0.024,0.990,,,1.000,,0.030,,False,,False,,,0.600,fehlt (0.6 angenommen),0.249,0.064,0.000,0.495,0.900,hoch,,68
00-0038994,Jordan Addison,MIN,MIA,WR,WR,2.000,2026-10-04 22:05:00+02:00,2026_04_MIA_MIN,10.000,24.250,6.695,6.750,3,1.044,0.934,6.524,0.000,0.000,0.990,,,5.700,5.790,0.980,0.855,False,-0.090,True,,,0.600,fehlt (0.6 angenommen),1.711,0.000,0.346,3.465,0.140,tief,QB-Wechsel,25
00-0038996,Tucker Kraft,GB,TB,TE,TE,1.000,2026-10-04 19:00:00+02:00,2026_04_GB_TB,3.000,20.750,6.119,7.816,3,0.936,1.119,6.409,0.000,0.000,0.990,,,3.533,4.907,0.760,0.820,False,-1.373,False,,,0.600,fehlt (0.6 angenommen),1.455,0.000,0.220,3.054,0.208,mittel,,7
00-0038997,Josh Downs,IND,WAS,WR,WR,1.000,2026-10-04 15:30:00+02:00,2026_04_IND_WAS,4.500,25.500,6.372,4.924,3,1.104,1.150,8.093,0.000,0.000,0.990,,,6.200,8.917,0.680,0.860,False,-2.717,False,,,0.600,fehlt (0.6 angenommen),2.185,0.000,0.480,4.373,0.105,tief,,25
00-0038998,Jake Haener,NYG,ARI,QB,QB,3.000,2026-10-04 19:00:00+02:00,2026_04_ARI_NYG,-2.500,20.500,2.000,2.000,0,0.988,1.073,2.120,0.000,0.000,0.990,,,,,,,False,,False,,,0.000,0 (noch kein Saisonspiel),0.024,0.000,0.000,0.000,0.984,hoch,keine Spiele 2026,6
00-0039000,Deonte Banks,NYG,ARI,DB,DB,1.000,2026-10-04 19:00:00+02:00,2026_04_ARI_NYG,-2.500,20.500,5.714,2.767,1,1.000,0.955,5.389,0.051,0.022,0.990,,,9.000,,0.830,,False,,False,,,0.600,fehlt (0.6 angenommen),1.011,0.050,0.096,2.243,0.332,mittel,,68
00-0039006,Felix Anudike-Uzomah,KC,LV,DL,DL,1.000,2026-10-04 22:25:00+02:00,2026_04_KC_LV,4.500,26.000,2.606,2.913,3,1.000,1.087,2.851,0.008,0.024,0.990,,,2.833,,0.420,0.500,False,,False,,,0.600,fehlt (0.6 angenommen),0.542,0.008,0.000,1.347,0.618,hoch,,68
00-0039007,Garrett Williams,ARI,NYG,DB,DB,1.000,2026-10-04 19:00:00+02:00,2026_04_ARI_NYG,2.500,23.000,5.598,5.250,1,1.000,1.012,5.528,0.081,0.023,0.990,,,0.000,,0.350,,False,,False,,,0.600,fehlt (0.6 angenommen),1.038,0.077,0.092,2.395,0.329,mittel,,68
00-0039013,Nolan Smith,PHI,LA,LB,LB,1.000,2026-10-04 19:00:00+02:00,2026_04_LA_PHI,-3.500,19.500,5.212,2.292,3,1.000,0.850,4.446,0.026,0.031,0.990,,,4.667,,0.610,0.720,False,,False,,,0.600,fehlt (0.6 angenommen),0.817,0.026,0.000,1.883,0.425,hoch,,68
00-0039018,Jack Campbell,DET,CAR,LB,LB,1.000,2026-10-05 02:20:00+02:00,2026_04_DET_CAR,3.500,27.500,7.490,9.559,3,1.000,0.913,6.840,0.022,0.068,0.990,,,8.000,,1.000,1.000,False,,False,,,0.600,fehlt (0.6 angenommen),1.256,0.022,0.110,2.796,0.282,mittel,,68
00-0039021,Roschon Johnson,CHI,NYJ,RB,RB,3.000,2026-10-04 19:00:00+02:00,2026_04_NYJ_CHI,3.500,23.500,0.169,0.226,1,1.002,1.129,0.180,0.000,0.000,0.990,,,0.000,,0.000,,False,,True,QB1 Caleb Williams fehlt (×0.94),,0.600,fehlt (0.6 angenommen),0.371,0.000,0.000,0.948,0.669,hoch,QB-Wechsel; QB1 Caleb Williams fehlt (×0.94),12
00-0039031,Adetomiwa Adebawore,IND,WAS,DL,DL,2.000,2026-10-04 15:30:00+02:00,2026_04_IND_WAS,4.500,25.500,3.099,2.824,3,1.000,0.880,2.729,0.005,0.030,0.990,,,2.917,0.000,0.280,0.280,False,,False,Gegner ohne QB1 (INT-Rate ×1.3),,0.600,fehlt (0.6 angenommen),0.519,0.005,0.000,1.303,0.633,hoch,Gegner ohne QB1 (INT-Rate ×1.3),68
00-0039032,Tyjae Spears,TEN,BAL,RB,RB,2.000,2026-10-04 19:00:00+02:00,2026_04_TEN_BAL,-11.500,15.500,4.333,5.293,3,0.921,0.987,3.937,0.000,0.000,0.750,Questionable,Ankle,3.300,3.370,0.470,0.430,True,-0.070,False,,,0.600,fehlt (0.6 angenommen),0.845,0.000,0.000,1.986,0.419,hoch,Questionable (Ankle); Rolle↓,12
00-0039041,Elijah Higgins,ARI,NYG,TE,TE,2.000,2026-10-04 19:00:00+02:00,2026_04_ARI_NYG,2.500,23.000,1.321,1.721,3,1.089,0.905,1.302,0.000,0.000,0.990,,,0.667,1.025,0.400,0.265,False,-0.358,False,,,0.600,fehlt (0.6 angenommen),0.425,0.000,0.000,0.952,0.623,hoch,,7
00-0039047,Derick Hall,SEA,LAC,LB,LB,2.000,2026-10-04 22:25:00+02:00,2026_04_LAC_SEA,7.000,24.750,5.188,2.143,3,1.000,1.035,5.420,0.029,0.030,0.990,,,4.667,,0.510,0.600,False,,False,,,0.600,fehlt (0.6 angenommen),0.959,0.028,0.044,2.165,0.360,mittel,,68
00-0039049,SirVocea Dennis,TB,GB,LB,LB,2.000,2026-10-04 19:00:00+02:00,2026_04_GB_TB,-3.000,17.750,3.610,6.000,3,1.000,1.022,3.630,0.038,0.030,0.750,Questionable,Calf,0.667,,0.460,0.120,False,,False,,,0.600,fehlt (0.6 angenommen),0.503,0.037,0.000,1.314,0.641,hoch,Questionable (Calf),68
00-0039050,Payne Durham,TB,GB,TE,TE,2.000,2026-10-04 19:00:00+02:00,2026_04_GB_TB,-3.000,17.750,0.180,0.180,2,0.869,0.921,0.127,0.000,0.000,0.990,,,0.000,0.325,0.550,0.120,False,-0.325,False,QB1 Baker Mayfield fehlt (×0.88),,0.600,fehlt (0.6 angenommen),0.236,0.000,0.000,0.628,0.830,hoch,QB1 Baker Mayfield fehlt (×0.88),7
00-0039053,Jose Ramirez,NE,BUF,LB,LB,2.000,2026-10-04 19:00:00+02:00,2026_04_NE_BUF,-7.000,21.250,0.850,0.800,1,1.000,1.014,0.839,0.037,0.037,0.990,,,1.000,,0.130,,False,,False,,,0.600,fehlt (0.6 angenommen),0.223,0.037,0.000,0.437,0.913,hoch,,68
00-0039059,Ethan Evans,LA,PHI,P,P,1.000,2026-10-04 19:00:00+02:00,2026_04_LA_PHI,3.500,23.000,16.505,13.618,3,1.044,1.039,17.904,0.000,0.000,0.990,,,15.567,,,,False,,False,,,0.600,fehlt (0.6 angenommen),1.378,0.000,0.513,2.394,0.095,tief,,4
00-0039061,Desjuan Johnson,LA,PHI,LB,LB,1.000,2026-10-04 19:00:00+02:00,2026_04_LA_PHI,3.500,23.000,1.379,2.500,3,1.000,0.995,1.374,0.006,0.023,0.990,,,0.000,,0.180,0.200,False,,False,,,0.600,fehlt (0.6 angenommen),0.280,0.006,0.000,0.613,0.840,hoch,,68
00-0039062,Jonathan Mingo,DAL,HOU,WR,WR,3.000,2026-10-04 19:00:00+02:00,2026_04_DAL_HOU,-3.000,22.750,0.585,0.861,3,0.931,1.019,0.556,0.000,0.000,0.990,,,0.333,0.293,0.180,0.195,False,0.040,False,,,0.600,fehlt (0.6 angenommen),0.334,0.000,0.000,0.769,0.720,hoch,,25
00-0039063,Calijah Kancey,TB,GB,DL,DL,1.000,2026-10-04 19:00:00+02:00,2026_04_GB_TB,-3.000,17.750,1.250,1.333,3,1.000,0.850,1.054,0.005,0.023,0.990,,,1.000,,0.680,0.630,False,,False,,,0.600,fehlt (0.6 angenommen),0.224,0.005,0.000,0.526,0.887,hoch,,68
00-0039064,Zay Flowers,BAL,TEN,WR,WR,1.000,2026-10-04 19:00:00+02:00,2026_04_TEN_BAL,11.500,27.000,9.538,8.402,2,1.000,1.060,10.106,0.000,0.000,0.750,Questionable,Hamstring,15.700,7.780,0.330,0.290,False,7.920,False,,,0.600,fehlt (0.6 angenommen),1.914,0.000,0.000,4.677,0.312,mittel,Questionable (Hamstring),25
00-0039065,Sam LaPorta,DET,CAR,TE,TE,1.000,2026-10-05 02:20:00+02:00,2026_04_DET_CAR,3.500,27.500,6.739,6.216,3,1.010,1.066,7.250,0.000,0.000,0.990,,,6.800,8.230,0.920,0.895,False,-1.430,False,,,0.600,fehlt (0.6 angenommen),1.592,0.000,0.236,3.317,0.186,tief,,7
00-0039066,Michael Mayer,LV,KC,TE,TE,2.000,2026-10-04 22:25:00+02:00,2026_04_KC_LV,-4.500,21.500,3.980,3.000,3,1.036,0.933,3.848,0.000,0.000,0.990,,,4.900,5.197,0.870,0.825,False,-0.297,False,,,0.600,fehlt (0.6 angenommen),0.903,0.000,0.051,1.883,0.333,mittel,,7
00-0039067,Rashee Rice,KC,LV,WR,WR,1.000,2026-10-04 22:25:00+02:00,2026_04_KC_LV,4.500,26.000,9.625,11.621,3,1.010,0.961,9.346,0.000,0.000,0.990,,,8.333,5.387,0.770,0.810,False,2.947,False,,,0.600,fehlt (0.6 angenommen),2.462,0.000,0.539,5.000,0.092,tief,,25
00-0039068,Yaya Diaby,TB,GB,LB,LB,1.000,2026-10-04 19:00:00+02:00,2026_04_GB_TB,-3.000,17.750,5.717,5.176,3,1.000,1.022,5.814,0.019,0.029,0.990,,,4.167,,0.680,0.630,False,,False,,,0.600,fehlt (0.6 angenommen),1.075,0.019,0.063,2.379,0.324,mittel,,68
00-0039071,Tyrique Stevenson,CHI,NYJ,DB,DB,1.000,2026-10-04 19:00:00+02:00,2026_04_NYJ_CHI,3.500,23.500,6.584,7.462,2,1.000,1.047,6.766,0.070,0.043,0.990,,,6.750,,0.870,0.790,False,,False,,,0.600,fehlt (0.6 angenommen),1.252,0.068,0.156,2.737,0.262,mittel,,68
00-0039074,Davis Allen,LA,PHI,TE,TE,2.000,2026-10-04 19:00:00+02:00,2026_04_LA_PHI,3.500,23.000,1.865,2.286,3,0.967,0.850,1.533,0.000,0.000,0.990,,,1.300,1.233,0.360,0.430,False,0.067,False,,,0.600,fehlt (0.6 angenommen),0.468,0.000,0.000,1.023,0.585,hoch,,7
00-0039075,Puka Nacua,LA,PHI,WR,WR,1.000,2026-10-04 19:00:00+02:00,2026_04_LA_PHI,3.500,23.000,12.735,13.693,1,0.967,0.979,12.057,0.000,0.000,0.990,,,7.400,12.320,0.700,,False,,False,,,1.100,Pool,3.134,0.000,0.664,6.373,0.074,tief,,25
00-0039107,Stetson Bennett,LA,PHI,QB,QB,2.000,2026-10-04 19:00:00+02:00,2026_04_LA_PHI,3.500,23.000,1.131,0.985,1,0.963,1.012,1.102,0.000,0.000,0.990,,,1.420,1.720,0.160,,False,,False,,,0.600,fehlt (0.6 angenommen),0.009,0.000,0.000,0.000,0.995,hoch,,6
00-0039108,Will Anderson Jr.,HOU,DAL,DL,DL,1.000,2026-10-04 19:00:00+02:00,2026_04_DAL_HOU,3.000,25.750,13.705,9.088,3,1.000,0.870,11.914,0.004,0.059,0.990,,,17.167,,0.800,0.830,False,,False,,,0.200,Pool,2.213,0.004,0.070,5.366,0.253,mittel,,68
00-0039111,Tuli Tuipulotu,LAC,SEA,LB,LB,1.000,2026-10-04 22:25:00+02:00,2026_04_LAC_SEA,-7.000,17.750,6.993,9.125,3,1.000,1.121,7.848,0.023,0.039,0.990,,,5.750,,0.820,0.725,False,,False,,,0.600,fehlt (0.6 angenommen),1.403,0.023,0.146,3.053,0.252,mittel,,68
00-0039112,Lukas Van Ness,GB,TB,LB,LB,1.000,2026-10-04 19:00:00+02:00,2026_04_GB_TB,3.000,20.750,6.029,2.750,3,1.000,1.067,6.529,0.036,0.032,0.990,,,9.417,,0.690,0.695,False,,False,Gegner ohne QB1 (INT-Rate ×1.3),,0.600,fehlt (0.6 angenommen),1.208,0.036,0.099,2.678,0.289,mittel,Gegner ohne QB1 (INT-Rate ×1.3),68
00-0039137,Byron Young,LA,PHI,LB,LB,1.000,2026-10-04 19:00:00+02:00,2026_04_LA_PHI,3.500,23.000,5.811,6.588,3,1.000,0.995,5.790,0.023,0.029,0.990,,,2.833,,0.880,0.715,False,,False,,,0.600,fehlt (0.6 angenommen),1.073,0.022,0.092,2.356,0.324,mittel,,68
00-0039138,Kobie Turner,LA,PHI,DL,DL,1.000,2026-10-04 19:00:00+02:00,2026_04_LA_PHI,3.500,23.000,4.475,5.588,3,1.000,0.949,4.258,0.027,0.030,0.990,,,2.833,,0.610,0.625,False,,False,,,0.600,fehlt (0.6 angenommen),0.784,0.026,0.000,2.062,0.513,hoch,,68
00-0039139,Jahmyr Gibbs,DET,CAR,RB,RB,1.000,2026-10-05 02:20:00+02:00,2026_04_DET_CAR,3.500,27.500,19.694,15.327,3,1.010,1.121,22.285,0.000,0.000,0.990,,,26.767,23.143,0.690,0.785,False,3.623,False,,,0.000,Pool,5.336,0.000,1.382,10.505,0.032,tief,,12
00-0039140,Kelee Ringo,PHI,LA,DB,DB,2.000,2026-10-04 19:00:00+02:00,2026_04_LA_PHI,-3.500,19.500,2.571,3.429,1,1.000,1.065,2.778,0.064,0.033,0.990,,,0.000,,0.000,,False,,False,,,0.600,fehlt (0.6 angenommen),0.507,0.062,0.000,1.152,0.673,hoch,,68
00-0039142,Will McDonald IV,NYJ,CHI,LB,LB,1.000,2026-10-04 19:00:00+02:00,2026_04_NYJ_CHI,-3.500,20.000,3.412,4.467,3,1.000,1.028,3.507,0.004,0.021,0.990,,,2.500,0.000,0.340,0.460,True,,False,Gegner ohne QB1 (INT-Rate ×1.3),,0.600,fehlt (0.6 angenommen),0.654,0.004,0.000,1.450,0.495,hoch,Rolle↓; Gegner ohne QB1 (INT-Rate ×1.3),68
00-0039147,Christian Gonzalez,NE,BUF,DB,DB,1.000,2026-10-04 19:00:00+02:00,2026_04_NE_BUF,-7.000,21.250,6.222,5.786,3,1.000,1.020,6.313,0.051,0.021,0.000,Out,Shoulder,6.500,,0.840,1.000,False,,False,,,0.600,fehlt (0.6 angenommen),0.000,0.050,0.000,0.000,1.000,hoch,Out (Shoulder),68
00-0039148,Keion White,SF,DEN,DL,DL,1.000,2026-10-04 22:25:00+02:00,2026_04_DEN_SF,3.000,25.750,4.440,2.018,3,1.000,0.961,4.268,0.005,0.051,0.750,Questionable,Hamstring,7.667,,0.690,0.515,False,,False,,,0.600,fehlt (0.6 angenommen),0.583,0.005,0.000,1.781,0.637,hoch,Questionable (Hamstring),68
00-0039149,Quan Martin,WAS,IND,DB,DB,3.000,2026-10-04 15:30:00+02:00,2026_04_IND_WAS,-4.500,21.000,5.269,2.276,3,1.000,1.034,5.517,0.058,0.021,0.990,,,3.667,,0.870,0.465,False,,False,,,0.600,fehlt (0.6 angenommen),0.999,0.056,0.095,2.230,0.334,mittel,,68
00-0039150,Bryce Young,CAR,DET,QB,QB,1.000,2026-10-05 02:20:00+02:00,2026_04_DET_CAR,-3.500,24.000,17.043,13.926,3,1.041,1.150,20.411,0.000,0.000,0.990,,,23.053,24.130,1.000,0.920,True,-1.077,False,,,0.100,Pool,3.156,0.000,0.084,6.432,0.142,tief,Rolle↓,6
00-0039151,Emmanuel Forbes,LA,PHI,DB,DB,2.000,2026-10-04 19:00:00+02:00,2026_04_LA_PHI,3.500,23.000,4.167,6.000,2,1.000,1.041,4.387,0.125,0.021,0.990,,,1.250,,0.580,0.120,False,,False,,,0.600,fehlt (0.6 angenommen),0.809,0.117,0.000,2.192,0.470,hoch,,68
00-0039156,Julius Brents,MIA,MIN,DB,DB,1.000,2026-10-04 22:05:00+02:00,2026_04_MIA_MIN,-10.000,14.250,5.527,4.500,3,1.000,1.006,5.720,0.085,0.034,0.990,,,3.000,,0.690,0.500,False,,False,,,0.600,fehlt (0.6 angenommen),1.014,0.081,0.098,2.332,0.343,mittel,,68
00-0039163,C.J. Stroud,HOU,DAL,QB,QB,1.000,2026-10-04 19:00:00+02:00,2026_04_DAL_HOU,3.000,25.750,15.846,15.138,3,1.085,1.150,19.774,0.000,0.000,0.990,,,15.053,17.607,1.000,1.000,True,-2.553,False,,,0.500,Pool,3.007,0.000,0.070,6.190,0.151,tief,Rolle↓,6
00-0039164,Anthony Richardson,IND,WAS,QB,QB,2.000,2026-10-04 15:30:00+02:00,2026_04_IND_WAS,4.500,25.500,4.000,4.000,0,1.120,1.150,5.153,0.000,0.000,0.990,,,,,,,False,,False,,,0.000,0 (noch kein Saisonspiel),0.205,0.000,0.000,0.771,0.843,hoch,keine Spiele 2026,6
00-0039169,Devon Witherspoon,SEA,LAC,DB,DB,1.000,2026-10-04 22:25:00+02:00,2026_04_LAC_SEA,7.000,24.750,6.280,7.729,3,1.000,1.100,7.092,0.099,0.032,0.990,,,4.000,,1.000,0.975,False,,False,,,0.600,fehlt (0.6 angenommen),1.248,0.095,0.155,2.704,0.267,mittel,,68
00-0039172,Jake Bates,DET,CAR,K,K,1.000,2026-10-05 02:20:00+02:00,2026_04_DET_CAR,3.500,27.500,8.141,8.588,3,1.008,0.999,8.197,0.000,0.000,0.990,,,7.000,,0.000,0.000,False,,False,,,0.600,fehlt (0.6 angenommen),2.976,0.000,0.071,6.278,0.159,tief,,7
00-0039176,Basil Okoye,NYG,ARI,DL,DL,2.000,2026-10-04 19:00:00+02:00,2026_04_ARI_NYG,-2.500,20.500,0.868,1.389,2,1.000,1.050,0.905,0.005,0.022,0.990,,,0.000,,,,False,,False,,,0.600,fehlt (0.6 angenommen),0.201,0.005,0.000,0.479,0.910,hoch,,68
00-0039178,Austin Ajiake,IND,WAS,LB,LB,2.000,2026-10-04 15:30:00+02:00,2026_04_IND_WAS,4.500,25.500,1.322,1.096,1,1.000,1.056,1.413,0.028,0.032,0.990,,,2.000,,0.000,,False,,False,Gegner ohne QB1 (INT-Rate ×1.3),,0.600,fehlt (0.6 angenommen),0.287,0.028,0.000,0.589,0.862,hoch,Gegner ohne QB1 (INT-Rate ×1.3),68
00-0039232,Nate Wiggins,BAL,TEN,DB,DB,1.000,2026-10-04 19:00:00+02:00,2026_04_TEN_BAL,11.500,27.000,6.292,7.529,3,1.000,0.938,5.675,0.092,0.021,0.990,,,4.667,,0.930,0.995,False,,False,,,0.600,fehlt (0.6 angenommen),0.984,0.088,0.073,2.287,0.353,mittel,,68
00-0039239,Kalen King,ARI,NYG,DB,DB,2.000,2026-10-04 19:00:00+02:00,2026_04_ARI_NYG,2.500,23.000,0.450,0.600,1,1.000,1.012,0.321,0.079,0.026,0.990,,,0.000,,0.000,,False,,False,,,0.600,fehlt (0.6 angenommen),0.272,0.076,0.000,0.602,0.890,hoch,,68
00-0039284,Braiden McGregor,NYJ,CHI,LB,LB,2.000,2026-10-04 19:00:00+02:00,2026_04_NYJ_CHI,-3.500,20.000,0.990,1.250,2,1.000,1.028,1.018,0.005,0.022,0.990,,,0.500,,0.320,0.340,False,,False,Gegner ohne QB1 (INT-Rate ×1.3),,0.600,fehlt (0.6 angenommen),0.220,0.005,0.000,0.506,0.897,hoch,Gegner ohne QB1 (INT-Rate ×1.3),68
00-0039289,Leonard Taylor III,NE,BUF,DL,DL,2.000,2026-10-04 19:00:00+02:00,2026_04_NE_BUF,-7.000,21.250,1.425,1.900,1,1.000,0.926,1.316,0.006,0.024,0.990,,,0.000,0.000,0.140,,False,,False,,,0.600,fehlt (0.6 angenommen),0.268,0.006,0.000,0.630,0.851,hoch,,68
00-0039299,George Holani,SEA,LAC,RB,RB,2.000,2026-10-04 22:25:00+02:00,2026_04_LAC_SEA,7.000,24.750,3.393,1.905,3,1.029,0.942,3.291,0.000,0.000,0.990,,,3.400,6.713,0.360,0.360,False,-3.313,True,,,0.600,fehlt (0.6 angenommen),0.995,0.000,0.046,1.934,0.272,mittel,QB-Wechsel; Pech -3.3 FP vs xFP,12
00-0039309,Byron Murphy II,SEA,LAC,DL,DL,1.000,2026-10-04 22:25:00+02:00,2026_04_LAC_SEA,7.000,24.750,2.886,3.500,3,1.000,1.053,3.050,0.005,0.020,0.990,,,2.333,,0.700,0.680,False,,False,,,0.600,fehlt (0.6 angenommen),0.556,0.005,0.000,1.437,0.606,hoch,,68
00-0039313,Swayze Bozeman,CIN,JAX,LB,LB,2.000,2026-10-04 19:00:00+02:00,2026_04_JAX_CIN,2.500,27.000,0.323,0.250,2,1.000,0.856,0.275,0.032,0.034,0.750,Questionable,Groin,0.500,,0.000,0.000,False,,False,,,0.600,fehlt (0.6 angenommen),0.153,0.031,0.000,0.330,0.940,hoch,Questionable (Groin),68
00-0039323,Ryan Rehkow,CIN,JAX,P,P,1.000,2026-10-04 19:00:00+02:00,2026_04_JAX_CIN,2.500,27.000,17.485,19.324,3,0.918,0.951,15.273,0.000,0.000,0.990,,,16.000,,,,False,,False,,,0.600,fehlt (0.6 angenommen),1.165,0.000,0.413,2.027,0.141,tief,,4
00-0039324,Christian Roland-Wallace,KC,LV,DB,DB,2.000,2026-10-04 22:25:00+02:00,2026_04_KC_LV,4.500,26.000,2.567,4.056,3,1.000,1.051,2.935,0.111,0.022,0.990,,,0.667,0.000,0.160,0.125,False,,False,,,0.600,fehlt (0.6 angenommen),0.536,0.105,0.000,1.888,0.693,hoch,,68
00-0039337,Malik Nabers,NYG,ARI,WR,WR,1.000,2026-10-04 19:00:00+02:00,2026_04_ARI_NYG,-2.500,20.500,7.700,10.393,3,0.989,1.073,8.172,0.000,0.000,0.990,,,3.200,6.300,0.780,0.630,True,-3.100,False,,,0.600,fehlt (0.6 angenommen),2.231,0.000,0.473,4.497,0.107,tief,Rolle↓; Pech -3.1 FP vs xFP,25
00-0039338,Brock Bowers,LV,KC,TE,TE,1.000,2026-10-04 22:25:00+02:00,2026_04_KC_LV,-4.500,21.500,10.569,8.551,1,1.036,0.933,10.220,0.000,0.000,0.990,,,17.600,15.650,0.790,,False,,False,,,0.600,fehlt (0.6 angenommen),2.141,0.000,0.315,4.572,0.145,tief,,7
00-0039340,Laiatu Latu,IND,WAS,DL,DL,1.000,2026-10-04 15:30:00+02:00,2026_04_IND_WAS,4.500,25.500,5.648,7.922,3,1.000,0.880,5.013,0.074,0.020,0.990,,,3.083,,0.500,0.795,True,,False,Gegner ohne QB1 (INT-Rate ×1.3),,0.600,fehlt (0.6 angenommen),0.944,0.071,0.000,2.447,0.466,hoch,Rolle↓; Gegner ohne QB1 (INT-Rate ×1.3),68
00-0039343,Kamari Lassiter,HOU,DAL,DB,DB,1.000,2026-10-04 19:00:00+02:00,2026_04_DAL_HOU,3.000,25.750,7.055,10.031,3,1.000,1.013,7.017,0.126,0.021,0.990,,,7.167,,1.000,1.000,False,,False,,,0.600,fehlt (0.6 angenommen),1.333,0.118,0.163,2.941,0.256,mittel,,68
00-0039345,Renardo Green,SF,DEN,DB,DB,1.000,2026-10-04 22:25:00+02:00,2026_04_DEN_SF,3.000,25.750,6.217,4.357,3,1.000,1.016,6.376,0.106,0.021,0.990,,,8.333,,0.900,1.000,False,,False,,,0.600,fehlt (0.6 angenommen),1.188,0.100,0.130,2.685,0.290,mittel,,68
00-0039347,Trevin Wallace,NYJ,CHI,LB,LB,2.000,2026-10-04 19:00:00+02:00,2026_04_NYJ_CHI,-3.500,20.000,5.507,5.500,1,1.000,1.028,5.663,0.027,0.032,0.990,,,0.000,,0.000,,False,,False,Gegner ohne QB1 (INT-Rate ×1.3),,0.600,fehlt (0.6 angenommen),1.041,0.027,0.070,2.333,0.332,mittel,Gegner ohne QB1 (INT-Rate ×1.3),68
00-0039353,Jarrian Jones,JAX,CIN,DB,DB,2.000,2026-10-04 19:00:00+02:00,2026_04_JAX_CIN,-2.500,24.500,6.418,6.000,3,1.000,1.065,6.901,0.171,0.031,0.990,,,6.333,0.000,0.730,0.680,False,,False,,,0.600,fehlt (0.6 angenommen),1.278,0.157,0.145,2.915,0.287,mittel,,68
00-0039355,Luke McCaffrey,WAS,IND,WR,WR,2.000,2026-10-04 15:30:00+02:00,2026_04_IND_WAS,-4.500,21.000,2.580,3.439,1,1.037,1.085,2.467,0.000,0.000,0.990,,,0.000,,0.000,,False,,True,QB1 Jayden Daniels fehlt (×0.85),,0.600,fehlt (0.6 angenommen),0.760,0.000,0.027,1.539,0.378,mittel,QB-Wechsel; QB1 Jayden Daniels fehlt (×0.85),25
00-0039356,Ja'Tavion Sanders,CAR,DET,TE,TE,5.000,2026-10-05 02:20:00+02:00,2026_04_DET_CAR,-3.500,24.000,1.420,1.420,0,1.036,1.150,1.692,0.000,0.000,0.990,,,,,,,False,,False,,,0.000,0 (noch kein Saisonspiel),0.501,0.000,0.000,1.080,0.555,hoch,keine Spiele 2026,7
00-0039359,Cade Stover,HOU,DAL,TE,TE,4.000,2026-10-04 19:00:00+02:00,2026_04_DAL_HOU,3.000,25.750,0.485,0.750,2,1.074,1.041,0.543,0.000,0.000,0.990,,,-0.100,0.200,0.440,0.300,False,-0.300,False,,,0.600,fehlt (0.6 angenommen),0.303,0.000,0.000,0.742,0.749,hoch,,7
00-0039360,Malik Mustapha,SF,DEN,DB,DB,2.000,2026-10-04 22:25:00+02:00,2026_04_DEN_SF,3.000,25.750,3.567,5.708,3,1.000,1.016,3.672,0.086,0.022,0.990,,,1.000,,0.220,0.075,False,,False,,,0.600,fehlt (0.6 angenommen),0.691,0.082,0.000,1.903,0.527,hoch,,68
00-0039361,Bucky Irving,TB,GB,RB,RB,1.000,2026-10-04 19:00:00+02:00,2026_04_GB_TB,-3.000,17.750,10.283,11.000,3,0.869,1.097,9.212,0.000,0.000,0.990,,,9.367,9.877,0.520,0.695,True,-0.510,False,QB1 Baker Mayfield fehlt (×0.94),,0.600,fehlt (0.6 angenommen),2.423,0.000,0.542,4.696,0.092,tief,Rolle↓; QB1 Baker Mayfield fehlt (×0.94),12
00-0039364,Sione Vaki,DET,CAR,RB,RB,2.000,2026-10-05 02:20:00+02:00,2026_04_DET_CAR,3.500,27.500,1.211,0.061,3,1.010,1.121,1.371,0.000,0.000,0.990,,,2.500,2.400,0.310,0.230,False,0.100,False,,,0.600,fehlt (0.6 angenommen),0.596,0.000,0.000,1.283,0.474,hoch,,12
00-0039365,Jacob Cowing,SF,DEN,WR,WR,1.000,2026-10-04 22:25:00+02:00,2026_04_DEN_SF,3.000,25.750,1.846,2.833,3,0.992,0.912,1.670,0.000,0.000,0.990,,,0.000,3.080,0.310,0.270,False,,False,,,0.600,fehlt (0.6 angenommen),0.587,0.000,0.000,1.191,0.473,hoch,,25
00-0039366,Tarheeb Still,LAC,SEA,DB,DB,1.000,2026-10-04 22:25:00+02:00,2026_04_LAC_SEA,-7.000,17.750,5.428,4.567,3,1.000,0.981,5.351,0.056,0.021,0.990,,,1.667,,0.950,0.835,False,,False,,,0.600,fehlt (0.6 angenommen),0.956,0.054,0.079,2.167,0.345,mittel,,68
00-0039369,Cam Hart,LAC,SEA,DB,DB,1.000,2026-10-04 22:25:00+02:00,2026_04_LAC_SEA,-7.000,17.750,6.356,4.656,3,1.000,0.981,6.293,0.123,0.021,0.990,,,9.167,,0.850,0.810,False,,False,,,0.600,fehlt (0.6 angenommen),1.130,0.116,0.114,2.553,0.309,mittel,,68
00-0039371,Kris Abrams-Draine,DEN,SF,DB,DB,2.000,2026-10-04 22:25:00+02:00,2026_04_DEN_SF,-3.000,22.750,1.402,2.208,3,1.000,0.925,1.305,0.058,0.022,0.990,,,0.333,,0.000,0.000,False,,False,,,0.600,fehlt (0.6 angenommen),0.272,0.056,0.000,0.544,0.888,hoch,,68
00-0039372,Jarvis Brownlee Jr.,NYJ,CHI,DB,DB,1.000,2026-10-04 19:00:00+02:00,2026_04_NYJ_CHI,-3.500,20.000,5.568,5.722,3,1.000,0.951,5.301,0.062,0.022,0.990,,,1.667,,0.520,0.725,True,,False,Gegner ohne QB1 (INT-Rate ×1.3),,0.600,fehlt (0.6 angenommen),0.988,0.060,0.084,2.253,0.339,mittel,Rolle↓; Gegner ohne QB1 (INT-Rate ×1.3),68
00-0039374,Tommy Eichenberg,LV,KC,LB,LB,2.000,2026-10-04 22:25:00+02:00,2026_04_KC_LV,-4.500,21.500,1.191,1.893,3,1.000,0.939,1.117,0.023,0.030,0.990,,,0.333,0.000,0.040,0.245,False,,False,,,0.600,fehlt (0.6 angenommen),0.244,0.023,0.000,0.510,0.897,hoch,,68
00-0039375,Josh Newton,CIN,JAX,DB,DB,2.000,2026-10-04 19:00:00+02:00,2026_04_JAX_CIN,2.500,27.000,1.625,1.625,0,1.000,1.036,1.682,0.066,0.023,0.990,,,,,,,False,,False,,,0.000,0 (noch kein Saisonspiel),0.329,0.064,0.000,0.648,0.853,hoch,keine Spiele 2026,68
00-0039377,Jaylon Carlies,IND,WAS,LB,LB,1.000,2026-10-04 15:30:00+02:00,2026_04_IND_WAS,4.500,25.500,5.562,6.928,3,1.000,1.056,5.894,0.035,0.035,0.990,,,1.000,0.000,0.690,0.620,False,,False,Gegner ohne QB1 (INT-Rate ×1.3),,0.600,fehlt (0.6 angenommen),1.094,0.035,0.075,2.460,0.327,mittel,Gegner ohne QB1 (INT-Rate ×1.3),68
00-0039380,Chau Smith-Wade,CAR,DET,DB,DB,1.000,2026-10-05 02:20:00+02:00,2026_04_DET_CAR,-3.500,24.000,2.852,4.562,2,1.000,0.933,2.438,0.055,0.021,0.990,,,0.000,,0.000,0.250,False,,False,,,0.600,fehlt (0.6 angenommen),0.444,0.053,0.000,0.962,0.715,hoch,,68
00-0039383,Jaylin Simpson,MIA,MIN,DB,DB,2.000,2026-10-04 22:05:00+02:00,2026_04_MIA_MIN,-10.000,14.250,5.616,4.000,0,1.000,1.006,5.875,0.119,0.026,0.990,,,,,,,False,,False,,,0.000,0 (noch kein Saisonspiel),1.036,0.112,0.085,2.427,0.345,mittel,keine Spiele 2026,68
00-0039384,Tyrone Tracy Jr.,NYG,ARI,RB,RB,3.000,2026-10-04 19:00:00+02:00,2026_04_ARI_NYG,-2.500,20.500,2.938,5.115,3,0.989,1.049,3.048,0.000,0.000,0.990,,,-0.100,0.850,0.020,0.025,False,-0.950,False,,,0.600,fehlt (0.6 angenommen),0.960,0.000,0.010,1.901,0.293,mittel,,12
00-0039387,Caelen Carson,DAL,HOU,DB,DB,3.000,2026-10-04 19:00:00+02:00,2026_04_DAL_HOU,-3.000,22.750,1.688,2.250,1,1.000,0.952,1.417,0.054,0.024,0.990,,,0.000,,0.270,,False,,False,,,0.600,fehlt (0.6 angenommen),0.312,0.052,0.000,0.622,0.863,hoch,,68
00-0039390,Marcellas Dial Jr.,MIA,MIN,DB,DB,2.000,2026-10-04 22:05:00+02:00,2026_04_MIA_MIN,-10.000,14.250,4.000,4.000,0,1.000,1.006,4.259,0.123,0.027,0.990,,,,,,,False,,False,,,0.000,0 (noch kein Saisonspiel),0.763,0.116,0.000,2.139,0.512,hoch,keine Spiele 2026,68
00-0039391,Kimani Vidal,LAC,SEA,RB,RB,3.000,2026-10-04 22:25:00+02:00,2026_04_LAC_SEA,-7.000,17.750,3.675,5.132,2,0.831,0.854,2.608,0.000,0.000,0.990,,,1.000,2.490,0.250,0.100,False,,False,,,0.600,fehlt (0.6 angenommen),0.838,0.000,0.000,1.686,0.342,mittel,,12
00-0039395,Jamal Hill,HOU,DAL,LB,LB,2.000,2026-10-04 19:00:00+02:00,2026_04_DAL_HOU,3.000,25.750,0.833,1.000,2,1.000,1.014,0.817,0.027,0.034,0.990,,,0.500,,0.000,0.000,False,,False,,,0.600,fehlt (0.6 angenommen),0.210,0.027,0.000,0.417,0.922,hoch,,68
00-0039396,Mekhi Wingo,DET,CAR,DL,DL,2.000,2026-10-05 02:20:00+02:00,2026_04_DET_CAR,3.500,27.500,2.500,2.500,0,1.000,0.991,2.477,0.008,0.025,0.990,,,,,,,False,,False,,,0.000,0 (noch kein Saisonspiel),0.469,0.008,0.000,1.195,0.675,hoch,keine Spiele 2026,68
00-0039402,Jaden Crumedy,HOU,DAL,DL,DL,2.000,2026-10-04 19:00:00+02:00,2026_04_DAL_HOU,3.000,25.750,0.000,0.000,1,1.000,0.870,-0.006,0.006,0.024,0.990,,,0.000,0.000,0.200,,False,,False,,,0.600,fehlt (0.6 angenommen),0.143,0.006,0.000,0.329,0.954,hoch,,68
00-0039404,Will Reichard,MIN,MIA,K,K,1.000,2026-10-04 22:05:00+02:00,2026_04_MIA_MIN,10.000,24.250,8.632,9.235,3,1.037,0.939,8.406,0.000,0.000,0.990,,,11.000,,0.000,0.000,False,,False,,,0.300,Pool,2.944,0.000,0.028,6.290,0.158,tief,,7
00-0039407,Dylan Laube,LV,KC,RB,RB,1.000,2026-10-04 22:25:00+02:00,2026_04_KC_LV,-4.500,21.500,0.141,0.256,3,1.036,0.933,0.136,0.000,0.000,0.990,,,0.000,,0.060,0.140,False,,False,,,0.600,fehlt (0.6 angenommen),0.353,0.000,0.000,0.933,0.692,hoch,,12
00-0039409,Cam Little,JAX,CIN,K,K,1.000,2026-10-04 19:00:00+02:00,2026_04_JAX_CIN,-2.500,24.500,8.233,9.353,3,1.017,1.028,8.610,0.000,0.000,0.990,,,7.667,,0.000,0.000,False,,False,,,1.500,Pool,3.168,0.000,0.129,6.746,0.145,tief,,7
00-0039410,Ryan Flournoy,DAL,HOU,WR,WR,3.000,2026-10-04 19:00:00+02:00,2026_04_DAL_HOU,-3.000,22.750,4.203,3.750,3,0.931,1.019,3.989,0.000,0.000,0.990,,,2.233,6.577,0.660,0.735,False,-4.343,False,,,0.600,fehlt (0.6 angenommen),1.153,0.000,0.196,2.316,0.233,mittel,Pech -4.3 FP vs xFP,25
00-0039412,Javontae Jean-Baptiste,WAS,IND,LB,LB,3.000,2026-10-04 15:30:00+02:00,2026_04_IND_WAS,-4.500,21.000,1.615,2.250,2,1.000,0.973,1.618,0.038,0.035,0.990,,,0.500,,0.240,0.160,False,,False,,,0.600,fehlt (0.6 angenommen),0.315,0.037,0.000,0.650,0.845,hoch,,68
00-0039421,Levi Drake Rodriguez,MIN,MIA,DL,DL,1.000,2026-10-04 22:05:00+02:00,2026_04_MIA_MIN,10.000,24.250,2.502,2.938,3,1.000,1.062,2.664,0.005,0.020,0.990,,,2.500,,0.410,0.655,True,,False,,,0.600,fehlt (0.6 angenommen),0.480,0.005,0.000,1.212,0.657,hoch,Rolle↓,68
00-0039423,Jonah Laulu,LV,KC,DL,DL,1.000,2026-10-04 22:25:00+02:00,2026_04_KC_LV,-4.500,21.500,2.337,3.971,3,1.000,1.034,2.415,0.004,0.020,0.990,,,0.333,0.000,0.200,0.360,True,,False,,,0.600,fehlt (0.6 angenommen),0.460,0.004,0.000,1.153,0.666,hoch,Rolle↓,68
00-0039430,James Williams,TEN,BAL,LB,LB,1.000,2026-10-04 19:00:00+02:00,2026_04_TEN_BAL,-11.500,15.500,1.847,2.955,2,1.000,0.978,1.774,0.023,0.032,0.990,,,0.000,,0.000,0.420,True,,False,,,0.600,fehlt (0.6 angenommen),0.328,0.023,0.000,0.685,0.815,hoch,Rolle↓,68
00-0039431,Jowon Briggs,NYJ,CHI,DL,DL,2.000,2026-10-04 19:00:00+02:00,2026_04_NYJ_CHI,-3.500,20.000,2.561,3.176,3,1.000,0.881,2.255,0.004,0.020,0.990,,,1.833,0.000,0.690,0.395,False,,False,Gegner ohne QB1 (INT-Rate ×1.3),,0.600,fehlt (0.6 angenommen),0.437,0.004,0.000,1.115,0.693,hoch,Gegner ohne QB1 (INT-Rate ×1.3),68
00-0039435,Tatum Bethune,SF,DEN,LB,LB,2.000,2026-10-04 22:25:00+02:00,2026_04_DEN_SF,3.000,25.750,5.907,5.125,0,1.000,0.850,5.038,0.030,0.033,0.990,,,,,,,False,,False,,,0.000,0 (noch kein Saisonspiel),0.923,0.030,0.022,2.130,0.383,mittel,keine Spiele 2026,68
00-0039451,Isaiah Williams,NYJ,CHI,WR,WR,1.000,2026-10-04 19:00:00+02:00,2026_04_NYJ_CHI,-3.500,20.000,2.196,1.937,3,0.993,1.056,2.305,0.000,0.000,0.990,,,2.533,2.343,0.890,0.710,False,0.190,False,,,0.600,fehlt (0.6 angenommen),0.745,0.000,0.058,1.452,0.366,mittel,,25
00-0039461,Jamree Kromah,CHI,NYJ,DL,DL,4.000,2026-10-04 19:00:00+02:00,2026_04_NYJ_CHI,3.500,23.500,0.600,0.600,0,1.000,0.938,0.550,0.007,0.026,0.990,,,,,,,False,,False,,,0.000,0 (noch kein Saisonspiel),0.160,0.007,0.000,0.385,0.947,hoch,keine Spiele 2026,68
00-0039465,Reddy Steward,DAL,HOU,DB,DB,2.000,2026-10-04 19:00:00+02:00,2026_04_DAL_HOU,-3.000,22.750,3.402,4.203,1,1.000,0.952,3.091,0.042,0.022,0.990,,,1.000,,0.030,,False,,False,,,0.600,fehlt (0.6 angenommen),0.567,0.041,0.000,1.209,0.583,hoch,,68
00-0039469,Te'Cory Couch,BUF,NE,DB,DB,2.000,2026-10-04 19:00:00+02:00,2026_04_NE_BUF,7.000,28.250,0.700,0.600,1,1.000,0.997,0.924,0.115,0.026,0.990,,,1.000,,0.000,,False,,False,,,0.600,fehlt (0.6 angenommen),0.317,0.108,0.000,1.664,0.865,hoch,,68
00-0039489,Hayden Rucci,LAC,SEA,TE,TE,3.000,2026-10-04 22:25:00+02:00,2026_04_LAC_SEA,-7.000,17.750,0.473,0.631,1,0.831,0.987,0.388,0.000,0.000,0.990,,,0.000,,0.410,,False,,False,,,0.600,fehlt (0.6 angenommen),0.264,0.000,0.000,0.674,0.799,hoch,,7
00-0039491,Jalen Coker,CAR,DET,WR,WR,2.000,2026-10-05 02:20:00+02:00,2026_04_DET_CAR,-3.500,24.000,6.709,4.672,3,1.036,1.123,7.808,0.000,0.000,0.750,Questionable,Quadricep,11.400,9.247,0.360,0.800,True,2.153,False,,,0.600,fehlt (0.6 angenommen),1.615,0.000,0.000,3.876,0.317,mittel,Questionable (Quadricep); Rolle↓,25
00-0039498,Harrison Mevis,LA,PHI,K,K,1.000,2026-10-04 19:00:00+02:00,2026_04_LA_PHI,3.500,23.000,8.259,9.000,3,0.972,0.980,7.863,0.000,0.000,0.990,,,6.667,,0.000,0.000,False,,False,,,1.500,Pool,2.759,0.000,0.000,5.910,0.174,tief,,7
00-0039530,Brevyn Spann-Ford,DAL,HOU,TE,TE,2.000,2026-10-04 19:00:00+02:00,2026_04_DAL_HOU,-3.000,22.750,0.869,0.894,3,0.931,0.943,0.763,0.000,0.000,0.990,,,1.100,0.890,0.380,0.300,False,0.210,False,,,0.600,fehlt (0.6 angenommen),0.336,0.000,0.000,0.785,0.713,hoch,,7
00-0039532,Julius Wood,MIA,MIN,DB,DB,2.000,2026-10-04 22:05:00+02:00,2026_04_MIA_MIN,-10.000,14.250,0.615,0.985,2,1.000,1.006,0.822,0.106,0.025,0.990,,,0.000,0.000,0.170,0.150,False,,False,,,0.600,fehlt (0.6 angenommen),0.292,0.100,0.000,1.565,0.878,hoch,,68
00-0039576,Spencer Shrader,IND,WAS,K,K,1.000,2026-10-04 15:30:00+02:00,2026_04_IND_WAS,4.500,25.500,8.979,11.200,3,1.089,1.067,10.438,0.000,0.000,0.990,,,12.333,,0.000,0.000,False,,False,,,0.600,fehlt (0.6 angenommen),4.066,0.000,0.436,8.356,0.107,tief,,7
00-0039589,Kameron Johnson,TB,GB,WR,WR,1.000,2026-10-04 19:00:00+02:00,2026_04_GB_TB,-3.000,17.750,0.375,0.681,3,0.869,1.037,0.287,0.000,0.000,0.990,,,0.000,,0.010,0.045,False,,False,QB1 Baker Mayfield fehlt (×0.85),,0.600,fehlt (0.6 angenommen),0.275,0.000,0.000,0.666,0.790,hoch,QB1 Baker Mayfield fehlt (×0.85),25
00-0039632,PJ Jules,CIN,JAX,DB,DB,2.000,2026-10-04 19:00:00+02:00,2026_04_JAX_CIN,2.500,27.000,1.042,1.333,2,1.000,1.036,1.077,0.064,0.023,0.990,,,0.500,,0.000,0.000,False,,False,,,0.600,fehlt (0.6 angenommen),0.264,0.062,0.000,0.526,0.895,hoch,,68
00-0039634,Austin McNamara,NYJ,CHI,P,P,1.000,2026-10-04 19:00:00+02:00,2026_04_NYJ_CHI,-3.500,20.000,18.076,19.512,3,1.008,0.988,18.008,0.000,0.000,0.990,,,20.433,,,,False,,False,,,0.600,fehlt (0.6 angenommen),1.376,0.000,0.512,2.390,0.095,tief,,4
00-0039648,David Martin-Robinson,TEN,BAL,TE,TE,3.000,2026-10-04 19:00:00+02:00,2026_04_TEN_BAL,-11.500,15.500,0.427,0.569,1,0.921,0.919,0.361,0.000,0.000,0.990,,,0.000,0.000,0.130,,False,,False,,,0.600,fehlt (0.6 angenommen),0.250,0.000,0.000,0.632,0.823,hoch,,7
00-0039681,Tyler Owens,WAS,IND,DB,DB,2.000,2026-10-04 15:30:00+02:00,2026_04_IND_WAS,-4.500,21.000,0.802,0.750,2,1.000,1.034,0.912,0.068,0.022,0.990,,,1.000,,0.000,0.000,False,,False,,,0.600,fehlt (0.6 angenommen),0.236,0.066,0.000,0.477,0.905,hoch,,68
00-0039686,Colson Yankoff,WAS,IND,TE,TE,4.000,2026-10-04 15:30:00+02:00,2026_04_IND_WAS,-4.500,21.000,0.354,0.185,3,1.037,1.108,0.358,0.000,0.000,0.990,,,0.533,0.780,0.460,0.165,False,-0.247,True,QB1 Jayden Daniels fehlt (×0.88),,0.600,fehlt (0.6 angenommen),0.268,0.000,0.000,0.681,0.788,hoch,QB-Wechsel; QB1 Jayden Daniels fehlt (×0.88),7
00-0039710,Jeshaun Jones,MIN,MIA,WR,WR,6.000,2026-10-04 22:05:00+02:00,2026_04_MIA_MIN,10.000,24.250,0.600,0.600,0,1.044,0.934,0.585,0.000,0.000,0.990,,,,,,,False,,False,,,0.000,0 (noch kein Saisonspiel),0.325,0.000,0.000,0.736,0.735,hoch,keine Spiele 2026,25
00-0039718,Bo Richter,MIN,MIA,LB,LB,3.000,2026-10-04 22:05:00+02:00,2026_04_MIA_MIN,10.000,24.250,0.831,1.062,2,1.000,0.935,0.821,0.033,0.033,0.990,,,0.500,,0.000,0.000,False,,False,,,0.600,fehlt (0.6 angenommen),0.199,0.032,0.000,0.397,0.924,hoch,,68
00-0039732,Bo Nix,DEN,SF,QB,QB,1.000,2026-10-04 22:25:00+02:00,2026_04_DEN_SF,-3.000,22.750,17.060,18.390,3,1.016,0.991,17.179,0.000,0.000,0.990,,,14.567,17.437,1.000,1.000,False,-2.870,False,,,0.600,fehlt (0.6 angenommen),2.450,0.000,0.000,5.253,0.202,mittel,,6
00-0039733,Ruke Orhorhoro,JAX,CIN,DL,DL,3.000,2026-10-04 19:00:00+02:00,2026_04_JAX_CIN,-2.500,24.500,1.820,1.800,3,1.000,1.014,1.847,0.004,0.020,0.990,,,1.500,0.000,0.570,0.320,False,,False,,,0.600,fehlt (0.6 angenommen),0.360,0.004,0.000,0.874,0.743,hoch,,68
00-0039734,Braden Fiske,LA,PHI,DL,DL,2.000,2026-10-04 19:00:00+02:00,2026_04_LA_PHI,3.500,23.000,1.848,2.471,3,1.000,0.949,1.756,0.004,0.030,0.990,,,1.000,,0.520,0.485,False,,False,,,0.600,fehlt (0.6 angenommen),0.352,0.004,0.000,0.830,0.772,hoch,,68
00-0039738,Blake Corum,LA,PHI,RB,RB,2.000,2026-10-04 19:00:00+02:00,2026_04_LA_PHI,3.500,23.000,5.732,6.000,3,0.967,0.987,5.473,0.000,0.000,0.990,,,5.367,5.710,0.290,0.340,False,-0.343,False,,,0.600,fehlt (0.6 angenommen),1.510,0.000,0.233,2.890,0.166,tief,,12
00-0039740,Jalyx Hunt,PHI,LA,LB,LB,2.000,2026-10-04 19:00:00+02:00,2026_04_LA_PHI,-3.500,19.500,5.846,6.000,3,1.000,0.850,5.027,0.091,0.039,0.990,,,3.667,,0.740,0.775,False,,False,,,0.600,fehlt (0.6 angenommen),0.922,0.087,0.000,2.289,0.413,hoch,,68
00-0039745,Tory Taylor,CHI,NYJ,P,P,1.000,2026-10-04 19:00:00+02:00,2026_04_NYJ_CHI,3.500,23.500,16.715,16.882,3,0.998,1.117,18.625,0.000,0.000,0.990,,,13.400,,,,False,,False,,,0.600,fehlt (0.6 angenommen),1.435,0.000,0.525,2.500,0.094,tief,,4
00-0039746,Will Shipley,PHI,LA,RB,RB,1.000,2026-10-04 19:00:00+02:00,2026_04_LA_PHI,-3.500,19.500,1.514,0.940,3,0.901,0.897,1.224,0.000,0.000,0.990,,,1.733,2.763,0.260,0.345,True,-1.030,False,,,0.600,fehlt (0.6 angenommen),0.546,0.000,0.000,1.223,0.515,hoch,Rolle↓,12
00-0039749,Tyler Davis,LA,PHI,DL,DL,2.000,2026-10-04 19:00:00+02:00,2026_04_LA_PHI,3.500,23.000,1.354,2.029,3,1.000,0.949,1.287,0.004,0.030,0.990,,,0.667,0.000,0.300,0.445,True,,False,,,0.600,fehlt (0.6 angenommen),0.254,0.004,0.000,0.612,0.850,hoch,Rolle↓,68
00-0039751,Jordan Whittington,LA,PHI,WR,WR,1.000,2026-10-04 19:00:00+02:00,2026_04_LA_PHI,3.500,23.000,0.963,1.316,2,0.967,0.979,0.912,0.000,0.000,0.990,,,0.400,0.445,0.240,0.410,True,-0.045,False,,,0.600,fehlt (0.6 angenommen),0.411,0.000,0.000,0.888,0.631,hoch,Rolle↓,25
00-0039752,Cedric Johnson,CIN,JAX,DL,DL,3.000,2026-10-04 19:00:00+02:00,2026_04_JAX_CIN,2.500,27.000,3.750,2.733,3,1.000,1.006,3.772,0.005,0.043,0.990,,,5.000,,0.190,0.310,True,,False,,,0.600,fehlt (0.6 angenommen),0.709,0.005,0.000,1.898,0.545,hoch,Rolle↓,68
00-0039763,Joe Andreessen,BUF,NE,LB,LB,2.000,2026-10-04 19:00:00+02:00,2026_04_NE_BUF,7.000,28.250,0.970,1.286,2,1.000,1.110,1.138,0.030,0.031,0.990,,,0.500,,0.000,0.000,False,,False,,,0.600,fehlt (0.6 angenommen),0.243,0.030,0.000,0.497,0.901,hoch,,68
00-0039770,Charles Woods,NE,BUF,DB,DB,2.000,2026-10-04 19:00:00+02:00,2026_04_NE_BUF,-7.000,21.250,3.086,1.250,3,1.000,1.020,3.113,0.056,0.022,0.990,,,5.167,,0.190,0.440,True,,False,,,0.600,fehlt (0.6 angenommen),0.566,0.055,0.000,1.276,0.611,hoch,Rolle↓,68
00-0039772,Josh Wallace,LA,PHI,DB,DB,2.000,2026-10-04 19:00:00+02:00,2026_04_LA_PHI,3.500,23.000,6.074,3.550,3,1.000,1.041,6.379,0.140,0.022,0.990,,,6.667,0.000,0.870,0.365,False,,False,,,0.600,fehlt (0.6 angenommen),1.181,0.131,0.124,2.750,0.302,mittel,,68
00-0039774,Omar Speights,LA,PHI,LB,LB,1.000,2026-10-04 19:00:00+02:00,2026_04_LA_PHI,3.500,23.000,3.940,2.844,3,1.000,0.995,3.929,0.023,0.030,0.990,,,4.667,,0.600,0.445,False,,False,,,0.600,fehlt (0.6 angenommen),0.715,0.023,0.000,1.593,0.479,hoch,,68
00-0039776,Jaylen McCollough,LA,PHI,DB,DB,2.000,2026-10-04 19:00:00+02:00,2026_04_LA_PHI,3.500,23.000,2.170,3.294,3,1.000,1.041,2.280,0.053,0.021,0.990,,,1.000,,0.370,0.560,True,,False,,,0.600,fehlt (0.6 angenommen),0.439,0.052,0.000,0.940,0.729,hoch,Rolle↓,68
00-0039780,Cam Lampkin,LA,PHI,DB,DB,3.000,2026-10-04 19:00:00+02:00,2026_04_LA_PHI,3.500,23.000,1.500,1.500,0,1.000,1.041,1.603,0.104,0.027,0.990,,,,,,,False,,False,,,0.000,0 (noch kein Saisonspiel),0.351,0.099,0.000,1.744,0.857,hoch,keine Spiele 2026,68
00-0039789,Qwan'tez Stiggers,NYJ,CHI,DB,DB,2.000,2026-10-04 19:00:00+02:00,2026_04_NYJ_CHI,-3.500,20.000,3.742,4.318,3,1.000,0.951,3.563,0.059,0.063,0.990,,,3.667,,0.000,0.000,False,,False,Gegner ohne QB1 (INT-Rate ×1.3),,0.600,fehlt (0.6 angenommen),0.651,0.057,0.000,1.900,0.572,hoch,Gegner ohne QB1 (INT-Rate ×1.3),68
00-0039792,Devontez Walker,BAL,TEN,WR,WR,3.000,2026-10-04 19:00:00+02:00,2026_04_TEN_BAL,11.500,27.000,2.144,2.117,2,1.000,1.060,2.272,0.000,0.000,0.990,,,2.350,2.335,0.270,0.290,False,0.015,False,,,0.600,fehlt (0.6 angenommen),0.692,0.000,0.033,1.378,0.398,mittel,,25
00-0039793,AJ Barner,SEA,LAC,TE,TE,1.000,2026-10-04 22:25:00+02:00,2026_04_LAC_SEA,7.000,24.750,5.265,5.045,3,1.029,0.909,4.923,0.000,0.000,0.990,,,5.033,4.990,0.910,0.840,False,0.043,True,,,0.600,fehlt (0.6 angenommen),1.088,0.000,0.092,2.299,0.291,mittel,QB-Wechsel,7
00-0039794,Braelon Allen,NYJ,CHI,RB,RB,2.000,2026-10-04 19:00:00+02:00,2026_04_NYJ_CHI,-3.500,20.000,3.941,3.653,3,0.993,0.987,3.865,0.000,0.000,0.990,,,4.400,4.513,0.520,0.355,False,-0.113,False,,,0.600,fehlt (0.6 angenommen),1.122,0.000,0.062,2.222,0.248,mittel,,12
00-0039795,Nehemiah Pritchett,SEA,LAC,DB,DB,2.000,2026-10-04 22:25:00+02:00,2026_04_LAC_SEA,7.000,24.750,5.426,1.500,3,1.000,1.100,6.219,0.135,0.022,0.990,,,7.000,,0.520,0.755,True,,False,,,0.600,fehlt (0.6 angenommen),1.136,0.126,0.117,2.597,0.312,mittel,Rolle↓,68
00-0039796,Rasheen Ali,BAL,TEN,RB,RB,1.000,2026-10-04 19:00:00+02:00,2026_04_TEN_BAL,11.500,27.000,0.486,0.882,3,1.000,1.006,0.489,0.000,0.000,0.990,,,0.000,,0.000,0.000,False,,False,,,0.600,fehlt (0.6 angenommen),0.402,0.000,0.000,0.986,0.633,hoch,,12
00-0039798,Isaiah Davis,NYJ,CHI,RB,RB,3.000,2026-10-04 19:00:00+02:00,2026_04_NYJ_CHI,-3.500,20.000,1.406,2.250,2,0.993,0.987,1.379,0.000,0.000,0.990,,,0.000,,0.000,0.000,False,,False,,,0.600,fehlt (0.6 angenommen),0.585,0.000,0.000,1.281,0.488,hoch,,12
00-0039807,Max Melton,ARI,NYG,DB,DB,1.000,2026-10-04 19:00:00+02:00,2026_04_ARI_NYG,2.500,23.000,5.725,3.944,3,1.000,1.012,5.705,0.052,0.022,0.990,,,4.833,,0.980,0.370,False,,False,,,0.600,fehlt (0.6 angenommen),1.061,0.051,0.115,2.343,0.307,mittel,,68
00-0039809,Jonah Elliss,DEN,SF,LB,LB,1.000,2026-10-04 22:25:00+02:00,2026_04_DEN_SF,-3.000,22.750,4.885,3.058,3,1.000,0.945,4.621,0.024,0.031,0.990,,,1.833,,0.620,0.635,False,,False,,,0.600,fehlt (0.6 angenommen),0.845,0.024,0.012,1.924,0.406,hoch,,68
00-0039811,MarShawn Lloyd,GB,TB,RB,RB,2.000,2026-10-04 19:00:00+02:00,2026_04_GB_TB,3.000,20.750,3.347,1.928,3,0.936,0.931,2.914,0.000,0.000,0.990,,,4.033,6.580,0.230,0.355,True,-2.547,False,,,0.600,fehlt (0.6 angenommen),0.942,0.000,0.000,1.869,0.302,mittel,Rolle↓,12
00-0039812,Ty'Ron Hopper,GB,TB,LB,LB,2.000,2026-10-04 19:00:00+02:00,2026_04_GB_TB,3.000,20.750,0.881,1.077,2,1.000,1.067,1.034,0.034,0.031,0.990,,,0.500,,0.010,0.000,False,,False,Gegner ohne QB1 (INT-Rate ×1.3),,0.600,fehlt (0.6 angenommen),0.234,0.034,0.000,0.479,0.907,hoch,Gegner ohne QB1 (INT-Rate ×1.3),68
00-0039813,Evan Williams,GB,TB,DB,DB,1.000,2026-10-04 19:00:00+02:00,2026_04_GB_TB,3.000,20.750,6.609,6.906,3,1.000,1.065,7.477,0.161,0.031,0.990,,,8.000,,1.000,1.000,False,,False,Gegner ohne QB1 (INT-Rate ×1.3),,0.600,fehlt (0.6 angenommen),1.362,0.149,0.151,2.984,0.258,mittel,Gegner ohne QB1 (INT-Rate ×1.3),68
00-0039814,Erick All,CIN,JAX,TE,TE,3.000,2026-10-04 19:00:00+02:00,2026_04_JAX_CIN,2.500,27.000,0.464,0.482,3,1.068,0.956,0.474,0.000,0.000,0.990,,,0.167,0.733,0.210,0.365,True,-0.567,False,,,0.600,fehlt (0.6 angenommen),0.289,0.000,0.000,0.711,0.770,hoch,Rolle↓,7
00-0039815,Tyrice Knight,SEA,LAC,LB,LB,2.000,2026-10-04 22:25:00+02:00,2026_04_LAC_SEA,7.000,24.750,2.723,4.357,2,1.000,1.035,2.873,0.030,0.031,0.990,,,0.000,0.000,0.140,0.200,False,,False,,,0.600,fehlt (0.6 angenommen),0.518,0.030,0.000,1.210,0.632,hoch,,68
00-0039816,Anthony Gould,IND,WAS,WR,WR,1.000,2026-10-04 15:30:00+02:00,2026_04_IND_WAS,4.500,25.500,0.047,0.075,2,1.104,1.150,0.060,0.000,0.000,0.990,,,0.000,,0.000,0.000,False,,False,,,0.600,fehlt (0.6 angenommen),0.224,0.000,0.000,0.589,0.850,hoch,,25
00-0039818,Kitan Oladapo,GB,TB,DB,DB,2.000,2026-10-04 19:00:00+02:00,2026_04_GB_TB,3.000,20.750,1.583,1.583,0,1.000,1.065,1.986,0.110,0.025,0.990,,,,,,,False,,False,Gegner ohne QB1 (INT-Rate ×1.3),,0.000,0 (noch kein Saisonspiel),0.394,0.104,0.000,1.837,0.827,hoch,keine Spiele 2026; Gegner ohne QB1 (INT-Rate ×1.3),68
00-0039821,Andru Phillips,NYG,ARI,DB,DB,1.000,2026-10-04 19:00:00+02:00,2026_04_ARI_NYG,-2.500,20.500,6.276,7.882,3,1.000,0.955,5.884,0.082,0.030,0.990,,,3.667,,0.820,0.655,False,,False,,,0.600,fehlt (0.6 angenommen),1.074,0.079,0.102,2.433,0.315,mittel,,68
00-0039824,Jared Wiley,KC,LV,TE,TE,4.000,2026-10-04 22:25:00+02:00,2026_04_KC_LV,4.500,26.000,0.170,0.170,0,1.010,1.065,0.183,0.000,0.000,0.990,,,,,,,False,,False,,,0.000,0 (noch kein Saisonspiel),0.244,0.000,0.000,0.641,0.814,hoch,keine Spiele 2026,7
00-0039825,Jaden Hicks,KC,LV,DB,DB,2.000,2026-10-04 22:25:00+02:00,2026_04_KC_LV,4.500,26.000,5.425,2.368,3,1.000,1.051,5.838,0.065,0.021,0.990,,,4.500,,1.000,1.000,False,,False,,,0.600,fehlt (0.6 angenommen),1.054,0.063,0.117,2.351,0.310,mittel,,68
00-0039826,Jeremiah Trotter Jr.,PHI,LA,LB,LB,2.000,2026-10-04 19:00:00+02:00,2026_04_LA_PHI,-3.500,19.500,1.567,1.308,2,1.000,0.850,1.349,0.027,0.031,0.990,,,2.000,,0.000,0.000,False,,False,,,0.600,fehlt (0.6 angenommen),0.274,0.026,0.000,0.570,0.875,hoch,,68
00-0039829,Darius Muasau,NE,BUF,LB,LB,2.000,2026-10-04 19:00:00+02:00,2026_04_NE_BUF,-7.000,21.250,1.938,2.833,2,1.000,1.014,1.950,0.024,0.032,0.990,,,0.500,0.000,0.130,0.000,False,,False,,,0.600,fehlt (0.6 angenommen),0.355,0.024,0.000,0.765,0.785,hoch,,68
00-0039831,Kamal Hadden,GB,TB,DB,DB,2.000,2026-10-04 19:00:00+02:00,2026_04_GB_TB,3.000,20.750,0.375,0.333,2,1.000,1.065,0.690,0.106,0.025,0.990,,,0.500,,0.000,0.000,False,,False,Gegner ohne QB1 (INT-Rate ×1.3),,0.600,fehlt (0.6 angenommen),0.310,0.101,0.000,1.613,0.876,hoch,Gegner ohne QB1 (INT-Rate ×1.3),68
00-0039834,Kamren Kinchens,LA,PHI,DB,DB,1.000,2026-10-04 19:00:00+02:00,2026_04_LA_PHI,3.500,23.000,6.084,6.412,1,1.000,1.041,6.376,0.106,0.042,0.990,,,3.000,,0.800,,False,,False,,,0.600,fehlt (0.6 angenommen),1.179,0.101,0.126,2.622,0.287,mittel,,68
00-0039835,Justin Eboigbe,LAC,SEA,DL,DL,1.000,2026-10-04 22:25:00+02:00,2026_04_LAC_SEA,-7.000,17.750,3.228,3.706,3,1.000,0.925,2.987,0.004,0.020,0.990,,,2.333,,0.620,0.585,False,,False,,,0.600,fehlt (0.6 angenommen),0.548,0.004,0.000,1.407,0.623,hoch,,68
00-0039838,Calen Bullock,HOU,DAL,DB,DB,1.000,2026-10-04 19:00:00+02:00,2026_04_DAL_HOU,3.000,25.750,6.193,6.471,3,1.000,1.013,6.146,0.123,0.021,0.990,,,5.167,0.000,1.000,0.985,False,,False,,,0.600,fehlt (0.6 angenommen),1.169,0.116,0.107,2.663,0.308,mittel,,68
00-0039840,Austin Booker,CHI,NYJ,DL,DL,2.000,2026-10-04 19:00:00+02:00,2026_04_NYJ_CHI,3.500,23.500,4.061,3.750,3,1.000,0.938,3.802,0.004,0.022,0.990,,,4.167,,0.600,0.480,False,,False,,,0.600,fehlt (0.6 angenommen),0.723,0.004,0.000,1.871,0.531,hoch,,68
00-0039841,Cooper DeJean,PHI,LA,DB,DB,1.000,2026-10-04 19:00:00+02:00,2026_04_LA_PHI,-3.500,19.500,6.448,8.562,3,1.000,1.065,6.930,0.102,0.021,0.990,,,4.333,,1.000,0.520,False,,False,,,0.600,fehlt (0.6 angenommen),1.281,0.097,0.165,2.785,0.251,mittel,,68
00-0039846,Tykee Smith,TB,GB,DB,DB,1.000,2026-10-04 19:00:00+02:00,2026_04_GB_TB,-3.000,17.750,6.854,9.094,3,1.000,0.984,6.643,0.064,0.041,0.990,,,7.167,,0.970,0.975,False,,False,,,0.600,fehlt (0.6 angenommen),1.221,0.062,0.151,2.689,0.267,mittel,,68
00-0039847,Theo Johnson,NYG,ARI,TE,TE,2.000,2026-10-04 19:00:00+02:00,2026_04_ARI_NYG,-2.500,20.500,2.322,3.255,3,0.989,1.150,2.642,0.000,0.000,0.990,,,0.300,2.197,0.170,0.370,True,-1.897,False,,,0.600,fehlt (0.6 angenommen),0.683,0.000,0.000,1.427,0.428,hoch,Rolle↓,7
00-0039849,Marvin Harrison Jr.,ARI,NYG,WR,WR,2.000,2026-10-04 19:00:00+02:00,2026_04_ARI_NYG,2.500,23.000,5.012,6.750,3,1.089,1.069,5.833,0.000,0.000,0.990,,,2.433,3.093,0.770,0.765,False,-0.660,False,,,0.600,fehlt (0.6 angenommen),1.626,0.000,0.315,3.226,0.160,tief,,25
00-0039850,Edgerrin Cooper,GB,TB,LB,LB,1.000,2026-10-04 19:00:00+02:00,2026_04_GB_TB,3.000,20.750,7.127,6.141,3,1.000,1.067,7.685,0.031,0.039,0.750,Questionable,Shoulder,11.333,,0.760,1.000,False,,False,Gegner ohne QB1 (INT-Rate ×1.3),,0.600,fehlt (0.6 angenommen),1.078,0.030,0.000,2.814,0.426,hoch,Questionable (Shoulder); Gegner ohne QB1 (INT-Rate ×1.3),68
00-0039851,Drake Maye,NE,BUF,QB,QB,1.000,2026-10-04 19:00:00+02:00,2026_04_NE_BUF,-7.000,21.250,16.048,20.032,3,0.984,0.972,15.350,0.000,0.000,0.990,,,7.200,14.970,0.810,1.000,False,-7.770,False,,,0.600,fehlt (0.6 angenommen),1.975,0.000,0.000,4.388,0.248,mittel,Pech -7.8 FP vs xFP,6
00-0039854,Darius Robinson,ARI,NYG,DL,DL,2.000,2026-10-04 19:00:00+02:00,2026_04_ARI_NYG,2.500,23.000,2.261,2.500,3,1.000,1.054,2.378,0.004,0.030,0.990,,,2.000,,0.310,0.390,False,,False,,,0.600,fehlt (0.6 angenommen),0.462,0.004,0.000,1.135,0.676,hoch,,68
00-0039858,Cedric Gray,TEN,BAL,LB,LB,1.000,2026-10-04 19:00:00+02:00,2026_04_TEN_BAL,-11.500,15.500,6.589,8.594,2,1.000,0.978,6.415,0.021,0.040,0.990,,,4.000,,0.470,0.390,False,,False,,,0.600,fehlt (0.6 angenommen),1.140,0.020,0.098,2.532,0.307,mittel,,68
00-0039861,Tyler Nubin,NYG,ARI,DB,DB,1.000,2026-10-04 19:00:00+02:00,2026_04_ARI_NYG,-2.500,20.500,6.232,6.385,2,1.000,0.955,5.884,0.051,0.032,0.990,,,5.250,,1.000,1.000,False,,False,,,0.600,fehlt (0.6 angenommen),1.109,0.050,0.126,2.495,0.304,mittel,,68
00-0039862,Ennis Rakestraw Jr.,DET,CAR,DB,DB,1.000,2026-10-05 02:20:00+02:00,2026_04_DET_CAR,3.500,27.500,3.048,3.231,1,1.000,0.986,3.002,0.092,0.026,0.990,,,2.500,,0.350,,False,,False,,,0.600,fehlt (0.6 angenommen),0.552,0.088,0.000,1.791,0.664,hoch,,68
00-0039864,Dadrion Taylor-Demerson,ARI,NYG,DB,DB,2.000,2026-10-04 19:00:00+02:00,2026_04_ARI_NYG,2.500,23.000,6.066,5.500,0,1.000,1.012,5.962,0.104,0.023,0.000,Out,Back,,,,,False,,False,,,0.000,0 (noch kein Saisonspiel),0.000,0.099,0.000,0.000,1.000,hoch,Out (Back); keine Spiele 2026,68
00-0039867,Javon Bullard,GB,TB,DB,DB,1.000,2026-10-04 19:00:00+02:00,2026_04_GB_TB,3.000,20.750,6.119,4.147,3,1.000,1.065,6.706,0.070,0.030,0.990,,,7.333,,0.650,0.650,False,,False,Gegner ohne QB1 (INT-Rate ×1.3),,0.600,fehlt (0.6 angenommen),1.251,0.068,0.144,2.767,0.265,mittel,Gegner ohne QB1 (INT-Rate ×1.3),68
00-0039868,Troy Franklin,DEN,SF,WR,WR,5.000,2026-10-04 22:25:00+02:00,2026_04_DEN_SF,-3.000,22.750,3.240,4.278,3,1.014,0.982,3.225,0.000,0.000,0.990,,,1.767,2.110,0.180,0.270,False,-0.343,False,,,0.600,fehlt (0.6 angenommen),0.962,0.000,0.127,1.913,0.282,mittel,,25
00-0039872,Cole Bishop,BUF,NE,DB,DB,1.000,2026-10-04 19:00:00+02:00,2026_04_NE_BUF,7.000,28.250,6.062,6.853,3,1.000,0.997,6.324,0.143,0.021,0.990,,,3.667,,1.000,0.955,False,,False,,,0.600,fehlt (0.6 angenommen),1.136,0.133,0.118,2.593,0.316,mittel,,68
00-0039873,DeWayne Carter,BUF,NE,DL,DL,2.000,2026-10-04 19:00:00+02:00,2026_04_NE_BUF,7.000,28.250,1.643,1.526,3,1.000,1.025,1.701,0.008,0.024,0.990,,,2.000,,0.480,0.355,False,,False,,,0.600,fehlt (0.6 angenommen),0.329,0.008,0.000,0.787,0.790,hoch,,68
00-0039874,Jaylen Wright,MIA,MIN,RB,RB,1.000,2026-10-04 22:05:00+02:00,2026_04_MIA_MIN,-10.000,14.250,3.198,4.673,2,0.895,0.884,2.530,0.000,0.000,0.990,,,0.500,0.880,0.050,0.070,False,-0.380,False,,,0.600,fehlt (0.6 angenommen),0.803,0.000,0.000,1.631,0.349,mittel,,12
00-0039875,Ray Davis,BUF,NE,RB,RB,2.000,2026-10-04 19:00:00+02:00,2026_04_NE_BUF,7.000,28.250,2.095,3.255,2,1.019,0.925,1.975,0.000,0.000,0.750,Questionable,Hamstring,0.150,0.430,0.140,0.090,False,,False,,,0.600,fehlt (0.6 angenommen),0.522,0.000,0.000,1.351,0.555,hoch,Questionable (Hamstring),12
00-0039879,Javon Solomon,BUF,NE,LB,LB,3.000,2026-10-04 19:00:00+02:00,2026_04_NE_BUF,7.000,28.250,1.168,1.269,2,1.000,1.110,1.359,0.031,0.031,0.990,,,1.000,,0.230,0.100,False,,False,,,0.600,fehlt (0.6 angenommen),0.265,0.031,0.000,0.542,0.883,hoch,,68
00-0039880,Malik Washington,MIA,MIN,WR,WR,1.000,2026-10-04 22:05:00+02:00,2026_04_MIA_MIN,-10.000,14.250,5.250,4.180,3,0.895,0.953,4.479,0.000,0.000,0.990,,,4.700,7.967,0.860,0.855,False,-3.267,False,,,0.600,fehlt (0.6 angenommen),1.213,0.000,0.219,2.418,0.222,mittel,Pech -3.3 FP vs xFP,25
00-0039886,T'Vondre Sweat,NYJ,CHI,DL,DL,1.000,2026-10-04 19:00:00+02:00,2026_04_NYJ_CHI,-3.500,20.000,1.687,2.792,3,1.000,0.881,1.486,0.005,0.021,0.990,,,0.333,,0.570,0.430,False,,False,Gegner ohne QB1 (INT-Rate ×1.3),,0.600,fehlt (0.6 angenommen),0.303,0.005,0.000,0.729,0.803,hoch,Gegner ohne QB1 (INT-Rate ×1.3),68
00-0039888,Quinyon Mitchell,PHI,LA,DB,DB,1.000,2026-10-04 19:00:00+02:00,2026_04_LA_PHI,-3.500,19.500,6.550,5.469,3,1.000,1.065,7.009,0.056,0.031,0.990,,,8.000,,1.000,1.000,False,,False,,,0.600,fehlt (0.6 angenommen),1.290,0.054,0.165,2.763,0.239,mittel,,68
00-0039890,Adonai Mitchell,NYJ,CHI,WR,WR,2.000,2026-10-04 19:00:00+02:00,2026_04_NYJ_CHI,-3.500,20.000,5.253,4.111,2,0.993,1.056,5.513,0.000,0.000,0.000,Out,Finger,6.150,7.710,0.820,0.690,False,-1.560,False,,,0.600,fehlt (0.6 angenommen),0.000,0.000,0.000,0.000,1.000,hoch,Out (Finger),25
00-0039893,Brian Thomas Jr.,JAX,CIN,WR,WR,3.000,2026-10-04 19:00:00+02:00,2026_04_JAX_CIN,-2.500,24.500,3.835,4.480,3,1.020,0.953,3.728,0.000,0.000,0.990,,,2.933,3.653,0.370,0.445,True,-0.720,False,,,0.600,fehlt (0.6 angenommen),1.120,0.000,0.199,2.246,0.239,mittel,Rolle↓,25
00-0039894,Xavier Worthy,KC,LV,WR,WR,2.000,2026-10-04 22:25:00+02:00,2026_04_KC_LV,4.500,26.000,5.302,5.571,3,1.010,0.961,5.148,0.000,0.000,0.990,,,4.100,6.127,0.830,0.815,True,-2.027,False,,,0.600,fehlt (0.6 angenommen),1.429,0.000,0.284,2.865,0.173,tief,Rolle↓,25
00-0039898,Mike Sainristil,WAS,IND,DB,DB,2.000,2026-10-04 15:30:00+02:00,2026_04_IND_WAS,-4.500,21.000,5.899,6.000,3,1.000,1.034,6.286,0.155,0.021,0.990,,,4.000,,0.390,0.900,True,,False,,,0.600,fehlt (0.6 angenommen),1.151,0.144,0.081,2.685,0.324,mittel,Rolle↓,68
00-0039901,Keon Coleman,BUF,NE,WR,WR,3.000,2026-10-04 19:00:00+02:00,2026_04_NE_BUF,7.000,28.250,3.732,3.750,3,1.019,0.996,3.786,0.000,0.000,0.990,,,3.367,3.730,0.480,0.620,False,-0.363,False,,,0.600,fehlt (0.6 angenommen),1.083,0.000,0.181,2.122,0.246,mittel,,25
00-0039902,Chris Braswell,HOU,DAL,LB,LB,3.000,2026-10-04 19:00:00+02:00,2026_04_DAL_HOU,3.000,25.750,2.029,2.029,0,1.000,1.014,2.035,0.023,0.031,0.990,,,,,,,False,,False,,,0.000,0 (noch kein Saisonspiel),0.386,0.022,0.000,0.835,0.748,hoch,keine Spiele 2026,68
00-0039908,Kris Jenkins,CIN,JAX,DL,DL,3.000,2026-10-04 19:00:00+02:00,2026_04_JAX_CIN,2.500,27.000,1.904,1.800,3,1.000,1.006,1.916,0.005,0.021,0.990,,,2.500,,0.270,0.250,False,,False,,,0.600,fehlt (0.6 angenommen),0.386,0.005,0.000,0.936,0.734,hoch,,68
00-0039910,Jayden Daniels,WAS,IND,QB,QB,1.000,2026-10-04 15:30:00+02:00,2026_04_IND_WAS,-4.500,21.000,16.939,17.381,2,1.042,1.071,18.906,0.000,0.000,0.000,Out,Elbow,16.200,20.670,0.550,1.000,True,-4.470,True,,,0.600,fehlt (0.6 angenommen),0.000,0.000,0.000,0.000,1.000,hoch,Out (Elbow); Rolle↓; QB-Wechsel; Pech -4.5 FP vs xFP,6
00-0039911,Chop Robinson,MIA,MIN,LB,LB,1.000,2026-10-04 22:05:00+02:00,2026_04_MIA_MIN,-10.000,14.250,4.466,2.433,2,1.000,1.022,4.619,0.030,0.031,0.990,,,0.000,,0.710,0.620,False,,False,,,0.600,fehlt (0.6 angenommen),0.811,0.029,0.013,1.847,0.426,hoch,,68
00-0039912,Ben Sinnott,WAS,IND,TE,TE,2.000,2026-10-04 15:30:00+02:00,2026_04_IND_WAS,-4.500,21.000,0.683,0.895,3,1.037,1.108,0.690,0.000,0.000,0.990,,,0.200,0.580,0.490,0.470,False,-0.380,True,QB1 Jayden Daniels fehlt (×0.88),,0.600,fehlt (0.6 angenommen),0.314,0.000,0.000,0.757,0.738,hoch,QB-Wechsel; QB1 Jayden Daniels fehlt (×0.88),7
00-0039915,Ladd McConkey,LAC,SEA,WR,WR,1.000,2026-10-04 22:25:00+02:00,2026_04_LAC_SEA,-7.000,17.750,7.230,7.274,3,0.831,0.882,5.300,0.000,0.000,0.750,Questionable,Foot,8.100,7.163,0.880,0.475,False,0.937,False,,,0.600,fehlt (0.6 angenommen),1.074,0.000,0.000,2.584,0.390,mittel,Questionable (Foot),25
00-0039918,Caleb Williams,CHI,NYJ,QB,QB,1.000,2026-10-04 19:00:00+02:00,2026_04_NYJ_CHI,3.500,23.500,17.958,18.937,2,1.002,1.051,18.915,0.000,0.000,0.000,Out,Hamstring,22.490,22.385,0.860,1.000,True,0.105,True,,,0.600,fehlt (0.6 angenommen),0.000,0.000,0.000,0.000,1.000,hoch,Out (Hamstring); Rolle↓; QB-Wechsel,6
00-0039919,Rome Odunze,CHI,NYJ,WR,WR,1.000,2026-10-04 19:00:00+02:00,2026_04_NYJ_CHI,3.500,23.500,7.562,9.234,3,1.002,0.975,6.278,0.000,0.000,0.990,,,4.633,6.083,0.850,0.660,False,-1.450,True,QB1 Caleb Williams fehlt (×0.85),,0.600,fehlt (0.6 angenommen),1.711,0.000,0.349,3.463,0.143,tief,QB-Wechsel; QB1 Caleb Williams fehlt (×0.85),25
00-0039923,J.J. McCarthy,NYG,ARI,QB,QB,2.000,2026-10-04 19:00:00+02:00,2026_04_ARI_NYG,-2.500,20.500,12.241,8.329,0,0.988,1.073,12.976,0.000,0.000,0.990,,,,,,,False,,False,,,0.000,0 (noch kein Saisonspiel),1.553,0.000,0.000,3.623,0.316,mittel,keine Spiele 2026,6
00-0039924,Dallas Turner,MIN,MIA,LB,LB,1.000,2026-10-04 22:05:00+02:00,2026_04_MIA_MIN,10.000,24.250,6.491,5.735,3,1.000,0.935,6.100,0.025,0.029,0.990,,,7.917,,0.910,0.810,False,,False,,,0.600,fehlt (0.6 angenommen),1.081,0.025,0.088,2.404,0.317,mittel,,68
00-0040008,Shavon Revel Jr.,DAL,HOU,DB,DB,2.000,2026-10-04 19:00:00+02:00,2026_04_DAL_HOU,-3.000,22.750,5.215,4.643,3,1.000,0.952,4.797,0.048,0.044,0.990,,,6.500,,0.670,0.390,False,,False,,,0.600,fehlt (0.6 angenommen),0.870,0.047,0.046,2.057,0.393,mittel,,68
00-0040010,Barryn Sorrell,GB,TB,LB,LB,1.000,2026-10-04 19:00:00+02:00,2026_04_GB_TB,3.000,20.750,2.205,2.159,3,1.000,1.067,2.371,0.007,0.032,0.990,,,2.417,,0.410,0.520,False,,False,Gegner ohne QB1 (INT-Rate ×1.3),,0.600,fehlt (0.6 angenommen),0.435,0.007,0.000,0.945,0.684,hoch,Gegner ohne QB1 (INT-Rate ×1.3),68
00-0040011,Shemar James,DAL,HOU,LB,LB,2.000,2026-10-04 19:00:00+02:00,2026_04_DAL_HOU,-3.000,22.750,4.848,3.696,2,1.000,0.928,4.435,0.018,0.031,0.990,,,0.500,0.000,0.330,0.540,True,,False,,,0.600,fehlt (0.6 angenommen),0.790,0.018,0.000,1.805,0.439,hoch,Rolle↓,68
00-0040013,Smael Mondon Jr.,PHI,LA,LB,LB,2.000,2026-10-04 19:00:00+02:00,2026_04_LA_PHI,-3.500,19.500,0.392,0.444,3,1.000,0.850,0.351,0.028,0.032,0.990,,,0.333,,0.000,0.000,False,,False,,,0.600,fehlt (0.6 angenommen),0.192,0.028,0.000,0.383,0.931,hoch,,68
00-0040014,Kyle McCord,MIA,MIN,QB,QB,2.000,2026-10-04 22:05:00+02:00,2026_04_MIA_MIN,-10.000,14.250,4.000,4.000,0,0.881,0.861,3.034,0.000,0.000,0.990,,,,,,,False,,False,,,0.000,0 (noch kein Saisonspiel),0.049,0.000,0.000,0.113,0.963,hoch,keine Spiele 2026,6
00-0040020,Micah Robinson,TEN,BAL,DB,DB,2.000,2026-10-04 19:00:00+02:00,2026_04_TEN_BAL,-11.500,15.500,2.471,2.667,3,1.000,0.888,2.115,0.059,0.023,0.990,,,2.333,,0.020,0.500,True,,False,,,0.600,fehlt (0.6 angenommen),0.379,0.057,0.000,0.784,0.794,hoch,Rolle↓,68
00-0040024,Darius Cooper,PHI,LA,WR,WR,5.000,2026-10-04 19:00:00+02:00,2026_04_LA_PHI,-3.500,19.500,1.526,0.900,3,0.901,1.022,1.406,0.000,0.000,0.990,,,2.867,5.410,0.100,0.280,False,,False,,,0.600,fehlt (0.6 angenommen),0.522,0.000,0.000,1.073,0.523,hoch,,25
00-0040026,Maxen Hook,SEA,LAC,DB,DB,3.000,2026-10-04 22:25:00+02:00,2026_04_LAC_SEA,7.000,24.750,1.500,1.500,0,1.000,1.100,1.878,0.123,0.027,0.990,,,,,,,False,,False,,,0.000,0 (noch kein Saisonspiel),0.376,0.115,0.000,1.798,0.843,hoch,keine Spiele 2026,68
00-0040041,Nazir Stackhouse,TEN,BAL,DL,DL,2.000,2026-10-04 19:00:00+02:00,2026_04_TEN_BAL,-11.500,15.500,0.681,0.222,3,1.000,1.050,0.709,0.005,0.022,0.990,,,1.333,0.000,0.220,0.305,True,,False,,,0.600,fehlt (0.6 angenommen),0.174,0.004,0.000,0.422,0.932,hoch,Rolle↓,68
00-0040043,Justin Barron,DAL,HOU,LB,LB,3.000,2026-10-04 19:00:00+02:00,2026_04_DAL_HOU,-3.000,22.750,1.500,1.500,0,1.000,0.928,1.280,0.032,0.038,0.990,,,,,,,False,,False,,,0.000,0 (noch kein Saisonspiel),0.269,0.031,0.000,0.538,0.885,hoch,keine Spiele 2026,68
00-0040045,Alijah Clark,DAL,HOU,DB,DB,2.000,2026-10-04 19:00:00+02:00,2026_04_DAL_HOU,-3.000,22.750,1.619,1.222,3,1.000,0.952,1.381,0.045,0.022,0.990,,,1.833,,0.310,0.000,False,,False,,,0.600,fehlt (0.6 angenommen),0.281,0.044,0.000,0.576,0.872,hoch,,68
00-0040058,Nick Kallerup,SEA,LAC,TE,TE,4.000,2026-10-04 22:25:00+02:00,2026_04_LAC_SEA,7.000,24.750,0.167,0.223,1,1.029,0.909,0.156,0.000,0.000,0.990,,,0.000,0.000,0.270,,False,,True,,,0.600,fehlt (0.6 angenommen),0.235,0.000,0.000,0.631,0.825,hoch,QB-Wechsel,7
00-0040061,Connor O'Toole,SEA,LAC,LB,LB,3.000,2026-10-04 22:25:00+02:00,2026_04_LAC_SEA,7.000,24.750,1.688,2.250,1,1.000,1.035,1.824,0.042,0.047,0.990,,,0.000,,0.000,,False,,False,,,0.600,fehlt (0.6 angenommen),0.352,0.041,0.000,0.754,0.826,hoch,,68
00-0040066,Jackson Woodard,MIA,MIN,LB,LB,2.000,2026-10-04 22:05:00+02:00,2026_04_MIA_MIN,-10.000,14.250,0.942,0.923,1,1.000,1.022,1.053,0.047,0.036,0.990,,,1.000,,0.150,,False,,False,,,0.600,fehlt (0.6 angenommen),0.228,0.046,0.000,0.444,0.911,hoch,,68
00-0040069,Teddye Buchanan,BAL,TEN,LB,LB,1.000,2026-10-04 19:00:00+02:00,2026_04_TEN_BAL,11.500,27.000,5.707,4.625,0,1.000,1.036,5.859,0.022,0.032,0.990,,,,,,,False,,False,,,0.000,0 (noch kein Saisonspiel),0.999,0.021,0.094,2.216,0.343,mittel,keine Spiele 2026,68
00-0040071,Mac McWilliams,PHI,LA,DB,DB,3.000,2026-10-04 19:00:00+02:00,2026_04_LA_PHI,-3.500,19.500,1.167,1.167,0,1.000,1.065,1.302,0.095,0.026,0.990,,,,,,,False,,False,,,0.000,0 (noch kein Saisonspiel),0.314,0.090,0.000,1.671,0.869,hoch,keine Spiele 2026,68
00-0040072,Jeffrey Bassa,KC,LV,LB,LB,1.000,2026-10-04 22:25:00+02:00,2026_04_KC_LV,4.500,26.000,0.490,0.889,3,1.000,0.983,0.554,0.033,0.032,0.990,,,0.000,,0.100,0.040,False,,False,,,0.600,fehlt (0.6 angenommen),0.202,0.033,0.000,0.401,0.921,hoch,,68
00-0040074,Tyler Loop,BAL,TEN,K,K,1.000,2026-10-04 19:00:00+02:00,2026_04_TEN_BAL,11.500,27.000,8.408,8.118,3,1.000,1.129,9.491,0.000,0.000,0.990,,,10.667,,0.000,0.000,False,,False,,,0.400,Pool,3.446,0.000,0.327,7.117,0.122,tief,,7
00-0040075,LaJohntay Wester,BAL,TEN,WR,WR,1.000,2026-10-04 19:00:00+02:00,2026_04_TEN_BAL,11.500,27.000,0.418,0.000,3,1.000,1.060,0.443,0.000,0.000,0.990,,,0.967,1.710,0.170,0.410,True,-0.743,False,,,0.600,fehlt (0.6 angenommen),0.293,0.000,0.000,0.686,0.775,hoch,Rolle↓,25
00-0040076,Aeneas Peebles,BAL,TEN,DL,DL,2.000,2026-10-04 19:00:00+02:00,2026_04_TEN_BAL,11.500,27.000,0.563,0.900,2,1.000,0.995,0.547,0.005,0.023,0.990,,,0.000,0.000,0.120,0.190,False,,False,,,0.600,fehlt (0.6 angenommen),0.156,0.005,0.000,0.371,0.952,hoch,,68
00-0040078,Brashard Smith,KC,LV,RB,RB,2.000,2026-10-04 22:25:00+02:00,2026_04_KC_LV,4.500,26.000,1.883,2.772,2,1.010,0.970,1.846,0.000,0.000,0.990,,,0.200,1.040,0.080,0.000,False,,False,,,0.600,fehlt (0.6 angenommen),0.701,0.000,0.000,1.447,0.403,hoch,,12
00-0040081,Jake Briningstool,KC,LV,TE,TE,3.000,2026-10-04 22:25:00+02:00,2026_04_KC_LV,4.500,26.000,0.315,0.221,3,1.010,1.065,0.339,0.000,0.000,0.990,,,0.300,0.590,0.120,0.155,False,-0.290,False,,,0.600,fehlt (0.6 angenommen),0.270,0.000,0.000,0.683,0.787,hoch,,7
00-0040089,Kevin Knowles,TB,GB,DB,DB,2.000,2026-10-04 19:00:00+02:00,2026_04_GB_TB,-3.000,17.750,1.154,1.667,3,1.000,0.984,1.052,0.053,0.022,0.990,,,0.667,,0.000,0.000,False,,False,,,0.600,fehlt (0.6 angenommen),0.255,0.052,0.000,0.494,0.902,hoch,,68
00-0040100,Jay Higgins,BAL,TEN,LB,LB,2.000,2026-10-04 19:00:00+02:00,2026_04_TEN_BAL,11.500,27.000,0.725,0.714,3,1.000,1.036,0.695,0.022,0.033,0.990,,,0.667,,0.000,0.000,False,,False,,,0.600,fehlt (0.6 angenommen),0.178,0.022,0.000,0.368,0.937,hoch,,68
00-0040104,Keondre Jackson,BAL,TEN,DB,DB,2.000,2026-10-04 19:00:00+02:00,2026_04_TEN_BAL,11.500,27.000,1.583,2.200,2,1.000,0.938,1.360,0.050,0.033,0.990,,,0.500,,0.000,0.010,False,,False,,,0.600,fehlt (0.6 angenommen),0.253,0.049,0.000,0.501,0.899,hoch,,68
00-0040122,Ashton Jeanty,LV,KC,RB,RB,1.000,2026-10-04 22:25:00+02:00,2026_04_KC_LV,-4.500,21.500,13.548,11.274,3,1.036,0.933,13.103,0.000,0.000,0.990,,,14.100,20.110,0.840,0.775,True,-6.010,False,,,0.200,Pool,3.269,0.000,0.843,6.315,0.057,tief,Rolle↓; Pech -6.0 FP vs xFP,12
00-0040124,Tetairoa McMillan,CAR,DET,WR,WR,1.000,2026-10-05 02:20:00+02:00,2026_04_DET_CAR,-3.500,24.000,8.095,8.126,3,1.036,1.123,9.420,0.000,0.000,0.990,,,5.767,10.910,0.950,0.810,True,-5.143,False,,,0.600,fehlt (0.6 angenommen),2.502,0.000,0.531,5.023,0.094,tief,Rolle↓; Pech -5.1 FP vs xFP,25
00-0040126,Colston Loveland,CHI,NYJ,TE,TE,1.000,2026-10-04 19:00:00+02:00,2026_04_NYJ_CHI,3.500,23.500,4.856,6.443,3,1.002,0.953,4.080,0.000,0.000,0.990,,,1.133,4.490,0.790,0.865,False,-3.357,True,QB1 Caleb Williams fehlt (×0.88),,0.600,fehlt (0.6 angenommen),0.975,0.000,0.063,2.057,0.313,mittel,QB-Wechsel; Pech -3.4 FP vs xFP; QB1 Caleb Williams fehlt (×0.88),7
00-0040128,Tyler Warren,IND,WAS,TE,TE,1.000,2026-10-04 15:30:00+02:00,2026_04_IND_WAS,4.500,25.500,7.034,7.212,3,1.104,1.150,8.934,0.000,0.000,0.990,,,7.133,6.377,0.940,0.910,False,0.757,False,,,0.600,fehlt (0.6 angenommen),1.928,0.000,0.310,4.135,0.158,tief,,7
00-0040129,Emeka Egbuka,TB,GB,WR,WR,1.000,2026-10-04 19:00:00+02:00,2026_04_GB_TB,-3.000,17.750,8.072,8.538,3,0.869,1.037,6.182,0.000,0.000,0.990,,,6.600,8.313,0.740,0.860,False,-1.713,False,QB1 Baker Mayfield fehlt (×0.85),,0.600,fehlt (0.6 angenommen),1.757,0.000,0.361,3.588,0.141,tief,QB1 Baker Mayfield fehlt (×0.85),25
00-0040131,Kyle Williams,NE,BUF,WR,WR,1.000,2026-10-04 19:00:00+02:00,2026_04_NE_BUF,-7.000,21.250,1.939,1.922,3,0.986,1.001,1.914,0.000,0.000,0.990,,,1.467,2.865,0.350,0.185,False,-1.398,False,,,0.600,fehlt (0.6 angenommen),0.637,0.000,0.000,1.276,0.432,hoch,,25
00-0040132,Landon Jackson,BUF,NE,DL,DL,2.000,2026-10-04 19:00:00+02:00,2026_04_NE_BUF,7.000,28.250,1.742,1.513,3,1.000,1.025,1.802,0.008,0.024,0.990,,,1.833,,0.380,0.400,False,,False,,,0.600,fehlt (0.6 angenommen),0.342,0.008,0.000,0.822,0.773,hoch,,68
00-0040133,Azareye'h Thomas,NYJ,CHI,DB,DB,1.000,2026-10-04 19:00:00+02:00,2026_04_NYJ_CHI,-3.500,20.000,5.915,4.562,3,1.000,0.951,5.631,0.063,0.023,0.990,,,5.833,,1.000,1.000,False,,False,Gegner ohne QB1 (INT-Rate ×1.3),,0.600,fehlt (0.6 angenommen),1.043,0.061,0.102,2.271,0.320,mittel,Gegner ohne QB1 (INT-Rate ×1.3),68
00-0040134,Pat Bryant,DEN,SF,WR,WR,3.000,2026-10-04 22:25:00+02:00,2026_04_DEN_SF,-3.000,22.750,4.098,3.302,3,1.014,0.982,4.081,0.000,0.000,0.990,,,6.067,3.397,0.700,0.625,False,2.670,False,,,0.600,fehlt (0.6 angenommen),1.166,0.000,0.188,2.334,0.229,mittel,,25
00-0040136,Princely Umanmielen,CAR,DET,LB,LB,2.000,2026-10-05 02:20:00+02:00,2026_04_DET_CAR,-3.500,24.000,3.606,2.172,3,1.000,1.032,3.658,0.016,0.039,0.990,,,5.333,,0.370,0.465,False,,False,,,0.600,fehlt (0.6 angenommen),0.668,0.016,0.000,1.545,0.515,hoch,,68
00-0040137,Jordan Burch,ARI,NYG,LB,LB,3.000,2026-10-04 19:00:00+02:00,2026_04_ARI_NYG,2.500,23.000,2.466,1.059,3,1.000,0.942,2.291,0.019,0.029,0.990,,,4.833,0.000,0.440,0.435,False,,False,,,0.600,fehlt (0.6 angenommen),0.425,0.018,0.000,0.912,0.707,hoch,,68
00-0040138,Jaylin Noel,HOU,DAL,WR,WR,1.000,2026-10-04 19:00:00+02:00,2026_04_DAL_HOU,3.000,25.750,2.848,2.379,3,1.074,1.105,3.381,0.000,0.000,0.990,,,4.067,3.003,0.260,0.450,True,1.063,False,,,0.600,fehlt (0.6 angenommen),0.998,0.000,0.138,1.994,0.285,mittel,Rolle↓,25
00-0040139,Justin Walley,IND,WAS,DB,DB,1.000,2026-10-04 15:30:00+02:00,2026_04_IND_WAS,4.500,25.500,6.214,6.000,3,1.000,0.914,5.728,0.085,0.025,0.990,,,5.833,,0.590,0.710,False,,False,Gegner ohne QB1 (INT-Rate ×1.3),,0.600,fehlt (0.6 angenommen),1.053,0.081,0.099,2.459,0.330,mittel,Gegner ohne QB1 (INT-Rate ×1.3),68
00-0040141,Kevin Winston Jr.,TEN,BAL,DB,DB,1.000,2026-10-04 19:00:00+02:00,2026_04_TEN_BAL,-11.500,15.500,5.850,4.812,3,1.000,0.888,5.121,0.055,0.023,0.750,Questionable,Shoulder,4.667,,1.000,1.000,False,,False,,,0.600,fehlt (0.6 angenommen),0.662,0.054,0.000,1.720,0.534,hoch,Questionable (Shoulder),68
00-0040142,Kaleb Johnson,GB,TB,RB,RB,1.000,2026-10-04 19:00:00+02:00,2026_04_GB_TB,3.000,20.750,1.663,1.214,3,0.936,0.931,1.448,0.000,0.000,0.990,,,1.600,3.690,0.360,0.135,False,-2.090,False,,,0.600,fehlt (0.6 angenommen),0.615,0.000,0.000,1.345,0.464,hoch,,12
00-0040143,Jacob Parrish,TB,GB,DB,DB,1.000,2026-10-04 19:00:00+02:00,2026_04_GB_TB,-3.000,17.750,6.253,7.265,2,1.000,0.984,6.020,0.084,0.031,0.750,Questionable,Not injury related - personal matter,4.250,,1.000,0.310,False,,False,,,0.600,fehlt (0.6 angenommen),0.814,0.081,0.000,2.185,0.493,hoch,Questionable (Not injury related - personal matter),68
00-0040144,Jamaree Caldwell,LAC,SEA,DL,DL,1.000,2026-10-04 22:25:00+02:00,2026_04_LAC_SEA,-7.000,17.750,1.488,2.059,3,1.000,0.925,1.379,0.004,0.020,0.990,,,1.000,0.000,0.580,0.545,False,,False,,,0.600,fehlt (0.6 angenommen),0.278,0.004,0.000,0.676,0.826,hoch,,68
00-0040145,Caleb Ransaw,JAX,CIN,DB,DB,2.000,2026-10-04 19:00:00+02:00,2026_04_JAX_CIN,-2.500,24.500,1.971,2.174,3,1.000,1.065,2.132,0.083,0.025,0.990,,,2.000,0.000,0.300,0.380,False,,False,,,0.600,fehlt (0.6 angenommen),0.416,0.080,0.000,1.433,0.792,hoch,,68
00-0040149,Jaylin Smith,HOU,DAL,DB,DB,2.000,2026-10-04 19:00:00+02:00,2026_04_DAL_HOU,3.000,25.750,3.083,4.333,2,1.000,1.013,3.051,0.070,0.036,0.990,,,1.000,,0.120,0.000,False,,False,,,0.600,fehlt (0.6 angenommen),0.575,0.068,0.000,1.550,0.624,hoch,,68
00-0040152,Upton Stout,SF,DEN,DB,DB,1.000,2026-10-04 22:25:00+02:00,2026_04_DEN_SF,3.000,25.750,5.617,4.500,3,1.000,1.016,5.739,0.055,0.021,0.990,,,3.583,,0.630,0.585,False,,False,,,0.600,fehlt (0.6 angenommen),1.056,0.054,0.109,2.332,0.305,mittel,,68
00-0040153,Sai'vion Jones,DEN,SF,DL,DL,2.000,2026-10-04 22:25:00+02:00,2026_04_DEN_SF,-3.000,22.750,2.500,3.333,1,1.000,0.850,2.126,0.007,0.036,0.990,,,0.000,0.000,0.220,,False,,False,,,0.600,fehlt (0.6 angenommen),0.412,0.007,0.000,1.012,0.718,hoch,,68
00-0040154,Tai Felton,MIN,MIA,WR,WR,2.000,2026-10-04 22:05:00+02:00,2026_04_MIA_MIN,10.000,24.250,0.315,0.190,1,1.044,0.934,0.307,0.000,0.000,0.990,,,0.000,1.380,0.540,,False,,True,,,0.600,fehlt (0.6 angenommen),0.273,0.000,0.000,0.660,0.794,hoch,QB-Wechsel,25
00-0040157,Barrett Carter,CIN,JAX,LB,LB,1.000,2026-10-04 19:00:00+02:00,2026_04_JAX_CIN,2.500,27.000,6.032,4.625,3,1.000,0.856,5.162,0.044,0.030,0.990,,,6.917,,1.000,1.000,False,,False,,,0.600,fehlt (0.6 angenommen),0.956,0.043,0.058,2.222,0.375,mittel,,68
00-0040158,David Walker,TB,GB,LB,LB,3.000,2026-10-04 19:00:00+02:00,2026_04_GB_TB,-3.000,17.750,3.207,0.369,3,1.000,1.022,3.232,0.030,0.035,0.990,,,6.000,,0.320,0.080,False,,False,,,0.600,fehlt (0.6 angenommen),0.588,0.029,0.000,1.344,0.569,hoch,,68
00-0040159,Lathan Ransom,CAR,DET,DB,DB,2.000,2026-10-05 02:20:00+02:00,2026_04_DET_CAR,-3.500,24.000,5.502,3.100,3,1.000,0.933,4.916,0.054,0.021,0.990,,,3.833,,1.000,0.490,False,,False,,,0.600,fehlt (0.6 angenommen),0.897,0.052,0.050,2.022,0.384,mittel,,68
00-0040164,Jaylin Lane,WAS,IND,WR,WR,1.000,2026-10-04 15:30:00+02:00,2026_04_IND_WAS,-4.500,21.000,1.606,2.377,3,1.037,1.085,1.535,0.000,0.000,0.990,,,0.833,0.535,0.070,0.205,False,0.298,True,QB1 Jayden Daniels fehlt (×0.85),,0.600,fehlt (0.6 angenommen),0.547,0.000,0.000,1.139,0.510,hoch,QB-Wechsel; QB1 Jayden Daniels fehlt (×0.85),25
00-0040165,Malachi Moore,NYJ,CHI,DB,DB,2.000,2026-10-04 19:00:00+02:00,2026_04_NYJ_CHI,-3.500,20.000,3.043,4.971,3,1.000,0.951,2.898,0.051,0.030,0.990,,,0.667,,0.000,0.080,False,,False,Gegner ohne QB1 (INT-Rate ×1.3),,0.600,fehlt (0.6 angenommen),0.535,0.050,0.000,1.184,0.635,hoch,Gegner ohne QB1 (INT-Rate ×1.3),68
00-0040168,Que Robinson,DEN,SF,LB,LB,2.000,2026-10-04 22:25:00+02:00,2026_04_DEN_SF,-3.000,22.750,3.403,2.958,3,1.000,0.945,3.221,0.029,0.033,0.990,,,3.833,,0.410,0.390,False,,False,,,0.600,fehlt (0.6 angenommen),0.596,0.028,0.000,1.404,0.566,hoch,,68
00-0040169,Tonka Hemingway,LV,KC,DL,DL,1.000,2026-10-04 22:25:00+02:00,2026_04_KC_LV,-4.500,21.500,4.651,5.688,3,1.000,1.034,4.808,0.005,0.033,0.990,,,3.333,,0.530,0.655,False,,False,,,0.600,fehlt (0.6 angenommen),0.892,0.005,0.000,2.282,0.467,hoch,,68
00-0040170,Elic Ayomanor,TEN,BAL,WR,WR,3.000,2026-10-04 19:00:00+02:00,2026_04_TEN_BAL,-11.500,15.500,4.182,3.750,3,0.921,1.070,4.119,0.000,0.000,0.990,,,5.033,4.970,0.800,0.525,True,0.063,False,,,0.600,fehlt (0.6 angenommen),1.118,0.000,0.209,2.197,0.235,mittel,Rolle↓,25
00-0040171,Joshua Farmer,NE,BUF,DL,DL,3.000,2026-10-04 19:00:00+02:00,2026_04_NE_BUF,-7.000,21.250,1.868,1.654,3,1.000,0.926,1.727,0.004,0.031,0.990,,,2.167,0.000,0.390,0.260,False,,False,,,0.600,fehlt (0.6 angenommen),0.329,0.004,0.000,0.812,0.790,hoch,,68
00-0040172,Jordan Watkins,SF,DEN,WR,WR,2.000,2026-10-04 22:25:00+02:00,2026_04_DEN_SF,3.000,25.750,1.810,1.007,1,0.992,0.912,1.637,0.000,0.000,0.990,,,6.000,2.440,0.280,,False,,False,,,0.600,fehlt (0.6 angenommen),0.583,0.000,0.000,1.191,0.473,hoch,,25
00-0040173,Tyrion Ingram-Dawkins,MIN,MIA,DL,DL,2.000,2026-10-04 22:05:00+02:00,2026_04_MIA_MIN,10.000,24.250,2.048,1.308,3,1.000,1.062,2.182,0.005,0.021,0.990,,,2.833,,0.740,0.390,False,,False,,,0.600,fehlt (0.6 angenommen),0.401,0.005,0.000,0.978,0.711,hoch,,68
00-0040174,Cam Jackson,CAR,DET,DL,DL,2.000,2026-10-05 02:20:00+02:00,2026_04_DET_CAR,-3.500,24.000,0.714,0.286,1,1.000,0.922,0.641,0.004,0.023,0.750,Questionable,Knee,2.000,,0.540,,False,,False,,,0.600,fehlt (0.6 angenommen),0.126,0.004,0.000,0.344,0.957,hoch,Questionable (Knee),68
00-0040175,Jordan Phillips,MIA,MIN,DL,DL,,2026-10-04 22:05:00+02:00,2026_04_MIA_MIN,-10.000,14.250,1.244,0.588,3,1.000,1.101,1.379,0.005,0.020,0.990,,,1.667,,0.670,0.600,False,,False,,,0.600,fehlt (0.6 angenommen),0.270,0.005,0.000,0.641,0.842,hoch,,68
00-0040177,Jordan James,SF,DEN,RB,RB,3.000,2026-10-04 22:25:00+02:00,2026_04_DEN_SF,3.000,25.750,0.683,0.346,1,0.992,0.995,0.674,0.000,0.000,0.990,,,1.500,1.890,0.150,,False,,False,,,0.600,fehlt (0.6 angenommen),0.452,0.000,0.000,1.071,0.597,hoch,,12
00-0040178,Jason Marshall Jr.,MIA,MIN,DB,DB,1.000,2026-10-04 22:05:00+02:00,2026_04_MIA_MIN,-10.000,14.250,5.431,3.600,3,1.000,1.006,5.663,0.105,0.022,0.990,,,3.333,,0.670,0.940,True,,False,,,0.600,fehlt (0.6 angenommen),0.978,0.100,0.064,2.269,0.362,mittel,Rolle↓,68
00-0040179,DJ Giddens,IND,WAS,RB,RB,3.000,2026-10-04 15:30:00+02:00,2026_04_IND_WAS,4.500,25.500,2.250,2.250,0,1.104,0.980,2.434,0.000,0.000,0.990,,,,,,,False,,False,,,0.000,0 (noch kein Saisonspiel),0.813,0.000,0.000,1.634,0.346,mittel,keine Spiele 2026,12
00-0040182,Dante Trader Jr.,MIA,MIN,DB,DB,2.000,2026-10-04 22:05:00+02:00,2026_04_MIA_MIN,-10.000,14.250,5.735,2.656,3,1.000,1.006,5.993,0.118,0.031,0.990,,,7.000,,1.000,0.620,False,,False,,,0.600,fehlt (0.6 angenommen),1.033,0.111,0.077,2.425,0.345,mittel,,68
00-0040183,Elijah Roberts,TB,GB,DL,DL,2.000,2026-10-04 19:00:00+02:00,2026_04_GB_TB,-3.000,17.750,2.283,2.206,3,1.000,0.850,1.934,0.004,0.030,0.990,,,2.000,,0.290,0.270,False,,False,,,0.600,fehlt (0.6 angenommen),0.387,0.004,0.000,0.929,0.735,hoch,,68
00-0040185,Marques Sigle,SF,DEN,DB,DB,1.000,2026-10-04 22:25:00+02:00,2026_04_DEN_SF,3.000,25.750,5.628,3.538,3,1.000,1.016,5.752,0.059,0.032,0.990,,,4.833,,0.830,1.000,False,,False,,,0.600,fehlt (0.6 angenommen),1.049,0.057,0.096,2.369,0.319,mittel,,68
00-0040186,Francisco Mauigoa,NYJ,CHI,LB,LB,1.000,2026-10-04 19:00:00+02:00,2026_04_NYJ_CHI,-3.500,20.000,1.333,1.333,0,1.000,1.028,1.372,0.029,0.033,0.000,Out,Quadricep,,,,,False,,False,Gegner ohne QB1 (INT-Rate ×1.3),,0.000,0 (noch kein Saisonspiel),0.000,0.028,0.000,0.000,1.000,hoch,Out (Quadricep); keine Spiele 2026; Gegner ohne QB1 (INT-Rate ×1.3),68
00-0040187,Mitchell Evans,CAR,DET,TE,TE,3.000,2026-10-05 02:20:00+02:00,2026_04_DET_CAR,-3.500,24.000,1.841,1.500,3,1.036,1.150,2.193,0.000,0.000,0.990,,,1.933,2.533,0.270,0.490,True,-0.600,False,,,0.600,fehlt (0.6 angenommen),0.604,0.000,0.000,1.273,0.474,hoch,Rolle↓,7
00-0040189,Oronde Gadsden II,LAC,SEA,TE,TE,2.000,2026-10-04 22:25:00+02:00,2026_04_LAC_SEA,-7.000,17.750,3.102,3.212,3,0.831,0.987,2.543,0.000,0.000,0.990,,,3.667,2.447,0.570,0.310,False,1.220,False,,,0.600,fehlt (0.6 angenommen),0.654,0.000,0.000,1.365,0.441,hoch,,7
00-0040194,Jackson Hawes,BUF,NE,TE,TE,3.000,2026-10-04 19:00:00+02:00,2026_04_NE_BUF,7.000,28.250,1.017,1.500,3,1.019,0.881,0.912,0.000,0.000,0.990,,,0.000,0.687,0.380,0.465,False,-0.687,False,,,0.600,fehlt (0.6 angenommen),0.350,0.000,0.000,0.808,0.698,hoch,,7
00-0040195,Denzel Burke,ARI,NYG,DB,DB,1.000,2026-10-04 19:00:00+02:00,2026_04_ARI_NYG,2.500,23.000,6.128,6.893,3,1.000,1.012,6.023,0.105,0.021,0.990,,,4.000,,0.980,0.820,False,,False,,,0.600,fehlt (0.6 angenommen),1.129,0.099,0.102,2.583,0.308,mittel,,68
00-0040198,Ollie Gordon II,MIA,MIN,RB,RB,2.000,2026-10-04 22:05:00+02:00,2026_04_MIA_MIN,-10.000,14.250,4.540,2.933,2,0.895,0.884,3.591,0.000,0.000,0.990,,,6.100,7.095,0.840,0.190,False,-0.995,False,,,0.600,fehlt (0.6 angenommen),1.019,0.000,0.069,1.972,0.263,mittel,,12
00-0040199,JJ Pegues,LV,KC,DL,DL,2.000,2026-10-04 22:25:00+02:00,2026_04_KC_LV,-4.500,21.500,1.778,1.778,0,1.000,1.034,1.838,0.006,0.035,0.990,,,,,,,False,,False,,,0.000,0 (noch kein Saisonspiel),0.355,0.006,0.000,0.863,0.772,hoch,keine Spiele 2026,68
00-0040200,Andy Borregales,NE,BUF,K,K,1.000,2026-10-04 19:00:00+02:00,2026_04_NE_BUF,-7.000,21.250,8.091,8.412,3,0.988,0.963,7.696,0.000,0.000,0.990,,,6.667,,0.000,0.000,False,,False,,,0.600,fehlt (0.6 angenommen),2.632,0.000,0.000,5.690,0.185,tief,,7
00-0040201,Marcus Harris,TEN,BAL,DB,DB,1.000,2026-10-04 19:00:00+02:00,2026_04_TEN_BAL,-11.500,15.500,6.468,3.136,3,1.000,0.888,5.618,0.094,0.022,0.990,,,11.167,,0.530,0.585,False,,False,,,0.600,fehlt (0.6 angenommen),0.984,0.090,0.085,2.282,0.353,mittel,,68
00-0040204,Jaylen Reed,NE,BUF,DB,DB,2.000,2026-10-04 19:00:00+02:00,2026_04_NE_BUF,-7.000,21.250,5.400,3.815,2,1.000,1.020,5.461,0.075,0.036,0.990,,,2.250,,0.840,0.400,False,,False,,,0.600,fehlt (0.6 angenommen),0.968,0.073,0.059,2.299,0.356,mittel,,68
00-0040206,Riley Leonard,IND,WAS,QB,QB,3.000,2026-10-04 15:30:00+02:00,2026_04_IND_WAS,4.500,25.500,4.165,4.165,0,1.120,1.150,5.365,0.000,0.000,0.990,,,,,,,False,,False,,,0.000,0 (noch kein Saisonspiel),0.221,0.000,0.000,0.839,0.824,hoch,keine Spiele 2026,6
00-0040207,Tim Smith,IND,WAS,DL,DL,3.000,2026-10-04 15:30:00+02:00,2026_04_IND_WAS,4.500,25.500,0.594,0.351,2,1.000,0.880,0.527,0.008,0.025,0.990,,,1.000,,0.190,0.190,False,,False,Gegner ohne QB1 (INT-Rate ×1.3),,0.600,fehlt (0.6 angenommen),0.160,0.008,0.000,0.370,0.947,hoch,Gegner ohne QB1 (INT-Rate ×1.3),68
00-0040208,Tahj Brooks,CIN,JAX,RB,RB,3.000,2026-10-04 19:00:00+02:00,2026_04_JAX_CIN,2.500,27.000,0.377,0.603,2,1.068,0.869,0.350,0.000,0.000,0.990,,,0.000,,0.000,0.030,False,,False,,,0.600,fehlt (0.6 angenommen),0.396,0.000,0.000,0.992,0.648,hoch,,12
00-0040209,Jalen McLeod,JAX,CIN,LB,LB,4.000,2026-10-04 19:00:00+02:00,2026_04_JAX_CIN,-2.500,24.500,0.334,0.112,1,1.000,0.978,0.343,0.041,0.037,0.990,,,1.000,,0.000,,False,,False,,,0.600,fehlt (0.6 angenommen),0.218,0.040,0.000,0.431,0.916,hoch,,68
00-0040213,Rayuan Lane III,JAX,CIN,DB,DB,2.000,2026-10-04 19:00:00+02:00,2026_04_JAX_CIN,-2.500,24.500,1.158,1.833,3,1.000,1.065,1.255,0.055,0.031,0.990,,,0.333,0.000,0.140,0.060,False,,False,,,0.600,fehlt (0.6 angenommen),0.267,0.054,0.000,0.533,0.892,hoch,,68
00-0040215,Gavin Bartholomew,MIN,MIA,TE,TE,2.000,2026-10-04 22:05:00+02:00,2026_04_MIA_MIN,10.000,24.250,2.000,2.000,0,1.044,1.138,2.375,0.000,0.000,0.990,,,,,,,False,,False,,,0.000,0 (noch kein Saisonspiel),0.604,0.000,0.000,1.278,0.482,hoch,keine Spiele 2026,7
00-0040216,Kain Medrano,WAS,IND,LB,LB,2.000,2026-10-04 15:30:00+02:00,2026_04_IND_WAS,-4.500,21.000,7.927,3.250,2,1.000,0.973,7.847,0.108,0.046,0.990,,,14.250,,0.660,0.000,False,,False,,,0.600,fehlt (0.6 angenommen),1.454,0.102,0.155,3.161,0.244,mittel,,68
00-0040221,R.J. Mickens,LAC,SEA,DB,DB,3.000,2026-10-04 22:25:00+02:00,2026_04_LAC_SEA,-7.000,17.750,5.144,2.345,2,1.000,0.981,5.102,0.118,0.022,0.990,,,2.500,,0.500,0.430,False,,False,,,0.600,fehlt (0.6 angenommen),0.907,0.112,0.026,2.290,0.411,hoch,,68
00-0040223,Jeremy Crawshaw,DEN,SF,P,P,1.000,2026-10-04 22:25:00+02:00,2026_04_DEN_SF,-3.000,22.750,18.680,21.018,3,0.983,0.958,17.584,0.000,0.000,0.990,,,23.300,,,,False,,False,,,0.600,fehlt (0.6 angenommen),1.351,0.000,0.498,2.351,0.101,tief,,4
00-0040225,Thomas Fidone II,NYG,ARI,TE,TE,4.000,2026-10-04 19:00:00+02:00,2026_04_ARI_NYG,-2.500,20.500,0.500,0.500,0,0.989,1.150,0.569,0.000,0.000,0.990,,,,,,,False,,False,,,0.000,0 (noch kein Saisonspiel),0.300,0.000,0.000,0.727,0.753,hoch,keine Spiele 2026,7
00-0040228,Cody Lindenberg,LV,KC,LB,LB,2.000,2026-10-04 22:25:00+02:00,2026_04_KC_LV,-4.500,21.500,0.500,0.667,1,1.000,0.939,0.468,0.032,0.034,0.990,,,0.000,,0.000,,False,,False,,,0.600,fehlt (0.6 angenommen),0.212,0.031,0.000,0.420,0.917,hoch,,68
00-0040234,Quinn Ewers,JAX,CIN,QB,QB,2.000,2026-10-04 19:00:00+02:00,2026_04_JAX_CIN,-2.500,24.500,11.076,6.000,0,1.023,1.044,11.827,0.000,0.000,0.990,,,,,,,False,,False,,,0.000,0 (noch kein Saisonspiel),1.324,0.000,0.000,3.247,0.372,mittel,keine Spiele 2026,6
00-0040235,Hunter Wohler,IND,WAS,DB,DB,2.000,2026-10-04 15:30:00+02:00,2026_04_IND_WAS,4.500,25.500,2.304,2.554,2,1.000,0.914,2.160,0.091,0.025,0.990,,,2.000,,0.310,0.520,True,,False,Gegner ohne QB1 (INT-Rate ×1.3),,0.600,fehlt (0.6 angenommen),0.411,0.087,0.000,1.647,0.794,hoch,Rolle↓; Gegner ohne QB1 (INT-Rate ×1.3),68
00-0040236,Kyle Monangai,CHI,NYJ,RB,RB,2.000,2026-10-04 19:00:00+02:00,2026_04_NYJ_CHI,3.500,23.500,6.527,6.000,3,1.002,1.129,6.937,0.000,0.000,0.990,,,9.100,6.507,0.310,0.385,True,2.593,True,QB1 Caleb Williams fehlt (×0.94),,0.600,fehlt (0.6 angenommen),1.866,0.000,0.376,3.564,0.126,tief,Rolle↓; QB-Wechsel; QB1 Caleb Williams fehlt (×0.94),12
00-0040237,Tez Johnson,TB,GB,WR,WR,2.000,2026-10-04 19:00:00+02:00,2026_04_GB_TB,-3.000,17.750,3.441,3.809,3,0.869,1.037,2.635,0.000,0.000,0.990,,,1.767,4.260,0.230,0.260,True,-2.493,False,QB1 Baker Mayfield fehlt (×0.85),,0.600,fehlt (0.6 angenommen),0.837,0.000,0.083,1.658,0.328,mittel,Rolle↓; QB1 Baker Mayfield fehlt (×0.85),25
00-0040238,LeQuint Allen Jr.,JAX,CIN,RB,RB,3.000,2026-10-04 19:00:00+02:00,2026_04_JAX_CIN,-2.500,24.500,1.099,1.006,2,1.020,1.057,1.184,0.000,0.000,0.990,,,0.450,2.115,0.180,0.150,True,-1.665,False,,,0.600,fehlt (0.6 angenommen),0.557,0.000,0.000,1.237,0.507,hoch,Rolle↓,12
00-0040242,Jacory Croskey-Merritt,WAS,IND,RB,RB,1.000,2026-10-04 15:30:00+02:00,2026_04_IND_WAS,-4.500,21.000,7.473,7.451,3,1.037,1.033,7.528,0.000,0.000,0.990,,,6.900,8.650,0.570,0.430,False,-1.750,True,QB1 Jayden Daniels fehlt (×0.94),,0.600,fehlt (0.6 angenommen),1.987,0.000,0.439,3.800,0.114,tief,QB-Wechsel; QB1 Jayden Daniels fehlt (×0.94),12
00-0040248,Zeek Biggers,MIA,MIN,DL,DL,2.000,2026-10-04 22:05:00+02:00,2026_04_MIA_MIN,-10.000,14.250,1.144,1.594,3,1.000,1.101,1.271,0.006,0.022,0.990,,,0.667,,0.480,0.645,True,,False,,,0.600,fehlt (0.6 angenommen),0.251,0.006,0.000,0.590,0.862,hoch,Rolle↓,68
00-0040265,Ja'Seem Reed,CAR,DET,WR,WR,6.000,2026-10-05 02:20:00+02:00,2026_04_DET_CAR,-3.500,24.000,0.600,0.600,0,1.036,1.123,0.698,0.000,0.000,0.990,,,,,,,False,,False,,,0.000,0 (noch kein Saisonspiel),0.362,0.000,0.000,0.807,0.686,hoch,keine Spiele 2026,25
00-0040277,Jahdae Walker,CHI,NYJ,WR,WR,5.000,2026-10-04 19:00:00+02:00,2026_04_NYJ_CHI,3.500,23.500,2.574,1.812,1,1.002,0.975,2.137,0.000,0.000,0.990,,,6.100,3.620,0.450,,False,,True,QB1 Caleb Williams fehlt (×0.85),,0.600,fehlt (0.6 angenommen),0.690,0.000,0.014,1.394,0.407,hoch,QB-Wechsel; QB1 Caleb Williams fehlt (×0.85),25
00-0040279,Ryan Fitzgerald,CAR,DET,K,K,1.000,2026-10-05 02:20:00+02:00,2026_04_DET_CAR,-3.500,24.000,8.275,6.118,3,1.031,0.934,7.970,0.000,0.000,0.990,,,11.000,,0.000,0.005,False,,False,,,0.300,Pool,2.901,0.000,0.040,6.159,0.167,tief,,7
00-0040318,Ale Kaho,WAS,IND,LB,LB,2.000,2026-10-04 15:30:00+02:00,2026_04_IND_WAS,-4.500,21.000,1.167,1.000,2,1.000,0.973,1.182,0.038,0.035,0.990,,,1.500,,0.030,0.000,False,,False,,,0.600,fehlt (0.6 angenommen),0.267,0.037,0.000,0.528,0.892,hoch,,68
00-0040326,Branson Combs,JAX,CIN,LB,LB,2.000,2026-10-04 19:00:00+02:00,2026_04_JAX_CIN,-2.500,24.500,1.541,0.714,3,1.000,0.978,1.518,0.029,0.033,0.990,,,3.167,,0.160,0.250,False,,False,,,0.600,fehlt (0.6 angenommen),0.305,0.028,0.000,0.638,0.844,hoch,,68
00-0040331,Patrick Herbert,LAC,SEA,TE,TE,4.000,2026-10-04 22:25:00+02:00,2026_04_LAC_SEA,-7.000,17.750,0.500,0.500,0,0.831,0.987,0.410,0.000,0.000,0.990,,,,,,,False,,False,,,0.000,0 (noch kein Saisonspiel),0.275,0.000,0.000,0.677,0.783,hoch,keine Spiele 2026,7
00-0040336,Jabbar Muhammad,JAX,CIN,DB,DB,3.000,2026-10-04 19:00:00+02:00,2026_04_JAX_CIN,-2.500,24.500,1.500,1.500,0,1.000,1.065,1.638,0.104,0.027,0.990,,,,,,,False,,False,,,0.000,0 (noch kein Saisonspiel),0.356,0.099,0.000,1.749,0.856,hoch,keine Spiele 2026,68
00-0040342,Danny Striggow,JAX,CIN,DL,DL,2.000,2026-10-04 19:00:00+02:00,2026_04_JAX_CIN,-2.500,24.500,1.358,1.917,3,1.000,1.014,1.380,0.005,0.032,0.990,,,0.667,,0.300,0.330,False,,False,,,0.600,fehlt (0.6 angenommen),0.286,0.005,0.000,0.668,0.830,hoch,,68
00-0040363,Keleki Latu,BUF,NE,TE,TE,4.000,2026-10-04 19:00:00+02:00,2026_04_NE_BUF,7.000,28.250,0.469,0.750,2,1.019,0.881,0.421,0.000,0.000,0.990,,,0.000,,0.080,0.070,False,,False,,,0.600,fehlt (0.6 angenommen),0.272,0.000,0.000,0.683,0.788,hoch,,7
00-0040372,Bralyn Lux,CIN,JAX,DB,DB,3.000,2026-10-04 19:00:00+02:00,2026_04_JAX_CIN,2.500,27.000,1.500,1.500,0,1.000,1.036,1.551,0.095,0.026,0.990,,,,,,,False,,False,,,0.000,0 (noch kein Saisonspiel),0.328,0.091,0.000,1.551,0.866,hoch,keine Spiele 2026,68
00-0040384,Elijah Simmons,TB,GB,DL,DL,2.000,2026-10-04 19:00:00+02:00,2026_04_GB_TB,-3.000,17.750,1.893,0.857,1,1.000,0.850,1.601,0.005,0.023,0.990,,,5.000,,0.150,,False,,False,,,0.600,fehlt (0.6 angenommen),0.317,0.005,0.000,0.764,0.793,hoch,,68
00-0040390,Jackson Meeks,DET,CAR,TE,TE,3.000,2026-10-05 02:20:00+02:00,2026_04_DET_CAR,3.500,27.500,0.396,0.231,1,1.010,1.066,0.426,0.000,0.000,0.990,,,0.800,0.980,0.150,,False,,False,,,0.600,fehlt (0.6 angenommen),0.276,0.000,0.000,0.687,0.787,hoch,,7
00-0040394,Anthony Tyus III,CAR,DET,RB,RB,2.000,2026-10-05 02:20:00+02:00,2026_04_DET_CAR,-3.500,24.000,0.450,0.600,1,1.036,0.934,0.435,0.000,0.000,0.990,,,0.000,,0.000,,False,,False,,,0.600,fehlt (0.6 angenommen),0.410,0.000,0.000,1.017,0.634,hoch,,12
00-0040398,Brady Cook,MIA,MIN,QB,QB,3.000,2026-10-04 22:05:00+02:00,2026_04_MIA_MIN,-10.000,14.250,10.359,4.567,0,0.881,0.861,7.858,0.000,0.000,0.990,,,,,,,False,,False,,,0.000,0 (noch kein Saisonspiel),0.536,0.000,0.000,1.651,0.638,hoch,keine Spiele 2026,6
00-0040405,Jamaal Pritchett,NYJ,CHI,WR,WR,5.000,2026-10-04 19:00:00+02:00,2026_04_NYJ_CHI,-3.500,20.000,0.068,0.090,1,0.993,1.056,0.071,0.000,0.000,0.990,,,0.000,,0.000,,False,,False,,,0.600,fehlt (0.6 angenommen),0.237,0.000,0.000,0.607,0.837,hoch,,25
00-0040434,Trace Ford,NYG,ARI,LB,LB,2.000,2026-10-04 19:00:00+02:00,2026_04_ARI_NYG,-2.500,20.500,4.000,4.000,0,1.000,1.018,4.021,0.038,0.038,0.990,,,,,,,False,,False,,,0.000,0 (noch kein Saisonspiel),0.754,0.037,0.000,1.820,0.471,hoch,keine Spiele 2026,68
00-0040449,Karene Reid,DEN,SF,LB,LB,2.000,2026-10-04 22:25:00+02:00,2026_04_DEN_SF,-3.000,22.750,0.750,1.000,1,1.000,0.945,0.714,0.035,0.035,0.990,,,0.000,,0.000,,False,,False,,,0.600,fehlt (0.6 angenommen),0.215,0.034,0.000,0.407,0.917,hoch,,68
00-0040458,TeRah Edwards,CAR,DET,DL,DL,2.000,2026-10-05 02:20:00+02:00,2026_04_DET_CAR,-3.500,24.000,1.042,1.410,3,1.000,0.922,0.941,0.005,0.024,0.990,,,0.667,,0.230,0.435,True,,False,,,0.600,fehlt (0.6 angenommen),0.217,0.005,0.000,0.496,0.902,hoch,Rolle↓,68
00-0040460,Marlowe Wax,LAC,SEA,LB,LB,2.000,2026-10-04 22:25:00+02:00,2026_04_LAC_SEA,-7.000,17.750,1.167,1.167,0,1.000,1.121,1.322,0.030,0.033,0.990,,,,,,,False,,False,,,0.000,0 (noch kein Saisonspiel),0.262,0.029,0.000,0.536,0.886,hoch,keine Spiele 2026,68
00-0040464,DJ Uiagalelei,LAC,SEA,QB,QB,3.000,2026-10-04 22:25:00+02:00,2026_04_LAC_SEA,-7.000,17.750,2.000,2.000,0,0.809,0.906,1.466,0.000,0.000,0.990,,,,,,,False,,False,,,0.000,0 (noch kein Saisonspiel),0.014,0.000,0.000,0.000,0.990,hoch,keine Spiele 2026,6
00-0040471,Nikko Reed,NYG,ARI,DB,DB,3.000,2026-10-04 19:00:00+02:00,2026_04_ARI_NYG,-2.500,20.500,1.125,1.167,1,1.000,0.955,0.976,0.073,0.025,0.990,,,1.000,,0.000,,False,,False,,,0.600,fehlt (0.6 angenommen),0.255,0.070,0.000,0.531,0.895,hoch,,68
00-0040494,Max Brosmer,MIN,MIA,QB,QB,3.000,2026-10-04 22:05:00+02:00,2026_04_MIA_MIN,10.000,24.250,9.068,1.984,0,1.050,1.066,10.153,0.000,0.000,0.990,,,,,,,False,,False,,,0.000,0 (noch kein Saisonspiel),0.927,0.000,0.000,2.449,0.470,hoch,keine Spiele 2026,6
00-0040496,Chaz Chambliss,MIN,MIA,LB,LB,2.000,2026-10-04 22:05:00+02:00,2026_04_MIA_MIN,10.000,24.250,1.646,2.300,2,1.000,0.935,1.587,0.036,0.034,0.990,,,0.500,,0.000,0.000,False,,False,,,0.600,fehlt (0.6 angenommen),0.314,0.035,0.000,0.639,0.853,hoch,,68
00-0040506,Myles Price,MIN,MIA,WR,WR,1.000,2026-10-04 22:05:00+02:00,2026_04_MIA_MIN,10.000,24.250,1.141,0.000,3,1.044,0.934,1.112,0.000,0.000,0.990,,,2.000,0.520,0.070,0.275,False,,True,,,0.600,fehlt (0.6 angenommen),0.436,0.000,0.000,0.912,0.612,hoch,QB-Wechsel,25
00-0040507,Zemaiah Vaughn,MIN,MIA,DB,DB,2.000,2026-10-04 22:05:00+02:00,2026_04_MIA_MIN,10.000,24.250,4.000,4.000,0,1.000,1.034,4.292,0.115,0.027,0.990,,,,,,,False,,False,,,0.000,0 (noch kein Saisonspiel),0.763,0.109,0.000,2.112,0.498,hoch,keine Spiele 2026,68
00-0040556,Corey Kiner,NE,BUF,RB,RB,2.000,2026-10-04 19:00:00+02:00,2026_04_NE_BUF,-7.000,21.250,1.918,1.889,3,0.986,1.110,2.099,0.000,0.000,0.990,,,1.267,2.443,0.130,0.090,False,-1.177,False,,,0.600,fehlt (0.6 angenommen),0.730,0.000,0.000,1.517,0.392,mittel,,12
00-0040560,Sebastian Valdez,SF,DEN,DL,DL,3.000,2026-10-04 22:25:00+02:00,2026_04_DEN_SF,3.000,25.750,0.762,0.683,1,1.000,0.961,0.737,0.008,0.025,0.990,,,1.000,,0.370,,False,,False,,,0.600,fehlt (0.6 angenommen),0.191,0.008,0.000,0.434,0.925,hoch,,68
00-0040563,Efton Chism III,NE,BUF,WR,WR,3.000,2026-10-04 19:00:00+02:00,2026_04_NE_BUF,-7.000,21.250,1.137,1.136,2,0.986,1.001,1.122,0.000,0.000,0.990,,,0.270,1.830,0.250,0.180,False,-1.560,False,,,0.600,fehlt (0.6 angenommen),0.448,0.000,0.000,0.942,0.594,hoch,,25
00-0040574,Elijah Ponder,NE,BUF,LB,LB,1.000,2026-10-04 19:00:00+02:00,2026_04_NE_BUF,-7.000,21.250,6.288,3.733,3,1.000,1.014,6.361,0.021,0.070,0.990,,,8.917,,0.820,0.775,False,,False,,,0.600,fehlt (0.6 angenommen),1.144,0.021,0.070,2.610,0.322,mittel,,68
00-0040580,Josaiah Stewart,LA,PHI,LB,LB,2.000,2026-10-04 19:00:00+02:00,2026_04_LA_PHI,3.500,23.000,4.412,2.088,3,1.000,0.995,4.399,0.023,0.029,0.750,Questionable,Groin,0.667,,0.780,0.610,False,,False,,,0.600,fehlt (0.6 angenommen),0.617,0.022,0.000,1.611,0.560,hoch,Questionable (Groin),68
00-0040583,Woody Marks,HOU,DAL,RB,RB,2.000,2026-10-04 19:00:00+02:00,2026_04_DAL_HOU,3.000,25.750,6.030,6.000,3,1.074,1.086,7.036,0.000,0.000,0.990,,,5.200,6.557,0.370,0.495,True,-1.357,False,,,0.600,fehlt (0.6 angenommen),1.878,0.000,0.369,3.601,0.129,tief,Rolle↓,12
00-0040584,Gunnar Helm,TEN,BAL,TE,TE,1.000,2026-10-04 19:00:00+02:00,2026_04_TEN_BAL,-11.500,15.500,2.729,3.016,3,0.921,0.919,2.310,0.000,0.000,0.990,,,1.833,3.043,0.820,0.815,False,-1.210,False,,,0.600,fehlt (0.6 angenommen),0.591,0.000,0.000,1.239,0.482,hoch,,7
00-0040585,Ty Hamilton,LA,PHI,DL,DL,2.000,2026-10-04 19:00:00+02:00,2026_04_LA_PHI,3.500,23.000,0.226,0.077,3,1.000,0.949,0.217,0.005,0.021,0.990,,,0.333,0.000,0.130,0.160,False,,False,,,0.600,fehlt (0.6 angenommen),0.132,0.005,0.000,0.316,0.961,hoch,,68
00-0040589,Kurtis Rourke,SF,DEN,QB,QB,3.000,2026-10-04 22:25:00+02:00,2026_04_DEN_SF,3.000,25.750,2.000,2.000,0,0.990,0.955,1.891,0.000,0.000,0.990,,,,,,,False,,False,,,0.000,0 (noch kein Saisonspiel),0.019,0.000,0.000,0.000,0.988,hoch,keine Spiele 2026,6
00-0040590,Konata Mumpfield,LA,PHI,WR,WR,4.000,2026-10-04 19:00:00+02:00,2026_04_LA_PHI,3.500,23.000,3.237,1.307,3,0.967,0.979,3.065,0.000,0.000,0.990,,,5.500,3.967,0.730,0.475,False,1.533,False,,,0.600,fehlt (0.6 angenommen),0.919,0.000,0.111,1.812,0.300,mittel,,25
00-0040598,Mark Redman,GB,TB,TE,TE,3.000,2026-10-04 19:00:00+02:00,2026_04_GB_TB,3.000,20.750,0.218,0.395,3,0.936,1.119,0.228,0.000,0.000,0.990,,,0.000,0.000,0.120,0.325,True,0.000,False,,,0.600,fehlt (0.6 angenommen),0.250,0.000,0.000,0.647,0.815,hoch,Rolle↓,7
00-0040613,Shaun Dolac,LA,PHI,LB,LB,2.000,2026-10-04 19:00:00+02:00,2026_04_LA_PHI,3.500,23.000,1.958,1.667,2,1.000,0.995,1.959,0.027,0.032,0.990,,,2.500,,0.000,0.290,False,,False,,,0.600,fehlt (0.6 angenommen),0.374,0.026,0.000,0.814,0.775,hoch,,68
00-0040621,Montorie Foster Jr,SEA,LAC,WR,WR,5.000,2026-10-04 22:25:00+02:00,2026_04_LAC_SEA,7.000,24.750,0.068,0.090,1,1.029,0.971,0.067,0.000,0.000,0.990,,,0.000,,0.000,,False,,True,,,0.600,fehlt (0.6 angenommen),0.227,0.000,0.000,0.600,0.845,hoch,QB-Wechsel,25
00-0040624,Elijah Williams,MIN,MIA,DL,DL,2.000,2026-10-04 22:05:00+02:00,2026_04_MIA_MIN,10.000,24.250,1.500,1.500,0,1.000,1.062,1.604,0.008,0.025,0.990,,,,,,,False,,False,,,0.000,0 (noch kein Saisonspiel),0.305,0.008,0.000,0.738,0.810,hoch,keine Spiele 2026,68
00-0040634,Jordan Turner,DEN,SF,LB,LB,2.000,2026-10-04 22:25:00+02:00,2026_04_DEN_SF,-3.000,22.750,0.256,0.250,3,1.000,0.945,0.246,0.031,0.034,0.990,,,0.333,,0.010,0.015,False,,False,,,0.600,fehlt (0.6 angenommen),0.194,0.030,0.000,0.398,0.926,hoch,,68
00-0040636,Keyon Martin,BAL,TEN,DB,DB,2.000,2026-10-04 19:00:00+02:00,2026_04_TEN_BAL,11.500,27.000,3.125,3.500,1,1.000,0.938,2.792,0.056,0.024,0.990,,,2.000,,0.430,,False,,False,,,0.600,fehlt (0.6 angenommen),0.492,0.055,0.000,1.111,0.676,hoch,,68
00-0040640,Ashton Gillotte,KC,LV,DL,DL,2.000,2026-10-04 22:25:00+02:00,2026_04_KC_LV,4.500,26.000,1.751,2.309,3,1.000,1.087,1.973,0.032,0.020,0.990,,,1.000,,0.480,0.350,False,,False,,,0.600,fehlt (0.6 angenommen),0.388,0.032,0.000,0.925,0.752,hoch,,68
00-0040641,Darien Porter,LV,KC,DB,DB,2.000,2026-10-04 22:25:00+02:00,2026_04_KC_LV,-4.500,21.500,5.352,3.321,2,1.000,0.925,4.949,0.057,0.032,0.990,,,3.000,,0.000,0.820,True,,False,,,0.600,fehlt (0.6 angenommen),0.915,0.055,0.070,2.140,0.376,mittel,Rolle↓,68
00-0040645,Cody Simon,ARI,NYG,LB,LB,2.000,2026-10-04 19:00:00+02:00,2026_04_ARI_NYG,2.500,23.000,1.969,2.883,2,1.000,0.942,1.819,0.020,0.031,0.990,,,0.500,,0.040,0.070,False,,False,,,0.600,fehlt (0.6 angenommen),0.355,0.020,0.000,0.766,0.789,hoch,,68
00-0040646,Jalen Royals,KC,LV,WR,WR,4.000,2026-10-04 22:25:00+02:00,2026_04_KC_LV,4.500,26.000,1.220,0.491,3,1.010,0.961,1.184,0.000,0.000,0.990,,,2.567,2.390,0.190,0.075,True,0.177,False,,,0.600,fehlt (0.6 angenommen),0.470,0.000,0.000,0.990,0.580,hoch,Rolle↓,25
00-0040647,Rylie Mills,SEA,LAC,DL,DL,2.000,2026-10-04 22:25:00+02:00,2026_04_LAC_SEA,7.000,24.750,0.919,0.333,3,1.000,1.053,0.982,0.007,0.023,0.990,,,2.000,0.000,0.220,0.265,False,,False,,,0.600,fehlt (0.6 angenommen),0.210,0.007,0.000,0.497,0.901,hoch,,68
00-0040648,Tory Horton,SEA,LAC,WR,WR,2.000,2026-10-04 22:25:00+02:00,2026_04_LAC_SEA,7.000,24.750,4.276,5.424,2,1.029,0.971,4.273,0.000,0.000,0.990,,,2.400,1.855,0.220,0.310,True,0.545,True,,,0.600,fehlt (0.6 angenommen),1.214,0.000,0.222,2.417,0.218,mittel,Rolle↓; QB-Wechsel,25
00-0040654,Kai Kroeger,HOU,DAL,P,P,1.000,2026-10-04 19:00:00+02:00,2026_04_DAL_HOU,3.000,25.750,17.653,14.771,3,0.912,0.850,13.687,0.000,0.000,0.990,,,22.533,,,,False,,False,,,0.600,fehlt (0.6 angenommen),1.054,0.000,0.387,1.828,0.161,tief,,4
00-0040662,Ty Robinson,PHI,LA,DL,DL,2.000,2026-10-04 19:00:00+02:00,2026_04_LA_PHI,-3.500,19.500,0.525,0.700,1,1.000,0.958,0.507,0.007,0.024,0.990,,,0.000,,0.170,,False,,False,,,0.600,fehlt (0.6 angenommen),0.162,0.007,0.000,0.378,0.944,hoch,,68
00-0040666,Omarion Hampton,LAC,SEA,RB,RB,1.000,2026-10-04 22:25:00+02:00,2026_04_LAC_SEA,-7.000,17.750,11.230,11.621,3,0.831,0.854,7.970,0.000,0.000,0.990,,,9.800,11.680,0.420,0.605,True,-1.880,False,,,0.600,fehlt (0.6 angenommen),2.057,0.000,0.479,3.881,0.105,tief,Rolle↓,12
00-0040667,Matthew Golden,GB,TB,WR,WR,2.000,2026-10-04 19:00:00+02:00,2026_04_GB_TB,3.000,20.750,6.788,3.311,3,0.936,0.979,6.218,0.000,0.000,0.990,,,10.433,11.277,0.820,0.840,False,-0.843,False,,,0.600,fehlt (0.6 angenommen),1.743,0.000,0.372,3.485,0.140,tief,,25
00-0040669,Isaac TeSlaa,DET,CAR,WR,WR,3.000,2026-10-05 02:20:00+02:00,2026_04_DET_CAR,3.500,27.500,3.590,3.348,3,1.010,0.885,3.207,0.000,0.000,0.990,,,3.067,4.000,0.480,0.715,True,-0.933,False,,,0.600,fehlt (0.6 angenommen),0.959,0.000,0.125,1.914,0.286,mittel,Rolle↓,25
00-0040670,Nohl Williams,KC,LV,DB,DB,1.000,2026-10-04 22:25:00+02:00,2026_04_KC_LV,4.500,26.000,6.030,3.588,3,1.000,1.051,6.474,0.065,0.021,0.990,,,8.000,,0.930,1.000,False,,False,,,0.600,fehlt (0.6 angenommen),1.189,0.063,0.150,2.560,0.272,mittel,,68
00-0040672,Tyleik Williams,DET,CAR,DL,DL,1.000,2026-10-05 02:20:00+02:00,2026_04_DET_CAR,3.500,27.500,1.418,1.559,3,1.000,0.991,1.406,0.004,0.020,0.990,,,1.333,0.000,0.450,0.515,False,,False,,,0.600,fehlt (0.6 angenommen),0.282,0.004,0.000,0.667,0.820,hoch,,68
00-0040673,Jalen Milroe,SEA,LAC,QB,QB,3.000,2026-10-04 22:25:00+02:00,2026_04_LAC_SEA,7.000,24.750,-0.067,-0.067,0,1.034,0.940,-0.065,0.000,0.000,0.990,,,,,,,False,,False,,,0.000,0 (noch kein Saisonspiel),0.003,0.000,0.000,0.000,0.998,hoch,keine Spiele 2026,6
00-0040676,Cam Ward,TEN,BAL,QB,QB,1.000,2026-10-04 19:00:00+02:00,2026_04_TEN_BAL,-11.500,15.500,14.535,11.521,3,0.910,1.027,13.591,0.000,0.000,0.990,,,13.720,15.893,1.000,1.000,True,-2.173,False,,,0.600,fehlt (0.6 angenommen),1.575,0.000,0.000,3.624,0.307,mittel,Rolle↓,6
00-0040677,Abdul Carter,NYG,ARI,LB,LB,1.000,2026-10-04 19:00:00+02:00,2026_04_ARI_NYG,-2.500,20.500,5.252,4.588,3,1.000,1.018,5.320,0.019,0.049,0.990,,,2.167,,0.970,0.900,False,,False,,,0.600,fehlt (0.6 angenommen),1.016,0.019,0.057,2.354,0.354,mittel,,68
00-0040688,Malaki Starks,BAL,TEN,DB,DB,1.000,2026-10-04 19:00:00+02:00,2026_04_TEN_BAL,11.500,27.000,5.822,4.765,3,1.000,0.938,5.277,0.075,0.021,0.990,,,4.833,,0.990,1.000,False,,False,,,0.600,fehlt (0.6 angenommen),0.910,0.072,0.058,2.116,0.385,mittel,,68
00-0040689,Anthony Campbell,GB,TB,DL,DL,3.000,2026-10-04 19:00:00+02:00,2026_04_GB_TB,3.000,20.750,0.416,0.222,1,1.000,1.068,0.473,0.011,0.025,0.000,Out,Ankle,1.000,,0.120,,False,,False,Gegner ohne QB1 (INT-Rate ×1.3),,0.600,fehlt (0.6 angenommen),0.000,0.011,0.000,0.000,1.000,hoch,Out (Ankle); Gegner ohne QB1 (INT-Rate ×1.3),68
00-0040694,Darius Alexander,NYG,ARI,DL,DL,2.000,2026-10-04 19:00:00+02:00,2026_04_ARI_NYG,-2.500,20.500,1.260,2.016,2,1.000,1.050,1.317,0.004,0.021,0.990,,,0.000,0.000,0.380,0.310,False,,False,,,0.600,fehlt (0.6 angenommen),0.280,0.004,0.000,0.662,0.825,hoch,,68
00-0040705,Chimere Dike,TEN,BAL,WR,WR,1.000,2026-10-04 19:00:00+02:00,2026_04_TEN_BAL,-11.500,15.500,2.776,4.759,3,0.921,1.070,2.734,0.000,0.000,0.990,,,0.333,0.555,0.100,0.060,False,-0.222,False,,,0.600,fehlt (0.6 angenommen),0.786,0.000,0.069,1.575,0.363,mittel,,25
00-0040706,Walter Nolen,ARI,NYG,DL,DL,1.000,2026-10-04 19:00:00+02:00,2026_04_ARI_NYG,2.500,23.000,3.860,7.000,3,1.000,1.054,4.063,0.005,0.033,0.990,,,0.000,,0.630,0.610,False,,False,,,0.600,fehlt (0.6 angenommen),0.750,0.005,0.000,1.977,0.521,hoch,,68
00-0040708,Jihaad Campbell,PHI,LA,LB,LB,1.000,2026-10-04 19:00:00+02:00,2026_04_LA_PHI,-3.500,19.500,6.185,4.844,3,1.000,0.850,5.287,0.047,0.039,0.990,,,7.500,,0.970,0.925,False,,False,,,0.600,fehlt (0.6 angenommen),0.957,0.046,0.037,2.208,0.376,mittel,,68
00-0040709,Maxwell Hairston,BUF,NE,DB,DB,1.000,2026-10-04 19:00:00+02:00,2026_04_NE_BUF,7.000,28.250,5.423,4.227,3,1.000,0.997,5.669,0.134,0.022,0.990,,,2.167,,0.810,0.795,False,,False,,,0.600,fehlt (0.6 angenommen),1.010,0.125,0.050,2.446,0.365,mittel,,68
00-0040710,Deone Walker,BUF,NE,DL,DL,1.000,2026-10-04 19:00:00+02:00,2026_04_NE_BUF,7.000,28.250,5.219,3.844,3,1.000,1.025,5.361,0.005,0.030,0.990,,,7.500,,0.700,0.665,False,,False,,,0.600,fehlt (0.6 angenommen),0.982,0.005,0.000,2.442,0.444,hoch,,68
00-0040715,Cam Skattebo,NYG,ARI,RB,RB,1.000,2026-10-04 19:00:00+02:00,2026_04_ARI_NYG,-2.500,20.500,11.573,12.113,3,0.989,1.049,12.007,0.000,0.000,0.990,,,9.867,11.910,0.770,0.600,False,-2.043,False,,,0.700,Pool,3.097,0.000,0.818,5.885,0.061,tief,,12
00-0040716,Craig Woodson,NE,BUF,DB,DB,1.000,2026-10-04 19:00:00+02:00,2026_04_NE_BUF,-7.000,21.250,5.960,4.735,2,1.000,1.020,6.047,0.050,0.041,0.750,Questionable,Shoulder,5.750,,0.660,1.000,True,,False,,,0.600,fehlt (0.6 angenommen),0.816,0.049,0.000,2.123,0.471,hoch,Questionable (Shoulder); Rolle↓,68
00-0040718,Travis Hunter,JAX,CIN,WR,WR,1.000,2026-10-04 19:00:00+02:00,2026_04_JAX_CIN,-2.500,24.500,5.996,4.386,3,1.020,0.953,5.828,0.000,0.000,0.990,,,7.000,1.380,0.080,0.085,False,,False,,,0.600,fehlt (0.6 angenommen),1.616,0.000,0.321,3.258,0.156,tief,,25
00-0040719,Bhayshul Tuten,JAX,CIN,RB,RB,1.000,2026-10-04 19:00:00+02:00,2026_04_JAX_CIN,-2.500,24.500,8.163,4.999,3,1.020,1.057,8.800,0.000,0.000,0.990,,,12.000,11.383,0.480,0.500,False,0.617,False,,,0.500,Pool,2.316,0.000,0.554,4.433,0.090,tief,,12
00-0040720,Jahdae Barron,DEN,SF,DB,DB,2.000,2026-10-04 22:25:00+02:00,2026_04_DEN_SF,-3.000,22.750,3.577,3.324,2,1.000,0.925,3.320,0.077,0.031,0.990,,,4.000,,0.280,0.060,False,,False,,,0.600,fehlt (0.6 angenommen),0.615,0.074,0.000,1.766,0.591,hoch,,68
00-0040722,Mike Green,BAL,TEN,LB,LB,2.000,2026-10-04 19:00:00+02:00,2026_04_TEN_BAL,11.500,27.000,3.688,3.221,3,1.000,1.036,3.777,0.017,0.039,0.990,,,4.167,0.000,0.300,0.390,False,,False,,,0.600,fehlt (0.6 angenommen),0.660,0.017,0.000,1.560,0.508,hoch,,68
00-0040723,Jack Kiser,JAX,CIN,LB,LB,2.000,2026-10-04 19:00:00+02:00,2026_04_JAX_CIN,-2.500,24.500,0.833,0.833,0,1.000,0.978,0.829,0.036,0.035,0.990,,,,,,,False,,False,,,0.000,0 (noch kein Saisonspiel),0.218,0.035,0.000,0.428,0.918,hoch,keine Spiele 2026,68
00-0040724,T.J. Sanders,BUF,NE,DL,DL,1.000,2026-10-04 19:00:00+02:00,2026_04_NE_BUF,7.000,28.250,1.250,1.250,0,1.000,1.025,1.295,0.007,0.023,0.150,Doubtful,Illness,,,,,False,,False,,,0.000,0 (noch kein Saisonspiel),0.039,0.007,0.000,0.000,0.977,hoch,Doubtful (Illness); keine Spiele 2026,68
00-0040725,Donovan Ezeiruaku,DAL,HOU,LB,LB,1.000,2026-10-04 19:00:00+02:00,2026_04_DAL_HOU,-3.000,22.750,5.431,3.412,3,1.000,0.928,4.983,0.016,0.029,0.990,,,5.083,,0.780,0.650,False,,False,,,0.600,fehlt (0.6 angenommen),0.922,0.016,0.039,2.116,0.376,mittel,,68
00-0040727,Tre Harris,LAC,SEA,WR,WR,3.000,2026-10-04 22:25:00+02:00,2026_04_LAC_SEA,-7.000,17.750,3.713,2.372,3,0.831,0.882,2.722,0.000,0.000,0.990,,,4.967,5.203,0.580,0.785,True,-0.237,False,,,0.600,fehlt (0.6 angenommen),0.820,0.000,0.081,1.641,0.344,mittel,Rolle↓,25
00-0040730,RJ Harvey,DEN,SF,RB,RB,2.000,2026-10-04 22:25:00+02:00,2026_04_DEN_SF,-3.000,22.750,5.574,6.000,2,1.014,0.998,5.637,0.000,0.000,0.990,,,4.400,5.120,0.360,0.510,True,-0.720,False,,,0.600,fehlt (0.6 angenommen),1.541,0.000,0.295,2.961,0.157,tief,Rolle↓,12
00-0040733,Nick Emmanwori,SEA,LAC,DB,DB,1.000,2026-10-04 22:25:00+02:00,2026_04_LAC_SEA,7.000,24.750,6.275,8.982,2,1.000,1.100,7.088,0.099,0.022,0.990,,,1.500,,0.520,0.180,False,,False,,,0.600,fehlt (0.6 angenommen),1.256,0.095,0.150,2.768,0.265,mittel,,68
00-0040734,TreVeyon Henderson,NE,BUF,RB,RB,2.000,2026-10-04 19:00:00+02:00,2026_04_NE_BUF,-7.000,21.250,6.281,6.000,2,0.986,1.110,6.874,0.000,0.000,0.990,,,8.250,6.035,0.370,0.600,True,2.215,False,,,0.600,fehlt (0.6 angenommen),1.793,0.000,0.367,3.473,0.128,tief,Rolle↓,12
00-0040735,Luther Burden III,CHI,NYJ,WR,WR,2.000,2026-10-04 19:00:00+02:00,2026_04_NYJ_CHI,3.500,23.500,6.426,4.632,3,1.002,0.975,5.335,0.000,0.000,0.990,,,6.833,9.080,0.610,0.650,False,-2.247,True,QB1 Caleb Williams fehlt (×0.85),,0.600,fehlt (0.6 angenommen),1.501,0.000,0.281,3.003,0.173,tief,QB-Wechsel; QB1 Caleb Williams fehlt (×0.85),25
00-0040736,Mason Taylor,NYJ,CHI,TE,TE,2.000,2026-10-04 19:00:00+02:00,2026_04_NYJ_CHI,-3.500,20.000,2.038,3.000,2,0.993,0.882,1.786,0.000,0.000,0.000,Out,Thumb,-0.100,1.080,0.460,0.660,True,-1.180,False,,,0.600,fehlt (0.6 angenommen),0.000,0.000,0.000,0.000,1.000,hoch,Out (Thumb); Rolle↓,7
00-0040738,Demetrius Knight Jr.,CIN,JAX,LB,LB,1.000,2026-10-04 19:00:00+02:00,2026_04_JAX_CIN,2.500,27.000,6.425,6.706,3,1.000,0.856,5.497,0.064,0.049,0.990,,,7.000,,0.900,0.895,False,,False,,,0.600,fehlt (0.6 angenommen),1.014,0.062,0.050,2.400,0.370,mittel,,68
00-0040739,Elijah Arroyo,SEA,LAC,TE,TE,3.000,2026-10-04 22:25:00+02:00,2026_04_LAC_SEA,7.000,24.750,1.026,1.500,3,1.029,0.909,0.960,0.000,0.000,0.990,,,0.567,0.337,0.270,0.215,False,0.230,True,,,0.600,fehlt (0.6 angenommen),0.362,0.000,0.000,0.828,0.684,hoch,QB-Wechsel,7
00-0040744,Jaylahn Tuimoloau,IND,WAS,DL,DL,2.000,2026-10-04 15:30:00+02:00,2026_04_IND_WAS,4.500,25.500,0.900,0.818,3,1.000,0.880,0.795,0.005,0.021,0.990,,,1.000,,0.480,0.350,False,,False,Gegner ohne QB1 (INT-Rate ×1.3),,0.600,fehlt (0.6 angenommen),0.195,0.005,0.000,0.464,0.913,hoch,Gegner ohne QB1 (INT-Rate ×1.3),68
00-0040747,Benjamin Morrison,TB,GB,DB,DB,1.000,2026-10-04 19:00:00+02:00,2026_04_GB_TB,-3.000,17.750,6.185,4.400,2,1.000,0.984,6.000,0.054,0.033,0.000,Out,Quadricep,8.500,,1.000,0.670,False,,False,,,0.600,fehlt (0.6 angenommen),0.000,0.053,0.000,0.000,1.000,hoch,Out (Quadricep),68
00-0040749,Andrew Mukuba,PHI,LA,DB,DB,1.000,2026-10-04 19:00:00+02:00,2026_04_LA_PHI,-3.500,19.500,5.644,5.341,3,1.000,1.065,6.082,0.114,0.022,0.990,,,2.333,,1.000,0.990,False,,False,,,0.600,fehlt (0.6 angenommen),1.117,0.108,0.079,2.572,0.320,mittel,,68
00-0040752,Oluwafemi Oladejo,TEN,BAL,LB,LB,3.000,2026-10-04 19:00:00+02:00,2026_04_TEN_BAL,-11.500,15.500,1.537,1.667,3,1.000,0.978,1.496,0.005,0.023,0.990,,,1.667,,0.170,0.255,False,,False,,,0.600,fehlt (0.6 angenommen),0.277,0.005,0.000,0.615,0.839,hoch,,68
00-0040756,Shemar Stewart,CIN,JAX,DL,DL,2.000,2026-10-04 19:00:00+02:00,2026_04_JAX_CIN,2.500,27.000,3.375,2.000,1,1.000,1.006,3.395,0.006,0.023,0.990,,,7.500,,0.060,,False,,False,,,0.600,fehlt (0.6 angenommen),0.645,0.006,0.000,1.669,0.564,hoch,,68
00-0040761,Ahmed Hassanein,DET,CAR,DL,DL,4.000,2026-10-05 02:20:00+02:00,2026_04_DET_CAR,3.500,27.500,0.600,0.600,0,1.000,0.991,0.594,0.008,0.026,0.990,,,,,,,False,,False,,,0.000,0 (noch kein Saisonspiel),0.167,0.008,0.000,0.380,0.944,hoch,keine Spiele 2026,68
00-0040785,Dohnte Meyers,CIN,JAX,WR,WR,1.000,2026-10-04 19:00:00+02:00,2026_04_JAX_CIN,2.500,27.000,2.494,3.000,3,1.068,0.985,2.624,0.000,0.000,0.990,,,1.900,1.693,0.560,0.170,False,0.207,False,,,0.600,fehlt (0.6 angenommen),0.822,0.000,0.077,1.640,0.341,mittel,,25
00-0040865,Caleb Downs,DAL,HOU,DB,DB,1.000,2026-10-04 19:00:00+02:00,2026_04_DAL_HOU,-3.000,22.750,6.338,6.000,3,1.000,0.952,5.827,0.059,0.025,0.990,,,7.333,,1.000,0.940,False,,False,,,0.600,fehlt (0.6 angenommen),1.075,0.057,0.111,2.387,0.304,mittel,,68
00-0040867,Makai Lemon,PHI,LA,WR,WR,2.000,2026-10-04 19:00:00+02:00,2026_04_LA_PHI,-3.500,19.500,3.325,4.500,3,0.901,1.022,3.064,0.000,0.000,0.990,,,1.100,2.333,0.700,0.635,False,-1.233,False,,,0.600,fehlt (0.6 angenommen),0.916,0.000,0.127,1.827,0.296,mittel,,25
00-0040868,Treydan Stukes,LV,KC,DB,DB,1.000,2026-10-04 22:25:00+02:00,2026_04_KC_LV,-4.500,21.500,6.491,6.000,2,1.000,0.925,6.000,0.156,0.025,0.990,,,9.250,,0.460,1.000,True,,False,,,0.600,fehlt (0.6 angenommen),1.097,0.145,0.072,2.587,0.337,mittel,Rolle↓,68
00-0040869,Chris McClellan,GB,TB,DL,DL,2.000,2026-10-04 19:00:00+02:00,2026_04_GB_TB,3.000,20.750,0.919,1.667,3,1.000,1.068,1.006,0.009,0.024,0.990,,,0.000,,0.410,0.445,False,,False,Gegner ohne QB1 (INT-Rate ×1.3),,0.600,fehlt (0.6 angenommen),0.228,0.009,0.000,0.524,0.890,hoch,Gegner ohne QB1 (INT-Rate ×1.3),68
00-0040872,Jaishawn Barham,DAL,HOU,LB,LB,2.000,2026-10-04 19:00:00+02:00,2026_04_DAL_HOU,-3.000,22.750,6.264,3.897,3,1.000,0.928,5.724,0.025,0.035,0.990,,,8.333,,0.780,0.560,False,,False,,,0.600,fehlt (0.6 angenommen),1.069,0.025,0.081,2.415,0.327,mittel,,68
00-0040873,Julian Neal,SEA,LAC,DB,DB,2.000,2026-10-04 22:25:00+02:00,2026_04_LAC_SEA,7.000,24.750,0.750,0.600,2,1.000,1.100,1.020,0.105,0.025,0.990,,,1.000,,0.000,0.040,False,,False,,,0.600,fehlt (0.6 angenommen),0.314,0.100,0.000,1.665,0.863,hoch,,68
00-0040876,Elijah Sarratt,BAL,TEN,WR,WR,2.000,2026-10-04 19:00:00+02:00,2026_04_TEN_BAL,11.500,27.000,4.500,4.500,0,1.000,1.060,4.768,0.000,0.000,0.990,,,,,,,False,,False,,,0.000,0 (noch kein Saisonspiel),1.269,0.000,0.231,2.520,0.207,mittel,keine Spiele 2026,25
00-0040877,Dani Dennis-Sutton,GB,TB,LB,LB,2.000,2026-10-04 19:00:00+02:00,2026_04_GB_TB,3.000,20.750,1.926,2.626,3,1.000,1.067,2.183,0.047,0.035,0.990,,,1.083,,0.550,0.365,False,,False,Gegner ohne QB1 (INT-Rate ×1.3),,0.600,fehlt (0.6 angenommen),0.417,0.046,0.000,0.902,0.754,hoch,Gegner ohne QB1 (INT-Rate ×1.3),68
00-0040878,Mike Washington Jr.,LV,KC,RB,RB,2.000,2026-10-04 22:25:00+02:00,2026_04_KC_LV,-4.500,21.500,2.571,1.108,3,1.036,0.933,2.486,0.000,0.000,0.990,,,5.400,2.900,0.160,0.190,True,2.500,False,,,0.600,fehlt (0.6 angenommen),0.835,0.000,0.000,1.687,0.346,mittel,Rolle↓,12
00-0040879,Matthew Hibner,BAL,TEN,TE,TE,3.000,2026-10-04 19:00:00+02:00,2026_04_TEN_BAL,11.500,27.000,1.654,0.600,3,1.000,0.925,1.530,0.000,0.000,0.990,,,3.200,1.837,0.500,0.335,False,1.363,False,,,0.600,fehlt (0.6 angenommen),0.445,0.000,0.000,0.982,0.604,hoch,,7
00-0040880,LT Overton,DAL,HOU,DL,DL,2.000,2026-10-04 19:00:00+02:00,2026_04_DAL_HOU,-3.000,22.750,1.120,0.897,3,1.000,1.150,1.270,0.005,0.024,0.990,,,1.500,,0.230,0.235,False,,False,,,0.600,fehlt (0.6 angenommen),0.261,0.005,0.000,0.619,0.850,hoch,,68
00-0040883,Dalton Johnson,LV,KC,DB,DB,2.000,2026-10-04 22:25:00+02:00,2026_04_KC_LV,-4.500,21.500,4.000,4.000,0,1.000,0.925,3.697,0.099,0.027,0.990,,,,,,,False,,False,,,0.000,0 (noch kein Saisonspiel),0.676,0.095,0.000,1.959,0.552,hoch,keine Spiele 2026,68
00-0040885,Chandler Rivers,BAL,TEN,DB,DB,3.000,2026-10-04 19:00:00+02:00,2026_04_TEN_BAL,11.500,27.000,1.604,0.900,2,1.000,0.938,1.334,0.068,0.025,0.990,,,3.000,,0.430,0.350,False,,False,,,0.600,fehlt (0.6 angenommen),0.290,0.066,0.000,0.589,0.886,hoch,,68
00-0040886,Nicholas Singleton,TEN,BAL,RB,RB,3.000,2026-10-04 19:00:00+02:00,2026_04_TEN_BAL,-11.500,15.500,0.554,0.254,1,0.921,0.987,0.503,0.000,0.000,0.990,,,1.000,1.910,0.110,,False,,False,,,0.600,fehlt (0.6 angenommen),0.400,0.000,0.000,0.976,0.641,hoch,,12
00-0040887,Josh Cuevas,BAL,TEN,TE,TE,4.000,2026-10-04 19:00:00+02:00,2026_04_TEN_BAL,11.500,27.000,0.397,0.192,1,1.000,0.925,0.367,0.000,0.000,0.990,,,1.400,0.620,0.250,,False,,False,,,0.600,fehlt (0.6 angenommen),0.253,0.000,0.000,0.650,0.813,hoch,,7
00-0040889,Hezekiah Masses,LV,KC,DB,DB,1.000,2026-10-04 22:25:00+02:00,2026_04_KC_LV,-4.500,21.500,7.804,5.908,3,1.000,0.925,7.210,0.279,0.025,0.990,,,17.000,,1.000,0.460,False,,False,,,0.500,Pool,1.326,0.243,0.108,3.018,0.308,mittel,,68
00-0040890,Cyrus Allen,KC,LV,WR,WR,5.000,2026-10-04 22:25:00+02:00,2026_04_KC_LV,4.500,26.000,0.146,0.090,1,1.010,0.961,0.142,0.000,0.000,0.990,,,0.000,0.630,0.010,,False,,False,,,0.600,fehlt (0.6 angenommen),0.244,0.000,0.000,0.620,0.825,hoch,,25
00-0040891,Cole Payton,PHI,LA,QB,QB,4.000,2026-10-04 19:00:00+02:00,2026_04_LA_PHI,-3.500,19.500,2.000,2.000,0,0.888,0.973,1.728,0.000,0.000,0.990,,,,,,,False,,False,,,0.000,0 (noch kein Saisonspiel),0.018,0.000,0.000,0.000,0.987,hoch,keine Spiele 2026,6
00-0040892,Jackie Marshall,TEN,BAL,DL,DL,3.000,2026-10-04 19:00:00+02:00,2026_04_TEN_BAL,-11.500,15.500,1.200,1.200,0,1.000,1.050,1.250,0.007,0.026,0.990,,,,,,,False,,False,,,0.000,0 (noch kein Saisonspiel),0.246,0.007,0.000,0.572,0.871,hoch,keine Spiele 2026,68
00-0040894,Malik Benson,LV,KC,WR,WR,1.000,2026-10-04 22:25:00+02:00,2026_04_KC_LV,-4.500,21.500,0.948,0.975,3,1.036,0.872,0.856,0.000,0.000,0.990,,,-0.067,2.013,0.060,0.115,False,-2.080,False,,,0.600,fehlt (0.6 angenommen),0.396,0.000,0.000,0.858,0.646,hoch,,25
00-0040898,Ryan Eckley,BAL,TEN,P,P,1.000,2026-10-04 19:00:00+02:00,2026_04_TEN_BAL,11.500,27.000,16.756,16.750,3,1.000,1.020,17.089,0.000,0.000,0.990,,,13.767,,,,False,,False,,,0.600,fehlt (0.6 angenommen),1.245,0.000,0.461,2.171,0.117,tief,,4
00-0040899,Trey Smack,GB,TB,K,K,1.000,2026-10-04 19:00:00+02:00,2026_04_GB_TB,3.000,20.750,7.281,1.125,3,0.945,1.150,7.911,0.000,0.000,0.990,,,7.333,,0.000,0.000,False,,False,,,0.200,Pool,2.862,0.000,0.002,6.126,0.170,tief,,7
00-0040906,Garrett Nussmeier,KC,LV,QB,QB,3.000,2026-10-04 22:25:00+02:00,2026_04_KC_LV,4.500,26.000,2.000,2.000,0,1.012,0.988,1.998,0.000,0.000,0.990,,,,,,,False,,False,,,0.000,0 (noch kein Saisonspiel),0.023,0.000,0.000,0.000,0.983,hoch,keine Spiele 2026,6
00-0040914,Bishop Fitzgerald,DET,CAR,DB,DB,2.000,2026-10-05 02:20:00+02:00,2026_04_DET_CAR,3.500,27.500,4.000,4.000,0,1.000,0.986,3.941,0.099,0.027,0.990,,,,,,,False,,False,,,0.000,0 (noch kein Saisonspiel),0.723,0.095,0.000,2.035,0.513,hoch,keine Spiele 2026,68
00-0040923,Maximus Pulley,LA,PHI,DB,DB,2.000,2026-10-04 19:00:00+02:00,2026_04_LA_PHI,3.500,23.000,4.000,4.000,0,1.000,1.041,4.205,0.104,0.027,0.990,,,,,,,False,,False,,,0.000,0 (noch kein Saisonspiel),0.786,0.099,0.000,2.147,0.489,hoch,keine Spiele 2026,68
00-0040928,Kapena Gushiken,IND,WAS,DB,DB,2.000,2026-10-04 15:30:00+02:00,2026_04_IND_WAS,4.500,25.500,1.667,0.600,2,1.000,0.914,1.577,0.091,0.025,0.990,,,3.750,,0.000,0.100,False,,False,Gegner ohne QB1 (INT-Rate ×1.3),,0.600,fehlt (0.6 angenommen),0.329,0.087,0.000,1.510,0.861,hoch,Gegner ohne QB1 (INT-Rate ×1.3),68
00-0040930,Camden Brown,DAL,HOU,WR,WR,6.000,2026-10-04 19:00:00+02:00,2026_04_DAL_HOU,-3.000,22.750,0.600,0.600,0,0.931,1.019,0.569,0.000,0.000,0.990,,,,,,,False,,False,,,0.000,0 (noch kein Saisonspiel),0.338,0.000,0.000,0.755,0.714,hoch,keine Spiele 2026,25
00-0040948,J. Michael Sturdivant,GB,TB,WR,WR,5.000,2026-10-04 19:00:00+02:00,2026_04_GB_TB,3.000,20.750,0.580,0.217,2,0.936,0.979,0.532,0.000,0.000,0.990,,,1.100,2.070,0.320,0.150,False,,False,,,0.600,fehlt (0.6 angenommen),0.328,0.000,0.000,0.755,0.720,hoch,,25
00-0040957,Xavier Nwankpa,KC,LV,DB,DB,2.000,2026-10-04 22:25:00+02:00,2026_04_KC_LV,4.500,26.000,0.542,0.600,2,1.000,1.051,0.803,0.109,0.025,0.990,,,0.500,,0.010,0.000,False,,False,,,0.600,fehlt (0.6 angenommen),0.312,0.103,0.000,1.655,0.873,hoch,,68
00-0040978,Ethan Burke,BAL,TEN,LB,LB,3.000,2026-10-04 19:00:00+02:00,2026_04_TEN_BAL,11.500,27.000,0.141,0.225,2,1.000,1.036,0.072,0.029,0.036,0.990,,,0.000,,0.000,0.000,False,,False,,,0.600,fehlt (0.6 angenommen),0.184,0.029,0.000,0.369,0.929,hoch,,68
00-0040981,Joe Fagnano,BAL,TEN,QB,QB,3.000,2026-10-04 19:00:00+02:00,2026_04_TEN_BAL,11.500,27.000,2.000,2.000,0,1.000,0.983,1.967,0.000,0.000,0.990,,,,,,,False,,False,,,0.000,0 (noch kein Saisonspiel),0.019,0.000,0.000,0.000,0.988,hoch,keine Spiele 2026,6
00-0041013,Emmett Johnson,KC,LV,RB,RB,2.000,2026-10-04 22:25:00+02:00,2026_04_KC_LV,4.500,26.000,2.504,1.662,3,1.010,0.970,2.455,0.000,0.000,0.990,,,4.000,3.547,0.270,0.270,False,0.453,False,,,0.600,fehlt (0.6 angenommen),0.819,0.000,0.000,1.642,0.342,mittel,,12
00-0041026,David Bailey,NYJ,CHI,LB,LB,2.000,2026-10-04 19:00:00+02:00,2026_04_NYJ_CHI,-3.500,20.000,6.260,4.000,3,1.000,1.028,6.437,0.034,0.035,0.990,,,8.667,,0.680,0.715,False,,False,Gegner ohne QB1 (INT-Rate ×1.3),,0.600,fehlt (0.6 angenommen),1.199,0.034,0.090,2.662,0.301,mittel,Gegner ohne QB1 (INT-Rate ×1.3),68
00-0041027,Jeremiyah Love,ARI,NYG,RB,RB,1.000,2026-10-04 19:00:00+02:00,2026_04_ARI_NYG,2.500,23.000,8.916,6.785,3,1.089,1.065,10.335,0.000,0.000,0.990,,,10.800,11.197,0.640,0.415,False,-0.397,False,,,0.600,fehlt (0.6 angenommen),2.664,0.000,0.645,5.089,0.077,tief,,12
00-0041028,Sonny Styles,WAS,IND,LB,LB,1.000,2026-10-04 15:30:00+02:00,2026_04_IND_WAS,-4.500,21.000,7.413,7.000,3,1.000,0.973,7.356,0.115,0.035,0.990,,,10.500,,1.000,0.935,False,,False,,,0.600,fehlt (0.6 angenommen),1.366,0.109,0.129,3.028,0.272,mittel,,68
00-0041031,Rueben Bain Jr.,TB,GB,LB,LB,1.000,2026-10-04 19:00:00+02:00,2026_04_GB_TB,-3.000,17.750,5.593,6.677,2,1.000,1.022,5.668,0.032,0.036,0.000,Out,Groin,0.500,0.000,0.600,0.640,False,,False,,,0.600,fehlt (0.6 angenommen),0.000,0.031,0.000,0.000,1.000,hoch,Out (Groin),68
00-0041032,Kenyon Sadiq,NYJ,CHI,TE,TE,1.000,2026-10-04 19:00:00+02:00,2026_04_NYJ_CHI,-3.500,20.000,4.907,2.790,3,0.993,0.882,4.298,0.000,0.000,0.750,Questionable,Back,8.867,5.247,0.580,0.390,False,3.620,False,,,0.600,fehlt (0.6 angenommen),0.786,0.000,0.000,1.909,0.461,hoch,Questionable (Back),7
00-0041033,Caleb Banks,MIN,MIA,DL,DL,1.000,2026-10-04 22:05:00+02:00,2026_04_MIA_MIN,10.000,24.250,1.900,1.846,3,1.000,1.062,2.028,0.008,0.024,0.990,,,2.000,0.000,0.170,0.365,True,,False,,,0.600,fehlt (0.6 angenommen),0.373,0.008,0.000,0.925,0.745,hoch,Rolle↓,68
00-0041036,TJ Parker,BUF,NE,LB,LB,2.000,2026-10-04 19:00:00+02:00,2026_04_NE_BUF,7.000,28.250,0.792,1.169,3,1.000,1.110,0.964,0.043,0.035,0.990,,,0.333,0.000,0.130,0.220,False,,False,,,0.600,fehlt (0.6 angenommen),0.231,0.042,0.000,0.452,0.911,hoch,,68
00-0041038,D'Angelo Ponds,NYJ,CHI,DB,DB,2.000,2026-10-04 19:00:00+02:00,2026_04_NYJ_CHI,-3.500,20.000,4.000,4.000,0,1.000,0.951,3.811,0.100,0.027,0.990,,,,,,,False,,False,Gegner ohne QB1 (INT-Rate ×1.3),,0.000,0 (noch kein Saisonspiel),0.697,0.095,0.000,1.994,0.542,hoch,keine Spiele 2026; Gegner ohne QB1 (INT-Rate ×1.3),68
00-0041039,CJ Allen,IND,WAS,LB,LB,2.000,2026-10-04 15:30:00+02:00,2026_04_IND_WAS,4.500,25.500,0.450,0.600,1,1.000,1.056,0.500,0.042,0.037,0.990,,,0.000,,0.080,,False,,False,Gegner ohne QB1 (INT-Rate ×1.3),,0.600,fehlt (0.6 angenommen),0.227,0.041,0.000,0.437,0.913,hoch,Gegner ohne QB1 (INT-Rate ×1.3),68
00-0041040,Antonio Williams,WAS,IND,WR,WR,3.000,2026-10-04 15:30:00+02:00,2026_04_IND_WAS,-4.500,21.000,2.875,1.628,3,1.037,1.085,2.749,0.000,0.000,0.990,,,5.433,4.400,0.410,0.430,True,1.033,True,QB1 Jayden Daniels fehlt (×0.85),,0.600,fehlt (0.6 angenommen),0.842,0.000,0.085,1.675,0.327,mittel,Rolle↓; QB-Wechsel; QB1 Jayden Daniels fehlt (×0.85),25
00-0041042,Malachi Fields,NYG,ARI,WR,WR,2.000,2026-10-04 19:00:00+02:00,2026_04_ARI_NYG,-2.500,20.500,3.987,4.500,3,0.989,1.073,4.232,0.000,0.000,0.990,,,2.467,4.617,0.690,0.765,True,-2.150,False,,,0.600,fehlt (0.6 angenommen),1.241,0.000,0.226,2.471,0.218,mittel,Rolle↓,25
00-0041043,A.J. Haulcy,IND,WAS,DB,DB,1.000,2026-10-04 15:30:00+02:00,2026_04_IND_WAS,4.500,25.500,5.649,6.000,3,1.000,0.914,5.212,0.085,0.025,0.990,,,2.000,,0.630,0.725,False,,False,Gegner ohne QB1 (INT-Rate ×1.3),,0.600,fehlt (0.6 angenommen),0.964,0.081,0.071,2.303,0.367,mittel,Gegner ohne QB1 (INT-Rate ×1.3),68
00-0041045,Albert Regis,JAX,CIN,DL,DL,2.000,2026-10-04 19:00:00+02:00,2026_04_JAX_CIN,-2.500,24.500,0.409,0.654,2,1.000,1.014,0.417,0.007,0.025,0.750,Questionable,Elbow,0.000,,0.100,0.240,False,,False,,,0.600,fehlt (0.6 angenommen),0.111,0.007,0.000,0.298,0.963,hoch,Questionable (Elbow),68
00-0041046,Domonique Orange,MIN,MIA,DL,DL,2.000,2026-10-04 22:05:00+02:00,2026_04_MIA_MIN,10.000,24.250,1.175,1.064,3,1.000,1.062,1.258,0.008,0.024,0.990,,,1.667,0.000,0.190,0.320,True,,False,,,0.600,fehlt (0.6 angenommen),0.260,0.008,0.000,0.604,0.855,hoch,Rolle↓,68
00-0041048,Ted Hurst III,TB,GB,WR,WR,3.000,2026-10-04 19:00:00+02:00,2026_04_GB_TB,-3.000,17.750,4.166,2.500,3,0.869,1.037,3.190,0.000,0.000,0.990,,,5.433,6.463,0.750,0.745,True,-1.030,False,QB1 Baker Mayfield fehlt (×0.85),,0.600,fehlt (0.6 angenommen),0.976,0.000,0.126,1.938,0.282,mittel,Rolle↓; QB1 Baker Mayfield fehlt (×0.85),25
00-0041051,Zavion Thomas,CHI,NYJ,WR,WR,2.000,2026-10-04 19:00:00+02:00,2026_04_NYJ_CHI,3.500,23.500,0.483,0.675,2,1.002,0.975,0.401,0.000,0.000,0.990,,,0.050,0.490,0.110,0.030,False,,True,QB1 Caleb Williams fehlt (×0.85),,0.600,fehlt (0.6 angenommen),0.298,0.000,0.000,0.697,0.765,hoch,QB-Wechsel; QB1 Caleb Williams fehlt (×0.85),25
00-0041052,Kaelon Black,SF,DEN,RB,RB,2.000,2026-10-04 22:25:00+02:00,2026_04_DEN_SF,3.000,25.750,2.795,1.867,3,0.992,0.995,2.757,0.000,0.000,0.990,,,3.733,4.800,0.150,0.380,True,-1.067,False,,,0.600,fehlt (0.6 angenommen),0.905,0.000,0.000,1.784,0.303,mittel,Rolle↓,12
00-0041054,Jakobe Thomas,MIN,MIA,DB,DB,3.000,2026-10-04 22:05:00+02:00,2026_04_MIA_MIN,10.000,24.250,1.500,1.500,0,1.000,1.034,1.708,0.115,0.027,0.990,,,,,,,False,,False,,,0.000,0 (noch kein Saisonspiel),0.347,0.109,0.000,1.710,0.853,hoch,keine Spiele 2026,68
00-0041055,Jalen Huskey,JAX,CIN,DB,DB,3.000,2026-10-04 19:00:00+02:00,2026_04_JAX_CIN,-2.500,24.500,1.500,1.500,0,1.000,1.065,1.638,0.104,0.027,0.990,,,,,,,False,,False,,,0.000,0 (noch kein Saisonspiel),0.347,0.099,0.000,1.701,0.859,hoch,keine Spiele 2026,68
00-0041056,Cade Klubnik,NYJ,CHI,QB,QB,2.000,2026-10-04 19:00:00+02:00,2026_04_NYJ_CHI,-3.500,20.000,4.000,4.000,0,0.993,1.038,4.123,0.000,0.000,0.990,,,,,,,False,,False,,,0.000,0 (noch kein Saisonspiel),0.114,0.000,0.000,0.465,0.907,hoch,keine Spiele 2026,6
00-0041057,Keionte Scott,TB,GB,DB,DB,2.000,2026-10-04 19:00:00+02:00,2026_04_GB_TB,-3.000,17.750,5.775,3.856,3,1.000,0.984,5.573,0.069,0.025,0.990,,,5.167,,0.580,0.650,False,,False,,,0.600,fehlt (0.6 angenommen),1.045,0.067,0.095,2.372,0.324,mittel,,68
00-0041059,Wesley Williams,JAX,CIN,DL,DL,3.000,2026-10-04 19:00:00+02:00,2026_04_JAX_CIN,-2.500,24.500,1.200,1.200,0,1.000,1.014,1.220,0.009,0.026,0.990,,,,,,,False,,False,,,0.000,0 (noch kein Saisonspiel),0.256,0.009,0.000,0.598,0.858,hoch,keine Spiele 2026,68
00-0041060,Malik Muhammad,CHI,NYJ,DB,DB,2.000,2026-10-04 19:00:00+02:00,2026_04_NYJ_CHI,3.500,23.500,6.119,4.000,3,1.000,1.047,6.181,0.124,0.025,0.990,,,8.833,,1.000,0.690,False,,False,,,0.600,fehlt (0.6 angenommen),1.133,0.116,0.094,2.606,0.304,mittel,,68
00-0041063,Will Lee III,CAR,DET,DB,DB,1.000,2026-10-05 02:20:00+02:00,2026_04_DET_CAR,-3.500,24.000,6.523,5.569,3,1.000,0.933,5.857,0.057,0.048,0.990,,,9.667,,0.910,0.450,False,,False,,,0.600,fehlt (0.6 angenommen),1.074,0.055,0.081,2.477,0.320,mittel,,68
00-0041064,Genesis Smith,LAC,SEA,DB,DB,2.000,2026-10-04 22:25:00+02:00,2026_04_LAC_SEA,-7.000,17.750,6.690,3.221,3,1.000,0.981,6.668,0.224,0.025,0.990,,,11.167,,0.640,0.465,False,,False,,,0.600,fehlt (0.6 angenommen),1.200,0.201,0.090,2.834,0.329,mittel,,68
00-0041068,Ephesians Prysock,SF,DEN,DB,DB,2.000,2026-10-04 22:25:00+02:00,2026_04_DEN_SF,3.000,25.750,4.000,4.000,0,1.000,1.016,4.123,0.106,0.027,0.990,,,,,,,False,,False,,,0.000,0 (noch kein Saisonspiel),0.784,0.100,0.000,2.140,0.484,hoch,keine Spiele 2026,68
00-0041069,Colbie Young,CIN,JAX,WR,WR,3.000,2026-10-04 19:00:00+02:00,2026_04_JAX_CIN,2.500,27.000,0.419,0.423,3,1.068,0.985,0.441,0.000,0.000,0.000,Out,Knee,0.300,0.480,0.020,0.155,False,-0.180,False,,,0.600,fehlt (0.6 angenommen),0.000,0.000,0.000,0.000,1.000,hoch,Out (Knee),25
00-0041070,Reggie Virgil,ARI,NYG,WR,WR,7.000,2026-10-04 19:00:00+02:00,2026_04_ARI_NYG,2.500,23.000,0.600,0.600,0,1.089,1.069,0.698,0.000,0.000,0.990,,,,,,,False,,False,,,0.000,0 (noch kein Saisonspiel),0.366,0.000,0.000,0.815,0.684,hoch,keine Spiele 2026,25
00-0041072,Nick Barrett,LAC,SEA,DL,DL,2.000,2026-10-04 22:25:00+02:00,2026_04_LAC_SEA,-7.000,17.750,0.985,0.769,3,1.000,0.925,0.914,0.007,0.024,0.990,,,1.083,0.000,0.270,0.165,False,,False,,,0.600,fehlt (0.6 angenommen),0.203,0.007,0.000,0.482,0.905,hoch,,68
00-0041074,Joshua Josephs,WAS,IND,LB,LB,2.000,2026-10-04 15:30:00+02:00,2026_04_IND_WAS,-4.500,21.000,1.587,1.210,3,1.000,0.973,1.592,0.039,0.035,0.990,,,1.667,0.000,0.220,0.185,False,,False,,,0.600,fehlt (0.6 angenommen),0.331,0.038,0.000,0.683,0.839,hoch,,68
00-0041076,Zakee Wheatley,CAR,DET,DB,DB,2.000,2026-10-05 02:20:00+02:00,2026_04_DET_CAR,-3.500,24.000,5.636,3.569,2,1.000,0.933,5.012,0.061,0.025,0.990,,,5.000,,0.710,0.450,False,,False,,,0.600,fehlt (0.6 angenommen),0.927,0.059,0.068,2.155,0.371,mittel,,68
00-0041077,Justin Joly,MIA,MIN,TE,TE,4.000,2026-10-04 22:05:00+02:00,2026_04_MIA_MIN,-10.000,14.250,0.500,0.500,0,0.895,0.883,0.395,0.000,0.000,0.990,,,,,,,False,,False,,,0.000,0 (noch kein Saisonspiel),0.256,0.000,0.000,0.641,0.817,hoch,keine Spiele 2026,7
00-0041078,Jaden Dugger,SF,DEN,LB,LB,1.000,2026-10-04 22:25:00+02:00,2026_04_DEN_SF,3.000,25.750,2.923,4.487,3,1.000,0.850,2.505,0.036,0.035,0.750,Questionable,Shoulder,1.000,,0.380,0.435,False,,False,,,0.600,fehlt (0.6 angenommen),0.348,0.036,0.000,0.854,0.764,hoch,Questionable (Shoulder),68
00-0041079,DeMonte Capehart,TB,GB,DL,DL,2.000,2026-10-04 19:00:00+02:00,2026_04_GB_TB,-3.000,17.750,2.500,2.500,0,1.000,0.850,2.114,0.007,0.026,0.990,,,,,,,False,,False,,,0.000,0 (noch kein Saisonspiel),0.401,0.007,0.000,0.976,0.719,hoch,keine Spiele 2026,68
00-0041080,George Gumbs Jr.,IND,WAS,DL,DL,3.000,2026-10-04 15:30:00+02:00,2026_04_IND_WAS,4.500,25.500,1.200,1.200,0,1.000,0.880,1.061,0.009,0.026,0.990,,,,,,,False,,False,Gegner ohne QB1 (INT-Rate ×1.3),,0.000,0 (noch kein Saisonspiel),0.230,0.009,0.000,0.525,0.890,hoch,keine Spiele 2026; Gegner ohne QB1 (INT-Rate ×1.3),68
00-0041081,Max Bredeson,MIN,MIA,RB,RB,1.000,2026-10-04 22:05:00+02:00,2026_04_MIA_MIN,10.000,24.250,2.214,4.015,3,1.044,1.150,2.658,0.000,0.000,0.990,,,0.000,0.000,0.170,0.350,True,0.000,True,,,0.600,fehlt (0.6 angenommen),0.810,0.000,0.000,1.680,0.353,mittel,Rolle↓; QB-Wechsel,12
00-0041083,Charles Demmings,MIN,MIA,DB,DB,2.000,2026-10-04 22:05:00+02:00,2026_04_MIA_MIN,10.000,24.250,4.000,4.000,0,1.000,1.034,4.292,0.115,0.027,0.000,Out,Hamstring,,,,,False,,False,,,0.000,0 (noch kein Saisonspiel),0.000,0.109,0.000,0.000,1.000,hoch,Out (Hamstring); keine Spiele 2026,68
00-0041084,Tanner Koziol,JAX,CIN,TE,TE,4.000,2026-10-04 19:00:00+02:00,2026_04_JAX_CIN,-2.500,24.500,0.500,0.500,0,1.020,1.150,0.587,0.000,0.000,0.990,,,,,,,False,,False,,,0.000,0 (noch kein Saisonspiel),0.304,0.000,0.000,0.740,0.750,hoch,keine Spiele 2026,7
00-0041085,Keyshaun Elliott,CHI,NYJ,LB,LB,2.000,2026-10-04 19:00:00+02:00,2026_04_NYJ_CHI,3.500,23.500,4.000,4.000,0,1.000,1.070,4.213,0.036,0.038,0.990,,,,,,,False,,False,,,0.000,0 (noch kein Saisonspiel),0.764,0.035,0.000,1.804,0.469,hoch,keine Spiele 2026,68
00-0041086,Jalon Kilgore,BUF,NE,DB,DB,3.000,2026-10-04 19:00:00+02:00,2026_04_NE_BUF,7.000,28.250,1.500,1.500,0,1.000,0.997,1.741,0.124,0.027,0.990,,,,,,,False,,False,,,0.000,0 (noch kein Saisonspiel),0.359,0.117,0.000,1.771,0.849,hoch,keine Spiele 2026,68
00-0041088,Karon Prunty,NE,BUF,DB,DB,2.000,2026-10-04 19:00:00+02:00,2026_04_NE_BUF,-7.000,21.250,0.700,0.600,1,1.000,1.020,0.661,0.087,0.026,0.990,,,1.000,,0.000,,False,,False,,,0.600,fehlt (0.6 angenommen),0.282,0.083,0.000,1.478,0.883,hoch,,68
00-0041093,Karson Sharar,ARI,NYG,LB,LB,2.000,2026-10-04 19:00:00+02:00,2026_04_ARI_NYG,2.500,23.000,0.713,0.600,3,1.000,0.942,0.622,0.029,0.035,0.990,,,1.000,,0.000,0.000,False,,False,,,0.600,fehlt (0.6 angenommen),0.195,0.029,0.000,0.391,0.927,hoch,,68
00-0041094,Bauer Sharp,TB,GB,TE,TE,4.000,2026-10-04 19:00:00+02:00,2026_04_GB_TB,-3.000,17.750,0.047,0.075,2,0.869,0.921,0.033,0.000,0.000,0.990,,,0.000,,0.090,0.020,False,,False,QB1 Baker Mayfield fehlt (×0.88),,0.600,fehlt (0.6 angenommen),0.229,0.000,0.000,0.625,0.835,hoch,QB1 Baker Mayfield fehlt (×0.88),7
00-0041095,Bobby Jamison-Travis,NYG,ARI,DL,DL,2.000,2026-10-04 19:00:00+02:00,2026_04_ARI_NYG,-2.500,20.500,2.500,2.500,0,1.000,1.050,2.615,0.007,0.026,0.990,,,,,,,False,,False,,,0.000,0 (noch kein Saisonspiel),0.502,0.007,0.000,1.280,0.643,hoch,keine Spiele 2026,68
00-0041096,Kaytron Allen,WAS,IND,RB,RB,3.000,2026-10-04 15:30:00+02:00,2026_04_IND_WAS,-4.500,21.000,1.109,0.225,2,1.037,1.033,1.117,0.000,0.000,0.990,,,2.000,3.155,0.080,0.100,False,-1.155,True,QB1 Jayden Daniels fehlt (×0.94),,0.600,fehlt (0.6 angenommen),0.535,0.000,0.000,1.203,0.523,hoch,QB-Wechsel; QB1 Jayden Daniels fehlt (×0.94),12
00-0041100,Josh Cameron,JAX,CIN,WR,WR,3.000,2026-10-04 19:00:00+02:00,2026_04_JAX_CIN,-2.500,24.500,2.280,1.115,3,1.020,0.953,2.216,0.000,0.000,0.990,,,5.067,3.755,0.370,0.250,True,1.312,False,,,0.600,fehlt (0.6 angenommen),0.716,0.000,0.039,1.427,0.387,mittel,Rolle↓,25
00-0041102,Jack Kelly,NYG,ARI,LB,LB,2.000,2026-10-04 19:00:00+02:00,2026_04_ARI_NYG,-2.500,20.500,4.000,4.000,0,1.000,1.018,4.021,0.038,0.038,0.990,,,,,,,False,,False,,,0.000,0 (noch kein Saisonspiel),0.740,0.037,0.000,1.816,0.486,hoch,keine Spiele 2026,68
00-0041104,Demond Claiborne,MIN,MIA,RB,RB,2.000,2026-10-04 22:05:00+02:00,2026_04_MIA_MIN,10.000,24.250,0.585,0.600,2,1.044,1.150,0.702,0.000,0.000,0.990,,,0.150,0.920,0.050,0.040,False,-0.770,True,,,0.600,fehlt (0.6 angenommen),0.436,0.000,0.000,1.030,0.608,hoch,QB-Wechsel,12
00-0041106,C.J. Williams,JAX,CIN,WR,WR,2.000,2026-10-04 19:00:00+02:00,2026_04_JAX_CIN,-2.500,24.500,0.935,1.246,1,1.020,0.953,0.908,0.000,0.000,0.990,,,0.000,0.000,0.180,,False,,False,,,0.600,fehlt (0.6 angenommen),0.421,0.000,0.000,0.898,0.620,hoch,,25
00-0041109,Namdi Obiazor,NE,BUF,LB,LB,3.000,2026-10-04 19:00:00+02:00,2026_04_NE_BUF,-7.000,21.250,0.682,0.225,2,1.000,1.014,0.671,0.035,0.036,0.990,,,1.500,,0.000,0.000,False,,False,,,0.600,fehlt (0.6 angenommen),0.213,0.034,0.000,0.407,0.919,hoch,,68
00-0041110,Jordan van den Berg,CHI,NYJ,DL,DL,2.000,2026-10-04 19:00:00+02:00,2026_04_NYJ_CHI,3.500,23.500,0.635,0.885,3,1.000,0.938,0.585,0.006,0.024,0.990,,,0.333,0.000,0.200,0.245,False,,False,,,0.600,fehlt (0.6 angenommen),0.166,0.006,0.000,0.390,0.937,hoch,,68
00-0041111,Caden Curry,IND,WAS,DL,DL,2.000,2026-10-04 15:30:00+02:00,2026_04_IND_WAS,4.500,25.500,0.543,0.385,3,1.000,0.880,0.482,0.007,0.024,0.990,,,0.667,,0.170,0.065,False,,False,Gegner ohne QB1 (INT-Rate ×1.3),,0.600,fehlt (0.6 angenommen),0.151,0.007,0.000,0.350,0.948,hoch,Gegner ohne QB1 (INT-Rate ×1.3),68
00-0041116,Jack Endries,CIN,JAX,TE,TE,5.000,2026-10-04 19:00:00+02:00,2026_04_JAX_CIN,2.500,27.000,0.500,0.500,0,1.068,0.956,0.511,0.000,0.000,0.990,,,,,,,False,,False,,,0.000,0 (noch kein Saisonspiel),0.293,0.000,0.000,0.718,0.758,hoch,keine Spiele 2026,7
00-0041117,Athan Kaliakmanis,WAS,IND,QB,QB,3.000,2026-10-04 15:30:00+02:00,2026_04_IND_WAS,-4.500,21.000,2.000,2.000,0,1.042,1.071,2.232,0.000,0.000,0.990,,,,,,,False,,False,,,0.000,0 (noch kein Saisonspiel),0.031,0.000,0.000,0.000,0.976,hoch,keine Spiele 2026,6
00-0041118,Landon Robinson,CIN,JAX,DL,DL,3.000,2026-10-04 19:00:00+02:00,2026_04_JAX_CIN,2.500,27.000,1.200,1.200,0,1.000,1.006,1.207,0.008,0.026,0.990,,,,,,,False,,False,,,0.000,0 (noch kein Saisonspiel),0.250,0.008,0.000,0.602,0.864,hoch,keine Spiele 2026,68
00-0041119,Jackson Kuwatch,CAR,DET,LB,LB,2.000,2026-10-05 02:20:00+02:00,2026_04_DET_CAR,-3.500,24.000,0.500,0.800,2,1.000,1.032,0.410,0.026,0.036,0.990,,,0.000,0.000,0.000,0.260,False,,False,,,0.600,fehlt (0.6 angenommen),0.193,0.026,0.000,0.379,0.928,hoch,,68
00-0041123,Behren Morton,NE,BUF,QB,QB,3.000,2026-10-04 19:00:00+02:00,2026_04_NE_BUF,-7.000,21.250,2.000,2.000,0,0.984,0.972,1.913,0.000,0.000,0.990,,,,,,,False,,False,,,0.000,0 (noch kein Saisonspiel),0.017,0.000,0.000,0.000,0.989,hoch,keine Spiele 2026,6
00-0041125,Seth McGowan,IND,WAS,RB,RB,2.000,2026-10-04 15:30:00+02:00,2026_04_IND_WAS,4.500,25.500,0.830,0.656,3,1.104,0.980,0.899,0.000,0.000,0.990,,,0.467,1.340,0.150,0.085,False,-0.873,False,,,0.600,fehlt (0.6 angenommen),0.487,0.000,0.000,1.120,0.564,hoch,,12
00-0041126,Tommy Doman Jr.,BUF,NE,P,P,1.000,2026-10-04 19:00:00+02:00,2026_04_NE_BUF,7.000,28.250,15.926,16.750,3,0.976,1.076,16.725,0.000,0.000,0.990,,,8.100,,,,False,,False,,,0.600,fehlt (0.6 angenommen),1.258,0.000,0.466,2.183,0.120,tief,,4
00-0041132,Deion Burks,IND,WAS,WR,WR,4.000,2026-10-04 15:30:00+02:00,2026_04_IND_WAS,4.500,25.500,0.365,0.180,2,1.104,1.150,0.464,0.000,0.000,0.990,,,0.700,0.815,0.140,0.050,False,-0.115,False,,,0.600,fehlt (0.6 angenommen),0.313,0.000,0.000,0.723,0.739,hoch,,25
00-0041133,Dallen Bentley,DEN,SF,TE,TE,4.000,2026-10-04 22:25:00+02:00,2026_04_DEN_SF,-3.000,22.750,0.500,0.500,0,1.014,0.952,0.482,0.000,0.000,0.990,,,,,,,False,,False,,,0.000,0 (noch kein Saisonspiel),0.289,0.000,0.000,0.707,0.766,hoch,keine Spiele 2026,7
00-0041145,Dominic Zvada,NYG,ARI,K,K,1.000,2026-10-04 19:00:00+02:00,2026_04_ARI_NYG,-2.500,20.500,7.461,1.125,3,0.991,1.021,7.551,0.000,0.000,0.990,,,8.000,,0.000,0.000,False,,False,,,0.600,fehlt (0.6 angenommen),2.667,0.000,0.000,5.717,0.176,tief,,7
00-0041148,Aaron Hall,CAR,DET,DL,DL,2.000,2026-10-05 02:20:00+02:00,2026_04_DET_CAR,-3.500,24.000,2.544,1.679,3,1.000,0.922,2.325,0.005,0.047,0.990,,,3.667,,0.240,0.535,True,,False,,,0.600,fehlt (0.6 angenommen),0.454,0.005,0.000,1.135,0.699,hoch,Rolle↓,68
00-0041149,Haynes King,CAR,DET,QB,QB,3.000,2026-10-05 02:20:00+02:00,2026_04_DET_CAR,-3.500,24.000,2.000,2.000,0,1.041,1.150,2.395,0.000,0.000,0.990,,,,,,,False,,False,,,0.000,0 (noch kein Saisonspiel),0.031,0.000,0.000,0.000,0.975,hoch,keine Spiele 2026,6
00-0041159,Rodney McGraw,MIA,MIN,DL,DL,3.000,2026-10-04 22:05:00+02:00,2026_04_MIA_MIN,-10.000,14.250,1.200,1.200,0,1.000,1.101,1.340,0.010,0.026,0.990,,,,,,,False,,False,,,0.000,0 (noch kein Saisonspiel),0.259,0.010,0.000,0.603,0.859,hoch,keine Spiele 2026,68
00-0041171,Jayden Loving,CHI,NYJ,DL,DL,3.000,2026-10-04 19:00:00+02:00,2026_04_NYJ_CHI,3.500,23.500,1.200,1.200,0,1.000,0.938,1.113,0.007,0.026,0.990,,,,,,,False,,False,,,0.000,0 (noch kein Saisonspiel),0.245,0.007,0.000,0.563,0.873,hoch,keine Spiele 2026,68
00-0041175,Skyler Thomas,CHI,NYJ,DB,DB,2.000,2026-10-04 19:00:00+02:00,2026_04_NYJ_CHI,3.500,23.500,0.375,0.600,2,1.000,1.047,0.260,0.072,0.025,0.990,,,0.000,,0.000,0.040,False,,False,,,0.600,fehlt (0.6 angenommen),0.274,0.070,0.000,0.678,0.887,hoch,,68
00-0041182,Drew Stevens,WAS,IND,K,K,1.000,2026-10-04 15:30:00+02:00,2026_04_IND_WAS,-4.500,21.000,7.411,1.125,3,1.032,1.150,8.089,0.000,0.000,0.990,,,7.667,,0.000,0.000,False,,False,QB1 Jayden Daniels fehlt (×0.92),,0.600,fehlt (0.6 angenommen),2.839,0.000,0.000,6.071,0.168,tief,QB1 Jayden Daniels fehlt (×0.92),7
00-0041218,Bryan Thomas Jr.,JAX,CIN,DL,DL,2.000,2026-10-04 19:00:00+02:00,2026_04_JAX_CIN,-2.500,24.500,0.837,0.923,2,1.000,1.014,0.852,0.007,0.025,0.990,,,0.625,0.000,0.350,0.130,False,,False,,,0.600,fehlt (0.6 angenommen),0.208,0.007,0.000,0.483,0.908,hoch,,68
00-0041227,Tahj Chambers,IND,WAS,LB,LB,2.000,2026-10-04 15:30:00+02:00,2026_04_IND_WAS,4.500,25.500,0.750,0.600,2,1.000,1.056,0.815,0.039,0.036,0.990,,,1.000,,0.000,0.000,False,,False,Gegner ohne QB1 (INT-Rate ×1.3),,0.600,fehlt (0.6 angenommen),0.214,0.038,0.000,0.423,0.916,hoch,Gegner ohne QB1 (INT-Rate ×1.3),68
00-0041251,Jalon Daniels,TB,GB,QB,QB,2.000,2026-10-04 19:00:00+02:00,2026_04_GB_TB,-3.000,17.750,13.000,0.600,1,0.852,0.970,10.737,0.000,0.000,0.990,,,-1.100,2.000,0.060,,False,,False,startet vermutlich für Baker Mayfield,,0.600,fehlt (0.6 angenommen),1.093,0.000,0.000,2.748,0.422,hoch,startet vermutlich für Baker Mayfield,6
00-0041253,Ayden Garnes,TB,GB,DB,DB,2.000,2026-10-04 19:00:00+02:00,2026_04_GB_TB,-3.000,17.750,4.000,4.000,0,1.000,0.984,3.799,0.086,0.027,0.990,,,,,,,False,,False,,,0.000,0 (noch kein Saisonspiel),0.716,0.082,0.000,2.011,0.517,hoch,keine Spiele 2026,68
00-0041256,Jack Pyburn,KC,LV,LB,LB,3.000,2026-10-04 22:25:00+02:00,2026_04_KC_LV,4.500,26.000,1.500,1.500,0,1.000,0.983,1.592,0.054,0.038,0.990,,,,,,,False,,False,,,0.000,0 (noch kein Saisonspiel),0.312,0.053,0.000,0.641,0.859,hoch,keine Spiele 2026,68
00-0041267,Malik McClain,NYJ,CHI,WR,WR,4.000,2026-10-04 19:00:00+02:00,2026_04_NYJ_CHI,-3.500,20.000,0.374,0.498,1,0.993,1.056,0.392,0.000,0.000,0.990,,,0.000,,0.270,,False,,False,,,0.600,fehlt (0.6 angenommen),0.299,0.000,0.000,0.711,0.758,hoch,,25
00-0041275,Kani Walker,BUF,NE,DB,DB,3.000,2026-10-04 19:00:00+02:00,2026_04_NE_BUF,7.000,28.250,1.500,1.500,0,1.000,0.997,1.741,0.124,0.027,0.990,,,,,,,False,,False,,,0.000,0 (noch kein Saisonspiel),0.371,0.117,0.000,1.787,0.843,hoch,keine Spiele 2026,68
00-0041305,Sabastian Harsh,HOU,DAL,DL,DL,4.000,2026-10-04 19:00:00+02:00,2026_04_DAL_HOU,3.000,25.750,0.748,0.090,3,1.000,0.870,0.644,0.006,0.024,0.990,,,1.417,,0.110,0.075,False,,False,,,0.600,fehlt (0.6 angenommen),0.175,0.006,0.000,0.407,0.934,hoch,,68
00-0041313,Collin Wright,HOU,DAL,DB,DB,3.000,2026-10-04 19:00:00+02:00,2026_04_DAL_HOU,3.000,25.750,1.500,1.500,0,1.000,1.013,1.427,0.091,0.027,0.990,,,,,,,False,,False,,,0.000,0 (noch kein Saisonspiel),0.310,0.087,0.000,1.495,0.875,hoch,keine Spiele 2026,68
00-0041314,Tanner Arkin,NE,BUF,TE,TE,4.000,2026-10-04 19:00:00+02:00,2026_04_NE_BUF,-7.000,21.250,0.138,0.185,1,0.986,0.850,0.116,0.000,0.000,0.990,,,0.000,0.000,0.240,,False,,False,,,0.600,fehlt (0.6 angenommen),0.229,0.000,0.000,0.615,0.834,hoch,,7
00-0041316,Channing Canada,NE,BUF,DB,DB,3.000,2026-10-04 19:00:00+02:00,2026_04_NE_BUF,-7.000,21.250,0.419,0.225,1,1.000,1.020,0.374,0.087,0.026,0.750,Questionable,Hamstring,1.000,,0.050,,False,,False,,,0.600,fehlt (0.6 angenommen),0.211,0.083,0.000,0.433,0.909,hoch,Questionable (Hamstring),68
00-0041338,Caden Fordham,TB,GB,LB,LB,3.000,2026-10-04 19:00:00+02:00,2026_04_GB_TB,-3.000,17.750,1.500,1.500,0,1.000,1.022,1.475,0.037,0.038,0.990,,,,,,,False,,False,,,0.000,0 (noch kein Saisonspiel),0.297,0.036,0.000,0.609,0.863,hoch,keine Spiele 2026,68
00-0041354,Jacob Thomas,MIN,MIA,DB,DB,3.000,2026-10-04 22:05:00+02:00,2026_04_MIA_MIN,10.000,24.250,0.359,0.225,3,1.000,1.034,0.497,0.092,0.025,0.990,,,0.667,,0.010,0.130,False,,False,,,0.600,fehlt (0.6 angenommen),0.282,0.088,0.000,1.448,0.883,hoch,,68
00-0041358,Bryson Eason,KC,LV,DL,DL,2.000,2026-10-04 22:25:00+02:00,2026_04_KC_LV,4.500,26.000,0.288,0.385,1,1.000,1.087,0.335,0.010,0.025,0.990,,,0.000,,0.100,,False,,False,,,0.600,fehlt (0.6 angenommen),0.146,0.010,0.000,0.334,0.952,hoch,,68
00-0041363,James Thompson Jr.,SF,DEN,DL,DL,,2026-10-04 22:25:00+02:00,2026_04_DEN_SF,3.000,25.750,0.410,0.323,2,1.000,0.961,0.398,0.008,0.025,0.990,,Ankle,0.500,,0.360,0.340,False,,False,,,0.600,fehlt (0.6 angenommen),0.140,0.008,0.000,0.337,0.956,hoch,,68
00-0041367,Cam Robertson,ARI,NYG,LB,LB,,2026-10-04 19:00:00+02:00,2026_04_ARI_NYG,2.500,23.000,0.750,0.750,0,1.000,0.942,0.644,0.036,0.038,0.990,,,,,,,False,,False,,,0.000,0 (noch kein Saisonspiel),0.218,0.036,0.000,0.427,0.915,hoch,keine Spiele 2026,68
00-0041370,Wydett Williams Jr.,ARI,NYG,DB,DB,2.000,2026-10-04 19:00:00+02:00,2026_04_ARI_NYG,2.500,23.000,0.747,0.862,2,1.000,1.012,0.631,0.073,0.025,0.990,,,0.500,,0.220,0.060,False,,False,,,0.600,fehlt (0.6 angenommen),0.266,0.070,0.000,0.583,0.890,hoch,,68
00-0041381,Rodney Shelley,LAC,SEA,DB,DB,2.000,2026-10-04 22:25:00+02:00,2026_04_LAC_SEA,-7.000,17.750,1.135,0.615,2,1.000,0.981,1.156,0.090,0.025,0.990,,,2.000,,0.170,0.030,False,,False,,,0.600,fehlt (0.6 angenommen),0.304,0.086,0.000,1.610,0.873,hoch,,68
00-0041382,Avery Smith,SEA,LAC,DB,DB,4.000,2026-10-04 22:25:00+02:00,2026_04_LAC_SEA,7.000,24.750,0.334,0.112,1,1.000,1.100,0.578,0.113,0.026,0.990,,,1.000,,0.000,,False,,False,,,0.600,fehlt (0.6 angenommen),0.337,0.107,0.000,1.706,0.857,hoch,,68
00-0041391,Davison Igbinosun,BUF,NE,DB,DB,2.000,2026-10-04 19:00:00+02:00,2026_04_NE_BUF,7.000,28.250,2.939,1.682,3,1.000,0.997,3.125,0.099,0.025,0.990,,,4.333,,0.430,0.195,False,,False,,,0.600,fehlt (0.6 angenommen),0.563,0.095,0.000,1.835,0.654,hoch,,68
00-0041395,Eli Raridon,NE,BUF,TE,TE,2.000,2026-10-04 19:00:00+02:00,2026_04_NE_BUF,-7.000,21.250,1.969,1.138,2,0.986,0.850,1.650,0.000,0.000,0.750,Questionable,Thigh,4.600,2.420,0.200,0.540,True,2.180,False,,,0.600,fehlt (0.6 angenommen),0.370,0.000,0.000,0.968,0.662,hoch,Questionable (Thigh); Rolle↓,7
00-0041399,CJ Daniels,LA,PHI,WR,WR,6.000,2026-10-04 19:00:00+02:00,2026_04_LA_PHI,3.500,23.000,0.600,0.600,0,0.967,0.979,0.568,0.000,0.000,0.990,,,,,,,False,,False,,,0.000,0 (noch kein Saisonspiel),0.337,0.000,0.000,0.752,0.712,hoch,keine Spiele 2026,25
00-0041404,Wesley Bailey,LA,PHI,LB,LB,2.000,2026-10-04 19:00:00+02:00,2026_04_LA_PHI,3.500,23.000,1.792,1.600,2,1.000,0.995,1.798,0.038,0.036,0.990,,,2.250,,0.190,0.330,True,,False,,,0.600,fehlt (0.6 angenommen),0.360,0.037,0.000,0.770,0.810,hoch,Rolle↓,68
00-0041410,Jaden Keller,NYJ,CHI,LB,LB,3.000,2026-10-04 19:00:00+02:00,2026_04_NYJ_CHI,-3.500,20.000,1.500,1.500,0,1.000,1.028,1.544,0.043,0.038,0.990,,,,,,,False,,False,Gegner ohne QB1 (INT-Rate ×1.3),,0.000,0 (noch kein Saisonspiel),0.313,0.042,0.000,0.646,0.857,hoch,keine Spiele 2026; Gegner ohne QB1 (INT-Rate ×1.3),68
00-0041415,Dean Connors,LA,PHI,RB,RB,2.000,2026-10-04 19:00:00+02:00,2026_04_LA_PHI,3.500,23.000,0.450,0.600,1,0.967,0.987,0.430,0.000,0.000,0.990,,,0.000,,0.000,,False,,False,,,0.600,fehlt (0.6 angenommen),0.404,0.000,0.000,1.005,0.632,hoch,,12
00-0041421,Darryl Peterson III,LA,PHI,LB,LB,3.000,2026-10-04 19:00:00+02:00,2026_04_LA_PHI,3.500,23.000,1.500,1.500,0,1.000,0.995,1.510,0.045,0.038,0.990,,,,,,,False,,False,,,0.000,0 (noch kein Saisonspiel),0.313,0.044,0.000,0.631,0.856,hoch,keine Spiele 2026,68
00-0041436,DJ Herman,MIA,MIN,RB,RB,1.000,2026-10-04 22:05:00+02:00,2026_04_MIA_MIN,-10.000,14.250,2.698,4.292,3,0.895,0.884,2.134,0.000,0.000,0.990,,,0.600,1.350,0.370,0.280,False,-0.750,False,,,0.600,fehlt (0.6 angenommen),0.719,0.000,0.000,1.465,0.398,mittel,,12
00-0041438,Carnell Tate,TEN,BAL,WR,WR,1.000,2026-10-04 19:00:00+02:00,2026_04_TEN_BAL,-11.500,15.500,5.962,6.500,3,0.921,1.070,5.873,0.000,0.000,0.990,,,4.100,6.103,0.880,0.815,False,-2.003,False,,,0.600,fehlt (0.6 angenommen),1.535,0.000,0.311,3.110,0.170,tief,,25
00-0041441,Derrick Moore,DET,CAR,LB,LB,2.000,2026-10-05 02:20:00+02:00,2026_04_DET_CAR,3.500,27.500,0.645,1.169,3,1.000,0.913,0.589,0.007,0.024,0.990,,,0.000,0.000,0.140,0.215,False,,False,,,0.600,fehlt (0.6 angenommen),0.160,0.007,0.000,0.367,0.947,hoch,,68
00-0041442,Jimmy Rolder,DET,CAR,LB,LB,2.000,2026-10-05 02:20:00+02:00,2026_04_DET_CAR,3.500,27.500,0.450,0.600,1,1.000,0.913,0.410,0.039,0.037,0.990,,,0.000,,0.000,,False,,False,,,0.600,fehlt (0.6 angenommen),0.218,0.039,0.000,0.422,0.916,hoch,,68
00-0041443,Skyler Bell,BUF,NE,WR,WR,6.000,2026-10-04 19:00:00+02:00,2026_04_NE_BUF,7.000,28.250,0.600,0.600,0,1.019,0.996,0.609,0.000,0.000,0.990,,,,,,,False,,False,,,0.000,0 (noch kein Saisonspiel),0.332,0.000,0.000,0.751,0.722,hoch,keine Spiele 2026,25
00-0041444,Kaleb Elarms-Orr,BUF,NE,LB,LB,2.000,2026-10-04 19:00:00+02:00,2026_04_NE_BUF,7.000,28.250,0.648,0.841,3,1.000,1.110,0.803,0.043,0.035,0.990,,,0.333,,0.130,0.140,False,,False,,,0.600,fehlt (0.6 angenommen),0.213,0.042,0.000,0.417,0.917,hoch,,68
00-0041445,Keith Abney II,DET,CAR,DB,DB,2.000,2026-10-05 02:20:00+02:00,2026_04_DET_CAR,3.500,27.500,2.542,1.723,1,1.000,0.986,2.503,0.092,0.026,0.990,,,5.000,,0.280,,False,,False,,,0.600,fehlt (0.6 angenommen),0.476,0.088,0.000,1.739,0.745,hoch,,68
00-0041447,Skyler Gill-Howard,DET,CAR,DL,DL,3.000,2026-10-05 02:20:00+02:00,2026_04_DET_CAR,3.500,27.500,0.639,0.529,3,1.000,0.991,0.633,0.007,0.024,0.990,,,0.750,,0.020,0.420,True,,False,,,0.600,fehlt (0.6 angenommen),0.171,0.007,0.000,0.404,0.935,hoch,Rolle↓,68
00-0041449,Aiden Fisher,HOU,DAL,LB,LB,1.000,2026-10-04 19:00:00+02:00,2026_04_DAL_HOU,3.000,25.750,1.038,1.050,1,1.000,1.014,1.016,0.036,0.037,0.990,,,1.000,,0.000,,False,,False,,,0.600,fehlt (0.6 angenommen),0.244,0.035,0.000,0.486,0.903,hoch,,68
00-0041455,Erick Hunter,NE,BUF,LB,LB,2.000,2026-10-04 19:00:00+02:00,2026_04_NE_BUF,-7.000,21.250,1.208,0.600,2,1.000,1.014,1.204,0.035,0.036,0.990,,,2.000,,0.050,0.000,False,,False,,,0.600,fehlt (0.6 angenommen),0.261,0.034,0.000,0.510,0.897,hoch,,68
00-0041459,Eric O'Neill,DET,CAR,DL,DL,3.000,2026-10-05 02:20:00+02:00,2026_04_DET_CAR,3.500,27.500,0.665,0.180,3,1.000,0.991,0.659,0.007,0.024,0.990,,,1.333,,0.020,0.020,False,,False,,,0.600,fehlt (0.6 angenommen),0.172,0.007,0.000,0.405,0.935,hoch,,68
00-0041462,Colton Hood,NYG,ARI,DB,DB,2.000,2026-10-04 19:00:00+02:00,2026_04_ARI_NYG,-2.500,20.500,5.454,4.000,2,1.000,0.955,5.108,0.075,0.025,0.990,,,2.500,,0.950,1.000,False,,False,,,0.600,fehlt (0.6 angenommen),0.961,0.073,0.084,2.210,0.357,mittel,,68
00-0041464,Tacario Davis,CIN,JAX,DB,DB,1.000,2026-10-04 19:00:00+02:00,2026_04_JAX_CIN,2.500,27.000,2.646,2.031,3,1.000,1.036,2.739,0.080,0.025,0.990,,,2.833,,0.440,0.110,False,,False,,,0.600,fehlt (0.6 angenommen),0.514,0.076,0.000,1.232,0.678,hoch,,68
00-0041465,Wade Woodaz,HOU,DAL,LB,LB,2.000,2026-10-04 19:00:00+02:00,2026_04_DAL_HOU,3.000,25.750,0.670,0.738,2,1.000,1.014,0.646,0.033,0.036,0.990,,,0.500,,0.240,0.000,False,,False,,,0.600,fehlt (0.6 angenommen),0.210,0.033,0.000,0.410,0.919,hoch,,68
00-0041466,Kamari Ramsey,HOU,DAL,DB,DB,2.000,2026-10-04 19:00:00+02:00,2026_04_DAL_HOU,3.000,25.750,0.450,0.600,1,1.000,1.013,0.370,0.084,0.026,0.990,,,0.000,,0.000,,False,,False,,,0.600,fehlt (0.6 angenommen),0.288,0.080,0.000,1.333,0.883,hoch,,68
00-0041470,Brandon Cisse,GB,TB,DB,DB,1.000,2026-10-04 19:00:00+02:00,2026_04_GB_TB,3.000,20.750,5.985,6.000,3,1.000,1.065,6.671,0.110,0.025,0.990,,,4.250,,0.990,0.875,False,,False,Gegner ohne QB1 (INT-Rate ×1.3),,0.600,fehlt (0.6 angenommen),1.216,0.104,0.156,2.695,0.277,mittel,Gegner ohne QB1 (INT-Rate ×1.3),68
00-0041472,Marlin Klein,HOU,DAL,TE,TE,3.000,2026-10-04 19:00:00+02:00,2026_04_DAL_HOU,3.000,25.750,0.350,0.169,2,1.074,1.041,0.391,0.000,0.000,0.990,,,0.800,0.665,0.110,0.110,False,0.135,False,,,0.600,fehlt (0.6 angenommen),0.280,0.000,0.000,0.704,0.779,hoch,,7
00-0041478,Lee Hunter,CAR,DET,DL,DL,1.000,2026-10-05 02:20:00+02:00,2026_04_DET_CAR,-3.500,24.000,1.978,2.400,3,1.000,0.922,1.804,0.005,0.024,0.750,Questionable,Foot,1.667,0.000,0.430,0.370,False,,False,,,0.600,fehlt (0.6 angenommen),0.257,0.005,0.000,0.718,0.823,hoch,Questionable (Foot),68
00-0041479,Anthony Hill Jr.,TEN,BAL,LB,LB,1.000,2026-10-04 19:00:00+02:00,2026_04_TEN_BAL,-11.500,15.500,6.378,7.000,3,1.000,0.978,6.196,0.030,0.035,0.990,,,5.667,,1.000,1.000,False,,False,,,0.600,fehlt (0.6 angenommen),1.075,0.030,0.089,2.442,0.331,mittel,,68
00-0041494,Zion Young,BAL,TEN,LB,LB,2.000,2026-10-04 19:00:00+02:00,2026_04_TEN_BAL,11.500,27.000,1.507,1.867,3,1.000,1.036,1.493,0.027,0.035,0.990,,,1.000,0.000,0.350,0.280,False,,False,,,0.600,fehlt (0.6 angenommen),0.282,0.027,0.000,0.597,0.868,hoch,,68
00-0041495,Jake Golday,MIN,MIA,LB,LB,2.000,2026-10-04 22:05:00+02:00,2026_04_MIA_MIN,10.000,24.250,0.632,0.600,3,1.000,0.935,0.645,0.040,0.035,0.990,,,0.667,,0.030,0.000,False,,False,,,0.600,fehlt (0.6 angenommen),0.214,0.039,0.000,0.419,0.915,hoch,,68
00-0041497,Jadon Canady,KC,LV,DB,DB,2.000,2026-10-04 22:25:00+02:00,2026_04_KC_LV,4.500,26.000,0.375,0.600,2,1.000,1.051,0.627,0.109,0.025,0.990,,,0.000,,0.000,0.000,False,,False,,,0.600,fehlt (0.6 angenommen),0.322,0.103,0.000,1.692,0.864,hoch,,68
00-0041501,R Mason Thomas,KC,LV,DL,DL,2.000,2026-10-04 22:25:00+02:00,2026_04_KC_LV,4.500,26.000,1.832,1.936,3,1.000,1.087,2.010,0.008,0.024,0.990,,,2.167,,0.560,0.475,False,,False,,,0.600,fehlt (0.6 angenommen),0.385,0.008,0.000,0.951,0.730,hoch,,68
00-0041502,Josiah Trotter,TB,GB,LB,LB,1.000,2026-10-04 19:00:00+02:00,2026_04_GB_TB,-3.000,17.750,8.574,7.000,2,1.000,1.022,8.617,0.093,0.036,0.990,,,21.500,,0.830,0.910,False,,False,,,0.600,fehlt (0.6 angenommen),1.629,0.089,0.196,3.529,0.211,mittel,,68
00-0041503,Nate Boerkircher,JAX,CIN,TE,TE,2.000,2026-10-04 19:00:00+02:00,2026_04_JAX_CIN,-2.500,24.500,1.108,1.549,3,1.020,1.150,1.300,0.000,0.000,0.990,,,0.300,0.813,0.450,0.530,False,-0.513,False,,,0.600,fehlt (0.6 angenommen),0.432,0.000,0.000,0.956,0.609,hoch,,7
00-0041508,Keldric Faulk,TEN,BAL,LB,LB,2.000,2026-10-04 19:00:00+02:00,2026_04_TEN_BAL,-11.500,15.500,3.155,1.887,3,1.000,0.978,3.077,0.006,0.024,0.990,,,3.833,,0.380,0.270,False,,False,,,0.600,fehlt (0.6 angenommen),0.532,0.006,0.000,1.202,0.597,hoch,,68
00-0041509,Arvell Reese,NYG,ARI,LB,LB,1.000,2026-10-04 19:00:00+02:00,2026_04_ARI_NYG,-2.500,20.500,7.047,7.000,3,1.000,1.018,7.133,0.030,0.035,0.990,,,8.500,,1.000,0.975,False,,False,,,0.600,fehlt (0.6 angenommen),1.327,0.030,0.154,2.918,0.266,mittel,,68
00-0041510,Max Klare,LA,PHI,TE,TE,4.000,2026-10-04 19:00:00+02:00,2026_04_LA_PHI,3.500,23.000,0.500,0.500,0,0.967,0.850,0.411,0.000,0.000,0.990,,,,,,,False,,False,,,0.000,0 (noch kein Saisonspiel),0.280,0.000,0.000,0.694,0.775,hoch,keine Spiele 2026,7
00-0041518,Bryce Boettcher,IND,WAS,LB,LB,1.000,2026-10-04 15:30:00+02:00,2026_04_IND_WAS,4.500,25.500,2.351,3.303,3,1.000,1.056,2.504,0.036,0.035,0.990,,,1.333,,0.300,0.310,False,,False,Gegner ohne QB1 (INT-Rate ×1.3),,0.600,fehlt (0.6 angenommen),0.465,0.036,0.000,1.039,0.692,hoch,Gegner ohne QB1 (INT-Rate ×1.3),68
00-0041522,Jacob Rodriguez,MIA,MIN,LB,LB,1.000,2026-10-04 22:05:00+02:00,2026_04_MIA_MIN,-10.000,14.250,7.615,7.000,3,1.000,1.022,8.019,0.125,0.035,0.990,,,10.833,,1.000,0.960,False,,False,,,0.600,fehlt (0.6 angenommen),1.417,0.117,0.149,3.106,0.252,mittel,,68
00-0041523,Caleb Douglas,MIA,MIN,WR,WR,2.000,2026-10-04 22:05:00+02:00,2026_04_MIA_MIN,-10.000,14.250,4.593,4.500,2,0.895,0.953,3.918,0.000,0.000,0.000,Out,Ankle,5.650,4.550,0.860,0.910,True,1.100,False,,,0.600,fehlt (0.6 angenommen),0.000,0.000,0.000,0.000,1.000,hoch,Out (Ankle); Rolle↓,25
00-0041524,Will Kacmarek,MIA,MIN,TE,TE,2.000,2026-10-04 22:05:00+02:00,2026_04_MIA_MIN,-10.000,14.250,0.751,1.159,3,0.895,0.883,0.593,0.000,0.000,0.990,,,0.133,0.635,0.410,0.360,False,-0.502,False,,,0.600,fehlt (0.6 angenommen),0.294,0.000,0.000,0.694,0.767,hoch,,7
00-0041525,Chris Bell,MIA,MIN,WR,WR,3.000,2026-10-04 22:05:00+02:00,2026_04_MIA_MIN,-10.000,14.250,2.985,2.103,3,0.895,0.953,2.546,0.000,0.000,0.990,,,3.067,4.170,0.710,0.465,False,-1.103,False,,,0.600,fehlt (0.6 angenommen),0.765,0.000,0.052,1.524,0.365,mittel,,25
00-0041528,Michael Taaffe,MIA,MIN,DB,DB,1.000,2026-10-04 22:05:00+02:00,2026_04_MIA_MIN,-10.000,14.250,6.216,6.000,3,1.000,1.006,6.598,0.181,0.025,0.990,,,6.833,,1.000,0.800,False,,False,,,0.600,fehlt (0.6 angenommen),1.157,0.166,0.100,2.705,0.330,mittel,,68
00-0041529,Kevin Coleman Jr.,MIA,MIN,WR,WR,2.000,2026-10-04 22:05:00+02:00,2026_04_MIA_MIN,-10.000,14.250,2.348,3.162,3,0.895,0.953,2.003,0.000,0.000,0.990,,,0.100,2.280,0.620,0.375,False,-2.180,False,,,0.600,fehlt (0.6 angenommen),0.638,0.000,0.023,1.273,0.442,hoch,,25
00-0041533,Chris Johnson,MIA,MIN,DB,DB,1.000,2026-10-04 22:05:00+02:00,2026_04_MIA_MIN,-10.000,14.250,6.298,6.000,3,1.000,1.006,6.522,0.099,0.025,0.990,,,7.000,,1.000,0.905,False,,False,,,0.600,fehlt (0.6 angenommen),1.139,0.094,0.118,2.588,0.299,mittel,,68
00-0041537,Malachi Lawrence,DAL,HOU,LB,LB,2.000,2026-10-04 19:00:00+02:00,2026_04_DAL_HOU,-3.000,22.750,1.720,2.092,3,1.000,0.928,1.507,0.025,0.035,0.990,,,1.333,,0.270,0.375,True,,False,,,0.600,fehlt (0.6 angenommen),0.300,0.025,0.000,0.621,0.853,hoch,Rolle↓,68
00-0041538,Dillon Thieneman,CHI,NYJ,DB,DB,1.000,2026-10-04 19:00:00+02:00,2026_04_NYJ_CHI,3.500,23.500,6.932,6.000,3,1.000,1.047,7.032,0.124,0.025,0.990,,,10.833,,1.000,1.000,False,,False,,,0.600,fehlt (0.6 angenommen),1.295,0.116,0.153,2.859,0.254,mittel,,68
00-0041543,Mansoor Delane,KC,LV,DB,DB,1.000,2026-10-04 22:25:00+02:00,2026_04_KC_LV,4.500,26.000,6.731,4.846,2,1.000,1.051,7.500,0.200,0.025,0.990,,,12.500,,0.990,0.060,False,,False,,,0.600,fehlt (0.6 angenommen),1.390,0.181,0.162,3.053,0.253,mittel,,68
00-0041544,Akheem Mesidor,LAC,SEA,LB,LB,2.000,2026-10-04 22:25:00+02:00,2026_04_LAC_SEA,-7.000,17.750,3.366,3.056,3,1.000,1.121,3.789,0.036,0.035,0.990,,,3.250,,0.530,0.480,False,,False,,,0.600,fehlt (0.6 angenommen),0.655,0.035,0.000,1.534,0.530,hoch,,68
00-0041545,Peter Woods,KC,LV,DL,DL,2.000,2026-10-04 22:25:00+02:00,2026_04_KC_LV,4.500,26.000,1.974,2.500,3,1.000,1.087,2.164,0.008,0.024,0.990,,,1.500,,,,False,,False,,,0.600,fehlt (0.6 angenommen),0.418,0.008,0.000,1.018,0.705,hoch,,68
00-0041546,Cashius Howell,CIN,JAX,DL,DL,2.000,2026-10-04 19:00:00+02:00,2026_04_JAX_CIN,2.500,27.000,1.138,1.731,3,1.000,1.006,1.145,0.007,0.024,0.990,,,0.333,0.000,0.400,0.475,False,,False,,,0.600,fehlt (0.6 angenommen),0.234,0.007,0.000,0.553,0.877,hoch,,68
00-0041549,Darrell Jackson Jr.,NYJ,CHI,DL,DL,2.000,2026-10-04 19:00:00+02:00,2026_04_NYJ_CHI,-3.500,20.000,0.663,0.936,3,1.000,0.881,0.584,0.007,0.024,0.990,,,0.333,,0.350,0.190,False,,False,Gegner ohne QB1 (INT-Rate ×1.3),,0.600,fehlt (0.6 angenommen),0.165,0.007,0.000,0.390,0.942,hoch,Gegner ohne QB1 (INT-Rate ×1.3),68
00-0041550,Brenen Thompson,LAC,SEA,WR,WR,2.000,2026-10-04 22:25:00+02:00,2026_04_LAC_SEA,-7.000,17.750,1.234,1.246,2,0.831,0.882,0.905,0.000,0.000,0.000,Out,Quadricep,0.650,1.535,0.180,0.180,False,-0.885,False,,,0.600,fehlt (0.6 angenommen),0.000,0.000,0.000,0.000,1.000,hoch,Out (Quadricep),25
00-0041552,Tyler Onyedim,DEN,SF,DL,DL,3.000,2026-10-04 22:25:00+02:00,2026_04_DEN_SF,-3.000,22.750,1.200,1.200,0,1.000,0.850,1.021,0.008,0.026,0.990,,,,,,,False,,False,,,0.000,0 (noch kein Saisonspiel),0.228,0.008,0.000,0.529,0.888,hoch,keine Spiele 2026,68
00-0041556,Romello Height,SF,DEN,DL,DL,2.000,2026-10-04 22:25:00+02:00,2026_04_DEN_SF,3.000,25.750,1.967,1.981,2,1.000,0.961,1.894,0.008,0.025,0.990,,,1.750,0.000,0.540,0.490,False,,False,,,0.600,fehlt (0.6 angenommen),0.368,0.008,0.000,0.889,0.748,hoch,,68
00-0041557,Gracen Halton,SF,DEN,DL,DL,1.000,2026-10-04 22:25:00+02:00,2026_04_DEN_SF,3.000,25.750,3.833,2.851,3,1.000,0.961,3.687,0.007,0.024,0.990,,,4.500,0.000,0.340,0.525,True,,False,,,0.600,fehlt (0.6 angenommen),0.699,0.007,0.000,1.848,0.552,hoch,Rolle↓,68
00-0041558,Sam Roush,CHI,NYJ,TE,TE,3.000,2026-10-04 19:00:00+02:00,2026_04_NYJ_CHI,3.500,23.500,0.746,0.333,3,1.002,0.953,0.627,0.000,0.000,0.990,,,0.833,1.513,0.220,0.215,False,-0.680,True,QB1 Caleb Williams fehlt (×0.88),,0.600,fehlt (0.6 angenommen),0.305,0.000,0.000,0.742,0.746,hoch,QB-Wechsel; QB1 Caleb Williams fehlt (×0.88),7
00-0041561,Carson Beck,ARI,NYG,QB,QB,3.000,2026-10-04 19:00:00+02:00,2026_04_ARI_NYG,2.500,23.000,2.000,2.000,0,1.102,1.040,2.291,0.000,0.000,0.990,,,,,,,False,,False,,,0.000,0 (noch kein Saisonspiel),0.028,0.000,0.000,0.000,0.982,hoch,keine Spiele 2026,6
00-0041562,Fernando Mendoza,LV,KC,QB,QB,2.000,2026-10-04 22:25:00+02:00,2026_04_KC_LV,-4.500,21.500,4.000,4.000,0,1.041,0.889,3.703,0.000,0.000,0.990,,,,,,,False,,False,,,0.000,0 (noch kein Saisonspiel),0.087,0.000,0.000,0.338,0.928,hoch,keine Spiele 2026,6
00-0041563,Jermod McCoy,LV,KC,DB,DB,2.000,2026-10-04 22:25:00+02:00,2026_04_KC_LV,-4.500,21.500,1.450,1.600,1,1.000,0.925,1.338,0.092,0.026,0.990,,,1.000,,0.260,,False,,False,,,0.600,fehlt (0.6 angenommen),0.314,0.088,0.000,1.628,0.872,hoch,,68
00-0041568,Ty Simpson,LA,PHI,QB,QB,3.000,2026-10-04 19:00:00+02:00,2026_04_LA_PHI,3.500,23.000,2.000,2.000,0,0.963,1.012,1.948,0.000,0.000,0.990,,,,,,,False,,False,,,0.000,0 (noch kein Saisonspiel),0.021,0.000,0.000,0.000,0.985,hoch,keine Spiele 2026,6
00-0041569,Gabe Jacas,NE,BUF,LB,LB,2.000,2026-10-04 19:00:00+02:00,2026_04_NE_BUF,-7.000,21.250,6.278,3.836,3,1.000,1.014,6.307,0.095,0.035,0.990,,,9.417,,0.790,0.540,False,,False,,,0.600,fehlt (0.6 angenommen),1.143,0.091,0.065,2.676,0.332,mittel,,68
00-0041579,Seydou Traore,MIA,MIN,TE,TE,3.000,2026-10-04 22:05:00+02:00,2026_04_MIA_MIN,-10.000,14.250,1.000,1.000,0,0.895,0.883,0.790,0.000,0.000,0.990,,,,,,,False,,False,,,0.000,0 (noch kein Saisonspiel),0.322,0.000,0.000,0.757,0.730,hoch,keine Spiele 2026,7
00-0041581,Brett Thorson,MIN,MIA,P,P,1.000,2026-10-04 22:05:00+02:00,2026_04_MIA_MIN,10.000,24.250,17.924,16.750,2,0.946,0.955,16.197,0.000,0.000,0.000,Out,Hamstring,22.900,,,,False,,False,,,0.600,fehlt (0.6 angenommen),0.000,0.000,0.000,0.000,1.000,hoch,Out (Hamstring),4
